[0.000000] (-) TimerEvent: {}
[0.001044] (apriltag) JobQueued: {'identifier': 'apriltag', 'dependencies': OrderedDict()}
[0.001441] (aquas_apriltag_bringup) JobQueued: {'identifier': 'aquas_apriltag_bringup', 'dependencies': OrderedDict()}
[0.001631] (aquas_camera_bringup) JobQueued: {'identifier': 'aquas_camera_bringup', 'dependencies': OrderedDict()}
[0.001735] (aquas_dock_align) JobQueued: {'identifier': 'aquas_dock_align', 'dependencies': OrderedDict()}
[0.001828] (camera_calibration_parsers) JobQueued: {'identifier': 'camera_calibration_parsers', 'dependencies': OrderedDict()}
[0.001922] (camera_info_manager_py) JobQueued: {'identifier': 'camera_info_manager_py', 'dependencies': OrderedDict()}
[0.002014] (image_transport) JobQueued: {'identifier': 'image_transport', 'dependencies': OrderedDict()}
[0.002104] (apriltag_ros) JobQueued: {'identifier': 'apriltag_ros', 'dependencies': OrderedDict([('apriltag', '/home/xavier/Developer/aquas-ROS-apriltags/install/apriltag'), ('image_transport', '/home/xavier/Developer/aquas-ROS-apriltags/install/image_transport')])}
[0.002212] (camera_info_manager) JobQueued: {'identifier': 'camera_info_manager', 'dependencies': OrderedDict([('camera_calibration_parsers', '/home/xavier/Developer/aquas-ROS-apriltags/install/camera_calibration_parsers')])}
[0.002310] (image_common) JobQueued: {'identifier': 'image_common', 'dependencies': OrderedDict([('camera_calibration_parsers', '/home/xavier/Developer/aquas-ROS-apriltags/install/camera_calibration_parsers'), ('image_transport', '/home/xavier/Developer/aquas-ROS-apriltags/install/image_transport'), ('camera_info_manager', '/home/xavier/Developer/aquas-ROS-apriltags/install/camera_info_manager')])}
[0.002421] (camera_calibration_parsers) JobStarted: {'identifier': 'camera_calibration_parsers'}
[0.051071] (image_transport) JobStarted: {'identifier': 'image_transport'}
[0.073564] (apriltag) JobStarted: {'identifier': 'apriltag'}
[0.094623] (aquas_apriltag_bringup) JobStarted: {'identifier': 'aquas_apriltag_bringup'}
[0.096898] (-) TimerEvent: {}
[0.139967] (camera_calibration_parsers) JobProgress: {'identifier': 'camera_calibration_parsers', 'progress': 'cmake'}
[0.151536] (camera_calibration_parsers) Command: {'cmd': ['/usr/bin/cmake', '/home/xavier/Developer/aquas-ROS-apriltags/src/image_common/camera_calibration_parsers', '-DCMAKE_INSTALL_PREFIX=/home/xavier/Developer/aquas-ROS-apriltags/install/camera_calibration_parsers'], 'cwd': '/home/xavier/Developer/aquas-ROS-apriltags/build/camera_calibration_parsers', 'env': OrderedDict([('LESSOPEN', '| /usr/bin/lesspipe %s'), ('USER', 'xavier'), ('SSH_CLIENT', '10.207.118.216 33162 22'), ('XDG_SESSION_TYPE', 'tty'), ('SHLVL', '1'), ('LD_LIBRARY_PATH', '/opt/ros/humble/opt/rviz_ogre_vendor/lib:/opt/ros/humble/lib/aarch64-linux-gnu:/opt/ros/humble/lib'), ('MOTD_SHOWN', 'pam'), ('HOME', '/home/xavier'), ('OLDPWD', '/home/xavier/Developer'), ('SSH_TTY', '/dev/pts/0'), ('ROS_PYTHON_VERSION', '3'), ('DBUS_SESSION_BUS_ADDRESS', 'unix:path=/run/user/1002/bus'), ('ROS_DISTRO', 'humble'), ('LOGNAME', 'xavier'), ('_', '/usr/bin/colcon'), ('ROS_VERSION', '2'), ('XDG_SESSION_CLASS', 'user'), ('TERM', 'xterm-kitty'), ('XDG_SESSION_ID', '10'), ('ROS_LOCALHOST_ONLY', '0'), ('PATH', '/opt/ros/humble/bin:/usr/local/sbin:/usr/local/bin:/usr/sbin:/usr/bin:/sbin:/bin:/usr/games:/usr/local/games:/snap/bin'), ('XDG_RUNTIME_DIR', '/run/user/1002'), ('LANG', 'en_US.UTF-8'), ('LS_COLORS', 'rs=0:di=01;34:ln=01;36:mh=00:pi=40;33:so=01;35:do=01;35:bd=40;33;01:cd=40;33;01:or=40;31;01:mi=00:su=37;41:sg=30;43:ca=30;41:tw=30;42:ow=34;42:st=37;44:ex=01;32:*.tar=01;31:*.tgz=01;31:*.arc=01;31:*.arj=01;31:*.taz=01;31:*.lha=01;31:*.lz4=01;31:*.lzh=01;31:*.lzma=01;31:*.tlz=01;31:*.txz=01;31:*.tzo=01;31:*.t7z=01;31:*.zip=01;31:*.z=01;31:*.dz=01;31:*.gz=01;31:*.lrz=01;31:*.lz=01;31:*.lzo=01;31:*.xz=01;31:*.zst=01;31:*.tzst=01;31:*.bz2=01;31:*.bz=01;31:*.tbz=01;31:*.tbz2=01;31:*.tz=01;31:*.deb=01;31:*.rpm=01;31:*.jar=01;31:*.war=01;31:*.ear=01;31:*.sar=01;31:*.rar=01;31:*.alz=01;31:*.ace=01;31:*.zoo=01;31:*.cpio=01;31:*.7z=01;31:*.rz=01;31:*.cab=01;31:*.wim=01;31:*.swm=01;31:*.dwm=01;31:*.esd=01;31:*.jpg=01;35:*.jpeg=01;35:*.mjpg=01;35:*.mjpeg=01;35:*.gif=01;35:*.bmp=01;35:*.pbm=01;35:*.pgm=01;35:*.ppm=01;35:*.tga=01;35:*.xbm=01;35:*.xpm=01;35:*.tif=01;35:*.tiff=01;35:*.png=01;35:*.svg=01;35:*.svgz=01;35:*.mng=01;35:*.pcx=01;35:*.mov=01;35:*.mpg=01;35:*.mpeg=01;35:*.m2v=01;35:*.mkv=01;35:*.webm=01;35:*.webp=01;35:*.ogm=01;35:*.mp4=01;35:*.m4v=01;35:*.mp4v=01;35:*.vob=01;35:*.qt=01;35:*.nuv=01;35:*.wmv=01;35:*.asf=01;35:*.rm=01;35:*.rmvb=01;35:*.flc=01;35:*.avi=01;35:*.fli=01;35:*.flv=01;35:*.gl=01;35:*.dl=01;35:*.xcf=01;35:*.xwd=01;35:*.yuv=01;35:*.cgm=01;35:*.emf=01;35:*.ogv=01;35:*.ogx=01;35:*.aac=00;36:*.au=00;36:*.flac=00;36:*.m4a=00;36:*.mid=00;36:*.midi=00;36:*.mka=00;36:*.mp3=00;36:*.mpc=00;36:*.ogg=00;36:*.ra=00;36:*.wav=00;36:*.oga=00;36:*.opus=00;36:*.spx=00;36:*.xspf=00;36:'), ('ROS_DOMAIN_ID', '101'), ('AMENT_PREFIX_PATH', '/opt/ros/humble'), ('SHELL', '/bin/bash'), ('LESSCLOSE', '/usr/bin/lesspipe %s %s'), ('PWD', '/home/xavier/Developer/aquas-ROS-apriltags/build/camera_calibration_parsers'), ('SSH_CONNECTION', '10.207.118.216 33162 10.207.26.163 22'), ('XDG_DATA_DIRS', '/usr/share/gnome:/usr/local/share:/usr/share:/var/lib/snapd/desktop'), ('PYTHONPATH', '/opt/ros/humble/lib/python3.10/site-packages:/opt/ros/humble/local/lib/python3.10/dist-packages'), ('COLCON', '1'), ('CMAKE_PREFIX_PATH', '/opt/ros/humble')]), 'shell': False}
[0.172108] (image_transport) JobProgress: {'identifier': 'image_transport', 'progress': 'cmake'}
[0.194287] (image_transport) Command: {'cmd': ['/usr/bin/cmake', '/home/xavier/Developer/aquas-ROS-apriltags/src/image_common/image_transport', '-DCMAKE_INSTALL_PREFIX=/home/xavier/Developer/aquas-ROS-apriltags/install/image_transport'], 'cwd': '/home/xavier/Developer/aquas-ROS-apriltags/build/image_transport', 'env': OrderedDict([('LESSOPEN', '| /usr/bin/lesspipe %s'), ('USER', 'xavier'), ('SSH_CLIENT', '10.207.118.216 33162 22'), ('XDG_SESSION_TYPE', 'tty'), ('SHLVL', '1'), ('LD_LIBRARY_PATH', '/opt/ros/humble/opt/rviz_ogre_vendor/lib:/opt/ros/humble/lib/aarch64-linux-gnu:/opt/ros/humble/lib'), ('MOTD_SHOWN', 'pam'), ('HOME', '/home/xavier'), ('OLDPWD', '/home/xavier/Developer'), ('SSH_TTY', '/dev/pts/0'), ('ROS_PYTHON_VERSION', '3'), ('DBUS_SESSION_BUS_ADDRESS', 'unix:path=/run/user/1002/bus'), ('ROS_DISTRO', 'humble'), ('LOGNAME', 'xavier'), ('_', '/usr/bin/colcon'), ('ROS_VERSION', '2'), ('XDG_SESSION_CLASS', 'user'), ('TERM', 'xterm-kitty'), ('XDG_SESSION_ID', '10'), ('ROS_LOCALHOST_ONLY', '0'), ('PATH', '/opt/ros/humble/bin:/usr/local/sbin:/usr/local/bin:/usr/sbin:/usr/bin:/sbin:/bin:/usr/games:/usr/local/games:/snap/bin'), ('XDG_RUNTIME_DIR', '/run/user/1002'), ('LANG', 'en_US.UTF-8'), ('LS_COLORS', 'rs=0:di=01;34:ln=01;36:mh=00:pi=40;33:so=01;35:do=01;35:bd=40;33;01:cd=40;33;01:or=40;31;01:mi=00:su=37;41:sg=30;43:ca=30;41:tw=30;42:ow=34;42:st=37;44:ex=01;32:*.tar=01;31:*.tgz=01;31:*.arc=01;31:*.arj=01;31:*.taz=01;31:*.lha=01;31:*.lz4=01;31:*.lzh=01;31:*.lzma=01;31:*.tlz=01;31:*.txz=01;31:*.tzo=01;31:*.t7z=01;31:*.zip=01;31:*.z=01;31:*.dz=01;31:*.gz=01;31:*.lrz=01;31:*.lz=01;31:*.lzo=01;31:*.xz=01;31:*.zst=01;31:*.tzst=01;31:*.bz2=01;31:*.bz=01;31:*.tbz=01;31:*.tbz2=01;31:*.tz=01;31:*.deb=01;31:*.rpm=01;31:*.jar=01;31:*.war=01;31:*.ear=01;31:*.sar=01;31:*.rar=01;31:*.alz=01;31:*.ace=01;31:*.zoo=01;31:*.cpio=01;31:*.7z=01;31:*.rz=01;31:*.cab=01;31:*.wim=01;31:*.swm=01;31:*.dwm=01;31:*.esd=01;31:*.jpg=01;35:*.jpeg=01;35:*.mjpg=01;35:*.mjpeg=01;35:*.gif=01;35:*.bmp=01;35:*.pbm=01;35:*.pgm=01;35:*.ppm=01;35:*.tga=01;35:*.xbm=01;35:*.xpm=01;35:*.tif=01;35:*.tiff=01;35:*.png=01;35:*.svg=01;35:*.svgz=01;35:*.mng=01;35:*.pcx=01;35:*.mov=01;35:*.mpg=01;35:*.mpeg=01;35:*.m2v=01;35:*.mkv=01;35:*.webm=01;35:*.webp=01;35:*.ogm=01;35:*.mp4=01;35:*.m4v=01;35:*.mp4v=01;35:*.vob=01;35:*.qt=01;35:*.nuv=01;35:*.wmv=01;35:*.asf=01;35:*.rm=01;35:*.rmvb=01;35:*.flc=01;35:*.avi=01;35:*.fli=01;35:*.flv=01;35:*.gl=01;35:*.dl=01;35:*.xcf=01;35:*.xwd=01;35:*.yuv=01;35:*.cgm=01;35:*.emf=01;35:*.ogv=01;35:*.ogx=01;35:*.aac=00;36:*.au=00;36:*.flac=00;36:*.m4a=00;36:*.mid=00;36:*.midi=00;36:*.mka=00;36:*.mp3=00;36:*.mpc=00;36:*.ogg=00;36:*.ra=00;36:*.wav=00;36:*.oga=00;36:*.opus=00;36:*.spx=00;36:*.xspf=00;36:'), ('ROS_DOMAIN_ID', '101'), ('AMENT_PREFIX_PATH', '/opt/ros/humble'), ('SHELL', '/bin/bash'), ('LESSCLOSE', '/usr/bin/lesspipe %s %s'), ('PWD', '/home/xavier/Developer/aquas-ROS-apriltags/build/image_transport'), ('SSH_CONNECTION', '10.207.118.216 33162 10.207.26.163 22'), ('XDG_DATA_DIRS', '/usr/share/gnome:/usr/local/share:/usr/share:/var/lib/snapd/desktop'), ('PYTHONPATH', '/opt/ros/humble/lib/python3.10/site-packages:/opt/ros/humble/local/lib/python3.10/dist-packages'), ('COLCON', '1'), ('CMAKE_PREFIX_PATH', '/opt/ros/humble')]), 'shell': False}
[0.209780] (-) TimerEvent: {}
[0.210396] (apriltag) JobProgress: {'identifier': 'apriltag', 'progress': 'cmake'}
[0.227126] (apriltag) JobProgress: {'identifier': 'apriltag', 'progress': 'build'}
[0.227439] (apriltag) Command: {'cmd': ['/usr/bin/cmake', '--build', '/home/xavier/Developer/aquas-ROS-apriltags/build/apriltag', '--', '-j4', '-l4'], 'cwd': '/home/xavier/Developer/aquas-ROS-apriltags/build/apriltag', 'env': OrderedDict([('LESSOPEN', '| /usr/bin/lesspipe %s'), ('USER', 'xavier'), ('SSH_CLIENT', '10.207.118.216 33162 22'), ('XDG_SESSION_TYPE', 'tty'), ('SHLVL', '1'), ('LD_LIBRARY_PATH', '/opt/ros/humble/opt/rviz_ogre_vendor/lib:/opt/ros/humble/lib/aarch64-linux-gnu:/opt/ros/humble/lib'), ('MOTD_SHOWN', 'pam'), ('HOME', '/home/xavier'), ('OLDPWD', '/home/xavier/Developer'), ('SSH_TTY', '/dev/pts/0'), ('ROS_PYTHON_VERSION', '3'), ('DBUS_SESSION_BUS_ADDRESS', 'unix:path=/run/user/1002/bus'), ('ROS_DISTRO', 'humble'), ('LOGNAME', 'xavier'), ('_', '/usr/bin/colcon'), ('ROS_VERSION', '2'), ('XDG_SESSION_CLASS', 'user'), ('TERM', 'xterm-kitty'), ('XDG_SESSION_ID', '10'), ('ROS_LOCALHOST_ONLY', '0'), ('PATH', '/opt/ros/humble/bin:/usr/local/sbin:/usr/local/bin:/usr/sbin:/usr/bin:/sbin:/bin:/usr/games:/usr/local/games:/snap/bin'), ('XDG_RUNTIME_DIR', '/run/user/1002'), ('LANG', 'en_US.UTF-8'), ('LS_COLORS', 'rs=0:di=01;34:ln=01;36:mh=00:pi=40;33:so=01;35:do=01;35:bd=40;33;01:cd=40;33;01:or=40;31;01:mi=00:su=37;41:sg=30;43:ca=30;41:tw=30;42:ow=34;42:st=37;44:ex=01;32:*.tar=01;31:*.tgz=01;31:*.arc=01;31:*.arj=01;31:*.taz=01;31:*.lha=01;31:*.lz4=01;31:*.lzh=01;31:*.lzma=01;31:*.tlz=01;31:*.txz=01;31:*.tzo=01;31:*.t7z=01;31:*.zip=01;31:*.z=01;31:*.dz=01;31:*.gz=01;31:*.lrz=01;31:*.lz=01;31:*.lzo=01;31:*.xz=01;31:*.zst=01;31:*.tzst=01;31:*.bz2=01;31:*.bz=01;31:*.tbz=01;31:*.tbz2=01;31:*.tz=01;31:*.deb=01;31:*.rpm=01;31:*.jar=01;31:*.war=01;31:*.ear=01;31:*.sar=01;31:*.rar=01;31:*.alz=01;31:*.ace=01;31:*.zoo=01;31:*.cpio=01;31:*.7z=01;31:*.rz=01;31:*.cab=01;31:*.wim=01;31:*.swm=01;31:*.dwm=01;31:*.esd=01;31:*.jpg=01;35:*.jpeg=01;35:*.mjpg=01;35:*.mjpeg=01;35:*.gif=01;35:*.bmp=01;35:*.pbm=01;35:*.pgm=01;35:*.ppm=01;35:*.tga=01;35:*.xbm=01;35:*.xpm=01;35:*.tif=01;35:*.tiff=01;35:*.png=01;35:*.svg=01;35:*.svgz=01;35:*.mng=01;35:*.pcx=01;35:*.mov=01;35:*.mpg=01;35:*.mpeg=01;35:*.m2v=01;35:*.mkv=01;35:*.webm=01;35:*.webp=01;35:*.ogm=01;35:*.mp4=01;35:*.m4v=01;35:*.mp4v=01;35:*.vob=01;35:*.qt=01;35:*.nuv=01;35:*.wmv=01;35:*.asf=01;35:*.rm=01;35:*.rmvb=01;35:*.flc=01;35:*.avi=01;35:*.fli=01;35:*.flv=01;35:*.gl=01;35:*.dl=01;35:*.xcf=01;35:*.xwd=01;35:*.yuv=01;35:*.cgm=01;35:*.emf=01;35:*.ogv=01;35:*.ogx=01;35:*.aac=00;36:*.au=00;36:*.flac=00;36:*.m4a=00;36:*.mid=00;36:*.midi=00;36:*.mka=00;36:*.mp3=00;36:*.mpc=00;36:*.ogg=00;36:*.ra=00;36:*.wav=00;36:*.oga=00;36:*.opus=00;36:*.spx=00;36:*.xspf=00;36:'), ('ROS_DOMAIN_ID', '101'), ('AMENT_PREFIX_PATH', '/opt/ros/humble'), ('SHELL', '/bin/bash'), ('LESSCLOSE', '/usr/bin/lesspipe %s %s'), ('PWD', '/home/xavier/Developer/aquas-ROS-apriltags/build/apriltag'), ('SSH_CONNECTION', '10.207.118.216 33162 10.207.26.163 22'), ('XDG_DATA_DIRS', '/usr/share/gnome:/usr/local/share:/usr/share:/var/lib/snapd/desktop'), ('PYTHONPATH', '/opt/ros/humble/lib/python3.10/site-packages:/opt/ros/humble/local/lib/python3.10/dist-packages'), ('COLCON', '1'), ('CMAKE_PREFIX_PATH', '/opt/ros/humble')]), 'shell': False}
[0.309959] (-) TimerEvent: {}
[0.411104] (-) TimerEvent: {}
[0.488346] (image_transport) StdoutLine: {'line': b'-- Found ament_cmake_ros: 0.10.0 (/opt/ros/humble/share/ament_cmake_ros/cmake)\n'}
[0.489544] (camera_calibration_parsers) StdoutLine: {'line': b'-- Found ament_cmake_ros: 0.10.0 (/opt/ros/humble/share/ament_cmake_ros/cmake)\n'}
[0.511298] (-) TimerEvent: {}
[0.612596] (-) TimerEvent: {}
[0.713884] (-) TimerEvent: {}
[0.797882] (apriltag) StdoutLine: {'line': b'[ 79%] Built target apriltag\n'}
[0.814225] (-) TimerEvent: {}
[0.915302] (-) TimerEvent: {}
[0.934554] (apriltag) StdoutLine: {'line': b'[ 81%] \x1b[34m\x1b[1mGenerating apriltag_detect_docstring.h, apriltag_detect_docstring.cxx\x1b[0m\n'}
[1.015616] (-) TimerEvent: {}
[1.049695] (apriltag) StdoutLine: {'line': b'[ 83%] \x1b[34m\x1b[1mGenerating apriltag_py_type_docstring.h, apriltag_py_type_docstring.cxx\x1b[0m\n'}
[1.115832] (-) TimerEvent: {}
[1.155895] (apriltag) StdoutLine: {'line': b'[ 86%] \x1b[34m\x1b[1mGenerating apriltag_estimate_tag_pose_docstring.h, apriltag_estimate_tag_pose_docstring.cxx\x1b[0m\n'}
[1.216095] (-) TimerEvent: {}
[1.317103] (-) TimerEvent: {}
[1.416629] (apriltag) StdoutLine: {'line': b'[ 86%] Built target apriltag_py_docstrings\n'}
[1.417896] (-) TimerEvent: {}
[1.501432] (camera_calibration_parsers) StdoutLine: {'line': b'-- Override CMake install command with custom implementation using symlinks instead of copying resources\n'}
[1.503470] (image_transport) StdoutLine: {'line': b'-- Override CMake install command with custom implementation using symlinks instead of copying resources\n'}
[1.518106] (-) TimerEvent: {}
[1.564265] (apriltag) StdoutLine: {'line': b'[ 88%] \x1b[32mBuilding CXX object CMakeFiles/opencv_demo.dir/example/opencv_demo.cc.o\x1b[0m\n'}
[1.618295] (-) TimerEvent: {}
[1.719099] (-) TimerEvent: {}
[1.745477] (image_transport) StdoutLine: {'line': b'-- Found message_filters: 4.3.11 (/opt/ros/humble/share/message_filters/cmake)\n'}
[1.746308] (camera_calibration_parsers) StdoutLine: {'line': b'-- Found rclcpp: 16.0.17 (/opt/ros/humble/share/rclcpp/cmake)\n'}
[1.819331] (-) TimerEvent: {}
[1.920221] (-) TimerEvent: {}
[2.021147] (-) TimerEvent: {}
[2.122379] (-) TimerEvent: {}
[2.192042] (image_transport) StdoutLine: {'line': b'-- Found rosidl_generator_c: 3.1.8 (/opt/ros/humble/share/rosidl_generator_c/cmake)\n'}
[2.193253] (camera_calibration_parsers) StdoutLine: {'line': b'-- Found rosidl_generator_c: 3.1.8 (/opt/ros/humble/share/rosidl_generator_c/cmake)\n'}
[2.220981] (image_transport) StdoutLine: {'line': b'-- Found rosidl_adapter: 3.1.8 (/opt/ros/humble/share/rosidl_adapter/cmake)\n'}
[2.221909] (camera_calibration_parsers) StdoutLine: {'line': b'-- Found rosidl_adapter: 3.1.8 (/opt/ros/humble/share/rosidl_adapter/cmake)\n'}
[2.222588] (-) TimerEvent: {}
[2.287553] (camera_calibration_parsers) StdoutLine: {'line': b'-- Found rosidl_generator_cpp: 3.1.8 (/opt/ros/humble/share/rosidl_generator_cpp/cmake)\n'}
[2.288401] (image_transport) StdoutLine: {'line': b'-- Found rosidl_generator_cpp: 3.1.8 (/opt/ros/humble/share/rosidl_generator_cpp/cmake)\n'}
[2.322823] (-) TimerEvent: {}
[2.383088] (image_transport) StdoutLine: {'line': b'-- Using all available rosidl_typesupport_c: rosidl_typesupport_fastrtps_c;rosidl_typesupport_introspection_c\n'}
[2.384037] (camera_calibration_parsers) StdoutLine: {'line': b'-- Using all available rosidl_typesupport_c: rosidl_typesupport_fastrtps_c;rosidl_typesupport_introspection_c\n'}
[2.423085] (-) TimerEvent: {}
[2.500114] (camera_calibration_parsers) StdoutLine: {'line': b'-- Using all available rosidl_typesupport_cpp: rosidl_typesupport_fastrtps_cpp;rosidl_typesupport_introspection_cpp\n'}
[2.500970] (image_transport) StdoutLine: {'line': b'-- Using all available rosidl_typesupport_cpp: rosidl_typesupport_fastrtps_cpp;rosidl_typesupport_introspection_cpp\n'}
[2.523285] (-) TimerEvent: {}
[2.624834] (-) TimerEvent: {}
[2.725722] (-) TimerEvent: {}
[2.811155] (camera_calibration_parsers) StdoutLine: {'line': b'-- Found rmw_implementation_cmake: 6.1.2 (/opt/ros/humble/share/rmw_implementation_cmake/cmake)\n'}
[2.811961] (image_transport) StdoutLine: {'line': b'-- Found rmw_implementation_cmake: 6.1.2 (/opt/ros/humble/share/rmw_implementation_cmake/cmake)\n'}
[2.825943] (-) TimerEvent: {}
[2.833759] (image_transport) StdoutLine: {'line': b'-- Found rmw_fastrtps_cpp: 6.2.9 (/opt/ros/humble/share/rmw_fastrtps_cpp/cmake)\n'}
[2.842066] (camera_calibration_parsers) StdoutLine: {'line': b'-- Found rmw_fastrtps_cpp: 6.2.9 (/opt/ros/humble/share/rmw_fastrtps_cpp/cmake)\n'}
[2.926189] (-) TimerEvent: {}
[3.027364] (-) TimerEvent: {}
[3.128366] (-) TimerEvent: {}
[3.229361] (-) TimerEvent: {}
[3.330412] (-) TimerEvent: {}
[3.431340] (-) TimerEvent: {}
[3.532264] (-) TimerEvent: {}
[3.633322] (-) TimerEvent: {}
[3.734417] (-) TimerEvent: {}
[3.835522] (-) TimerEvent: {}
[3.936634] (-) TimerEvent: {}
[4.038626] (-) TimerEvent: {}
[4.140637] (-) TimerEvent: {}
[4.197964] (camera_calibration_parsers) StdoutLine: {'line': b"-- Using RMW implementation 'rmw_fastrtps_cpp' as default\n"}
[4.198929] (image_transport) StdoutLine: {'line': b"-- Using RMW implementation 'rmw_fastrtps_cpp' as default\n"}
[4.240857] (-) TimerEvent: {}
[4.342941] (-) TimerEvent: {}
[4.444087] (-) TimerEvent: {}
[4.545501] (-) TimerEvent: {}
[4.640735] (aquas_apriltag_bringup) Command: {'cmd': ['/usr/bin/python3', '-W', 'ignore:setup.py install is deprecated', '-W', 'ignore:easy_install command is deprecated', 'setup.py', 'develop', '--uninstall', '--editable', '--build-directory', '/home/xavier/Developer/aquas-ROS-apriltags/build/aquas_apriltag_bringup/build'], 'cwd': '/home/xavier/Developer/aquas-ROS-apriltags/build/aquas_apriltag_bringup', 'env': {'LESSOPEN': '| /usr/bin/lesspipe %s', 'USER': 'xavier', 'SSH_CLIENT': '10.207.118.216 33162 22', 'XDG_SESSION_TYPE': 'tty', 'SHLVL': '1', 'LD_LIBRARY_PATH': '/opt/ros/humble/opt/rviz_ogre_vendor/lib:/opt/ros/humble/lib/aarch64-linux-gnu:/opt/ros/humble/lib', 'MOTD_SHOWN': 'pam', 'HOME': '/home/xavier', 'OLDPWD': '/home/xavier/Developer', 'SSH_TTY': '/dev/pts/0', 'ROS_PYTHON_VERSION': '3', 'DBUS_SESSION_BUS_ADDRESS': 'unix:path=/run/user/1002/bus', 'ROS_DISTRO': 'humble', 'LOGNAME': 'xavier', '_': '/usr/bin/colcon', 'ROS_VERSION': '2', 'XDG_SESSION_CLASS': 'user', 'TERM': 'xterm-kitty', 'XDG_SESSION_ID': '10', 'ROS_LOCALHOST_ONLY': '0', 'PATH': '/opt/ros/humble/bin:/usr/local/sbin:/usr/local/bin:/usr/sbin:/usr/bin:/sbin:/bin:/usr/games:/usr/local/games:/snap/bin', 'XDG_RUNTIME_DIR': '/run/user/1002', 'LANG': 'en_US.UTF-8', 'LS_COLORS': 'rs=0:di=01;34:ln=01;36:mh=00:pi=40;33:so=01;35:do=01;35:bd=40;33;01:cd=40;33;01:or=40;31;01:mi=00:su=37;41:sg=30;43:ca=30;41:tw=30;42:ow=34;42:st=37;44:ex=01;32:*.tar=01;31:*.tgz=01;31:*.arc=01;31:*.arj=01;31:*.taz=01;31:*.lha=01;31:*.lz4=01;31:*.lzh=01;31:*.lzma=01;31:*.tlz=01;31:*.txz=01;31:*.tzo=01;31:*.t7z=01;31:*.zip=01;31:*.z=01;31:*.dz=01;31:*.gz=01;31:*.lrz=01;31:*.lz=01;31:*.lzo=01;31:*.xz=01;31:*.zst=01;31:*.tzst=01;31:*.bz2=01;31:*.bz=01;31:*.tbz=01;31:*.tbz2=01;31:*.tz=01;31:*.deb=01;31:*.rpm=01;31:*.jar=01;31:*.war=01;31:*.ear=01;31:*.sar=01;31:*.rar=01;31:*.alz=01;31:*.ace=01;31:*.zoo=01;31:*.cpio=01;31:*.7z=01;31:*.rz=01;31:*.cab=01;31:*.wim=01;31:*.swm=01;31:*.dwm=01;31:*.esd=01;31:*.jpg=01;35:*.jpeg=01;35:*.mjpg=01;35:*.mjpeg=01;35:*.gif=01;35:*.bmp=01;35:*.pbm=01;35:*.pgm=01;35:*.ppm=01;35:*.tga=01;35:*.xbm=01;35:*.xpm=01;35:*.tif=01;35:*.tiff=01;35:*.png=01;35:*.svg=01;35:*.svgz=01;35:*.mng=01;35:*.pcx=01;35:*.mov=01;35:*.mpg=01;35:*.mpeg=01;35:*.m2v=01;35:*.mkv=01;35:*.webm=01;35:*.webp=01;35:*.ogm=01;35:*.mp4=01;35:*.m4v=01;35:*.mp4v=01;35:*.vob=01;35:*.qt=01;35:*.nuv=01;35:*.wmv=01;35:*.asf=01;35:*.rm=01;35:*.rmvb=01;35:*.flc=01;35:*.avi=01;35:*.fli=01;35:*.flv=01;35:*.gl=01;35:*.dl=01;35:*.xcf=01;35:*.xwd=01;35:*.yuv=01;35:*.cgm=01;35:*.emf=01;35:*.ogv=01;35:*.ogx=01;35:*.aac=00;36:*.au=00;36:*.flac=00;36:*.m4a=00;36:*.mid=00;36:*.midi=00;36:*.mka=00;36:*.mp3=00;36:*.mpc=00;36:*.ogg=00;36:*.ra=00;36:*.wav=00;36:*.oga=00;36:*.opus=00;36:*.spx=00;36:*.xspf=00;36:', 'ROS_DOMAIN_ID': '101', 'AMENT_PREFIX_PATH': '/opt/ros/humble', 'SHELL': '/bin/bash', 'LESSCLOSE': '/usr/bin/lesspipe %s %s', 'PWD': '/home/xavier/Developer/aquas-ROS-apriltags/build/aquas_apriltag_bringup', 'SSH_CONNECTION': '10.207.118.216 33162 10.207.26.163 22', 'XDG_DATA_DIRS': '/usr/share/gnome:/usr/local/share:/usr/share:/var/lib/snapd/desktop', 'PYTHONPATH': '/home/xavier/Developer/aquas-ROS-apriltags/build/aquas_apriltag_bringup/prefix_override:/usr/lib/python3/dist-packages/colcon_core/task/python/colcon_distutils_commands:/home/xavier/Developer/aquas-ROS-apriltags/install/aquas_apriltag_bringup/lib/python3.10/site-packages:/opt/ros/humble/lib/python3.10/site-packages:/opt/ros/humble/local/lib/python3.10/dist-packages', 'COLCON': '1'}, 'shell': False}
[4.645709] (-) TimerEvent: {}
[4.695680] (camera_calibration_parsers) StdoutLine: {'line': b'-- Found sensor_msgs: 4.9.0 (/opt/ros/humble/share/sensor_msgs/cmake)\n'}
[4.696866] (image_transport) StdoutLine: {'line': b'-- Found pluginlib: 5.1.3 (/opt/ros/humble/share/pluginlib/cmake)\n'}
[4.745940] (-) TimerEvent: {}
[4.847094] (-) TimerEvent: {}
[4.934647] (camera_calibration_parsers) StdoutLine: {'line': b'-- Found yaml_cpp_vendor: 8.0.2 (/opt/ros/humble/share/yaml_cpp_vendor/cmake)\n'}
[4.947283] (-) TimerEvent: {}
[4.959454] (camera_calibration_parsers) StdoutLine: {'line': b'-- Found ament_cmake_cppcheck: 0.12.14 (/opt/ros/humble/share/ament_cmake_cppcheck/cmake)\n'}
[4.972668] (camera_calibration_parsers) StdoutLine: {'line': b'-- Found ament_cmake_cpplint: 0.12.14 (/opt/ros/humble/share/ament_cmake_cpplint/cmake)\n'}
[4.982007] (image_transport) StdoutLine: {'line': b'-- Found sensor_msgs: 4.9.0 (/opt/ros/humble/share/sensor_msgs/cmake)\n'}
[4.985022] (camera_calibration_parsers) StdoutLine: {'line': b'-- Found ament_cmake_lint_cmake: 0.12.14 (/opt/ros/humble/share/ament_cmake_lint_cmake/cmake)\n'}
[4.994842] (camera_calibration_parsers) StdoutLine: {'line': b'-- Found ament_cmake_uncrustify: 0.12.14 (/opt/ros/humble/share/ament_cmake_uncrustify/cmake)\n'}
[5.007467] (camera_calibration_parsers) StdoutLine: {'line': b"-- Found gtest sources under '/opt/ros/humble/src/gtest_vendor': C++ tests using 'Google Test' will be built\n"}
[5.047549] (-) TimerEvent: {}
[5.148782] (-) TimerEvent: {}
[5.200669] (image_transport) StdoutLine: {'line': b'-- Found ament_lint_auto: 0.12.14 (/opt/ros/humble/share/ament_lint_auto/cmake)\n'}
[5.249028] (-) TimerEvent: {}
[5.350156] (-) TimerEvent: {}
[5.451393] (-) TimerEvent: {}
[5.553311] (-) TimerEvent: {}
[5.578561] (camera_calibration_parsers) StdoutLine: {'line': b'-- Configuring done\n'}
[5.653661] (-) TimerEvent: {}
[5.744427] (image_transport) StdoutLine: {'line': b"-- Found gtest sources under '/opt/ros/humble/src/gtest_vendor': C++ tests using 'Google Test' will be built\n"}
[5.753877] (-) TimerEvent: {}
[5.854929] (-) TimerEvent: {}
[5.868823] (image_transport) StdoutLine: {'line': b"-- Added test 'copyright' to check source files copyright and LICENSE\n"}
[5.885516] (camera_calibration_parsers) StdoutLine: {'line': b'-- Generating done\n'}
[5.919633] (image_transport) StdoutLine: {'line': b"-- Added test 'cpplint' to check C / C++ code against the Google style\n"}
[5.920619] (image_transport) StdoutLine: {'line': b'-- Configured cpplint exclude dirs and/or files: \n'}
[5.941628] (camera_calibration_parsers) StdoutLine: {'line': b'-- Build files have been written to: /home/xavier/Developer/aquas-ROS-apriltags/build/camera_calibration_parsers\n'}
[5.943201] (image_transport) StdoutLine: {'line': b"-- Added test 'lint_cmake' to check CMake code style\n"}
[5.955244] (-) TimerEvent: {}
[5.989763] (camera_calibration_parsers) CommandEnded: {'returncode': 0}
[5.992280] (camera_calibration_parsers) JobProgress: {'identifier': 'camera_calibration_parsers', 'progress': 'build'}
[5.993940] (camera_calibration_parsers) Command: {'cmd': ['/usr/bin/cmake', '--build', '/home/xavier/Developer/aquas-ROS-apriltags/build/camera_calibration_parsers', '--', '-j4', '-l4'], 'cwd': '/home/xavier/Developer/aquas-ROS-apriltags/build/camera_calibration_parsers', 'env': OrderedDict([('LESSOPEN', '| /usr/bin/lesspipe %s'), ('USER', 'xavier'), ('SSH_CLIENT', '10.207.118.216 33162 22'), ('XDG_SESSION_TYPE', 'tty'), ('SHLVL', '1'), ('LD_LIBRARY_PATH', '/opt/ros/humble/opt/rviz_ogre_vendor/lib:/opt/ros/humble/lib/aarch64-linux-gnu:/opt/ros/humble/lib'), ('MOTD_SHOWN', 'pam'), ('HOME', '/home/xavier'), ('OLDPWD', '/home/xavier/Developer'), ('SSH_TTY', '/dev/pts/0'), ('ROS_PYTHON_VERSION', '3'), ('DBUS_SESSION_BUS_ADDRESS', 'unix:path=/run/user/1002/bus'), ('ROS_DISTRO', 'humble'), ('LOGNAME', 'xavier'), ('_', '/usr/bin/colcon'), ('ROS_VERSION', '2'), ('XDG_SESSION_CLASS', 'user'), ('TERM', 'xterm-kitty'), ('XDG_SESSION_ID', '10'), ('ROS_LOCALHOST_ONLY', '0'), ('PATH', '/opt/ros/humble/bin:/usr/local/sbin:/usr/local/bin:/usr/sbin:/usr/bin:/sbin:/bin:/usr/games:/usr/local/games:/snap/bin'), ('XDG_RUNTIME_DIR', '/run/user/1002'), ('LANG', 'en_US.UTF-8'), ('LS_COLORS', 'rs=0:di=01;34:ln=01;36:mh=00:pi=40;33:so=01;35:do=01;35:bd=40;33;01:cd=40;33;01:or=40;31;01:mi=00:su=37;41:sg=30;43:ca=30;41:tw=30;42:ow=34;42:st=37;44:ex=01;32:*.tar=01;31:*.tgz=01;31:*.arc=01;31:*.arj=01;31:*.taz=01;31:*.lha=01;31:*.lz4=01;31:*.lzh=01;31:*.lzma=01;31:*.tlz=01;31:*.txz=01;31:*.tzo=01;31:*.t7z=01;31:*.zip=01;31:*.z=01;31:*.dz=01;31:*.gz=01;31:*.lrz=01;31:*.lz=01;31:*.lzo=01;31:*.xz=01;31:*.zst=01;31:*.tzst=01;31:*.bz2=01;31:*.bz=01;31:*.tbz=01;31:*.tbz2=01;31:*.tz=01;31:*.deb=01;31:*.rpm=01;31:*.jar=01;31:*.war=01;31:*.ear=01;31:*.sar=01;31:*.rar=01;31:*.alz=01;31:*.ace=01;31:*.zoo=01;31:*.cpio=01;31:*.7z=01;31:*.rz=01;31:*.cab=01;31:*.wim=01;31:*.swm=01;31:*.dwm=01;31:*.esd=01;31:*.jpg=01;35:*.jpeg=01;35:*.mjpg=01;35:*.mjpeg=01;35:*.gif=01;35:*.bmp=01;35:*.pbm=01;35:*.pgm=01;35:*.ppm=01;35:*.tga=01;35:*.xbm=01;35:*.xpm=01;35:*.tif=01;35:*.tiff=01;35:*.png=01;35:*.svg=01;35:*.svgz=01;35:*.mng=01;35:*.pcx=01;35:*.mov=01;35:*.mpg=01;35:*.mpeg=01;35:*.m2v=01;35:*.mkv=01;35:*.webm=01;35:*.webp=01;35:*.ogm=01;35:*.mp4=01;35:*.m4v=01;35:*.mp4v=01;35:*.vob=01;35:*.qt=01;35:*.nuv=01;35:*.wmv=01;35:*.asf=01;35:*.rm=01;35:*.rmvb=01;35:*.flc=01;35:*.avi=01;35:*.fli=01;35:*.flv=01;35:*.gl=01;35:*.dl=01;35:*.xcf=01;35:*.xwd=01;35:*.yuv=01;35:*.cgm=01;35:*.emf=01;35:*.ogv=01;35:*.ogx=01;35:*.aac=00;36:*.au=00;36:*.flac=00;36:*.m4a=00;36:*.mid=00;36:*.midi=00;36:*.mka=00;36:*.mp3=00;36:*.mpc=00;36:*.ogg=00;36:*.ra=00;36:*.wav=00;36:*.oga=00;36:*.opus=00;36:*.spx=00;36:*.xspf=00;36:'), ('ROS_DOMAIN_ID', '101'), ('AMENT_PREFIX_PATH', '/opt/ros/humble'), ('SHELL', '/bin/bash'), ('LESSCLOSE', '/usr/bin/lesspipe %s %s'), ('PWD', '/home/xavier/Developer/aquas-ROS-apriltags/build/camera_calibration_parsers'), ('SSH_CONNECTION', '10.207.118.216 33162 10.207.26.163 22'), ('XDG_DATA_DIRS', '/usr/share/gnome:/usr/local/share:/usr/share:/var/lib/snapd/desktop'), ('PYTHONPATH', '/opt/ros/humble/lib/python3.10/site-packages:/opt/ros/humble/local/lib/python3.10/dist-packages'), ('COLCON', '1'), ('CMAKE_PREFIX_PATH', '/opt/ros/humble')]), 'shell': False}
[6.006152] (image_transport) StdoutLine: {'line': b"-- Added test 'uncrustify' to check C / C++ code style\n"}
[6.007038] (image_transport) StdoutLine: {'line': b'-- Configured uncrustify additional arguments: \n'}
[6.016902] (image_transport) StdoutLine: {'line': b"-- Added test 'xmllint' to check XML markup files\n"}
[6.039294] (image_transport) StdoutLine: {'line': b'-- Configuring done\n'}
[6.055483] (-) TimerEvent: {}
[6.157305] (-) TimerEvent: {}
[6.234012] (camera_calibration_parsers) StdoutLine: {'line': b'\x1b[35m\x1b[1mConsolidate compiler generated dependencies of target camera_calibration_parsers\x1b[0m\n'}
[6.257505] (-) TimerEvent: {}
[6.324054] (camera_calibration_parsers) StdoutLine: {'line': b'[  7%] \x1b[32mBuilding CXX object CMakeFiles/camera_calibration_parsers.dir/src/parse.cpp.o\x1b[0m\n'}
[6.357725] (-) TimerEvent: {}
[6.459541] (-) TimerEvent: {}
[6.532076] (image_transport) StdoutLine: {'line': b'-- Generating done\n'}
[6.559826] (-) TimerEvent: {}
[6.643709] (image_transport) StdoutLine: {'line': b'-- Build files have been written to: /home/xavier/Developer/aquas-ROS-apriltags/build/image_transport\n'}
[6.660374] (-) TimerEvent: {}
[6.705835] (image_transport) CommandEnded: {'returncode': 0}
[6.707459] (image_transport) JobProgress: {'identifier': 'image_transport', 'progress': 'build'}
[6.707648] (image_transport) Command: {'cmd': ['/usr/bin/cmake', '--build', '/home/xavier/Developer/aquas-ROS-apriltags/build/image_transport', '--', '-j4', '-l4'], 'cwd': '/home/xavier/Developer/aquas-ROS-apriltags/build/image_transport', 'env': OrderedDict([('LESSOPEN', '| /usr/bin/lesspipe %s'), ('USER', 'xavier'), ('SSH_CLIENT', '10.207.118.216 33162 22'), ('XDG_SESSION_TYPE', 'tty'), ('SHLVL', '1'), ('LD_LIBRARY_PATH', '/opt/ros/humble/opt/rviz_ogre_vendor/lib:/opt/ros/humble/lib/aarch64-linux-gnu:/opt/ros/humble/lib'), ('MOTD_SHOWN', 'pam'), ('HOME', '/home/xavier'), ('OLDPWD', '/home/xavier/Developer'), ('SSH_TTY', '/dev/pts/0'), ('ROS_PYTHON_VERSION', '3'), ('DBUS_SESSION_BUS_ADDRESS', 'unix:path=/run/user/1002/bus'), ('ROS_DISTRO', 'humble'), ('LOGNAME', 'xavier'), ('_', '/usr/bin/colcon'), ('ROS_VERSION', '2'), ('XDG_SESSION_CLASS', 'user'), ('TERM', 'xterm-kitty'), ('XDG_SESSION_ID', '10'), ('ROS_LOCALHOST_ONLY', '0'), ('PATH', '/opt/ros/humble/bin:/usr/local/sbin:/usr/local/bin:/usr/sbin:/usr/bin:/sbin:/bin:/usr/games:/usr/local/games:/snap/bin'), ('XDG_RUNTIME_DIR', '/run/user/1002'), ('LANG', 'en_US.UTF-8'), ('LS_COLORS', 'rs=0:di=01;34:ln=01;36:mh=00:pi=40;33:so=01;35:do=01;35:bd=40;33;01:cd=40;33;01:or=40;31;01:mi=00:su=37;41:sg=30;43:ca=30;41:tw=30;42:ow=34;42:st=37;44:ex=01;32:*.tar=01;31:*.tgz=01;31:*.arc=01;31:*.arj=01;31:*.taz=01;31:*.lha=01;31:*.lz4=01;31:*.lzh=01;31:*.lzma=01;31:*.tlz=01;31:*.txz=01;31:*.tzo=01;31:*.t7z=01;31:*.zip=01;31:*.z=01;31:*.dz=01;31:*.gz=01;31:*.lrz=01;31:*.lz=01;31:*.lzo=01;31:*.xz=01;31:*.zst=01;31:*.tzst=01;31:*.bz2=01;31:*.bz=01;31:*.tbz=01;31:*.tbz2=01;31:*.tz=01;31:*.deb=01;31:*.rpm=01;31:*.jar=01;31:*.war=01;31:*.ear=01;31:*.sar=01;31:*.rar=01;31:*.alz=01;31:*.ace=01;31:*.zoo=01;31:*.cpio=01;31:*.7z=01;31:*.rz=01;31:*.cab=01;31:*.wim=01;31:*.swm=01;31:*.dwm=01;31:*.esd=01;31:*.jpg=01;35:*.jpeg=01;35:*.mjpg=01;35:*.mjpeg=01;35:*.gif=01;35:*.bmp=01;35:*.pbm=01;35:*.pgm=01;35:*.ppm=01;35:*.tga=01;35:*.xbm=01;35:*.xpm=01;35:*.tif=01;35:*.tiff=01;35:*.png=01;35:*.svg=01;35:*.svgz=01;35:*.mng=01;35:*.pcx=01;35:*.mov=01;35:*.mpg=01;35:*.mpeg=01;35:*.m2v=01;35:*.mkv=01;35:*.webm=01;35:*.webp=01;35:*.ogm=01;35:*.mp4=01;35:*.m4v=01;35:*.mp4v=01;35:*.vob=01;35:*.qt=01;35:*.nuv=01;35:*.wmv=01;35:*.asf=01;35:*.rm=01;35:*.rmvb=01;35:*.flc=01;35:*.avi=01;35:*.fli=01;35:*.flv=01;35:*.gl=01;35:*.dl=01;35:*.xcf=01;35:*.xwd=01;35:*.yuv=01;35:*.cgm=01;35:*.emf=01;35:*.ogv=01;35:*.ogx=01;35:*.aac=00;36:*.au=00;36:*.flac=00;36:*.m4a=00;36:*.mid=00;36:*.midi=00;36:*.mka=00;36:*.mp3=00;36:*.mpc=00;36:*.ogg=00;36:*.ra=00;36:*.wav=00;36:*.oga=00;36:*.opus=00;36:*.spx=00;36:*.xspf=00;36:'), ('ROS_DOMAIN_ID', '101'), ('AMENT_PREFIX_PATH', '/opt/ros/humble'), ('SHELL', '/bin/bash'), ('LESSCLOSE', '/usr/bin/lesspipe %s %s'), ('PWD', '/home/xavier/Developer/aquas-ROS-apriltags/build/image_transport'), ('SSH_CONNECTION', '10.207.118.216 33162 10.207.26.163 22'), ('XDG_DATA_DIRS', '/usr/share/gnome:/usr/local/share:/usr/share:/var/lib/snapd/desktop'), ('PYTHONPATH', '/opt/ros/humble/lib/python3.10/site-packages:/opt/ros/humble/local/lib/python3.10/dist-packages'), ('COLCON', '1'), ('CMAKE_PREFIX_PATH', '/opt/ros/humble')]), 'shell': False}
[6.760554] (-) TimerEvent: {}
[6.861624] (-) TimerEvent: {}
[6.927841] (aquas_apriltag_bringup) StdoutLine: {'line': b'running develop\n'}
[6.957946] (image_transport) StdoutLine: {'line': b'\x1b[35m\x1b[1mConsolidate compiler generated dependencies of target image_transport\x1b[0m\n'}
[6.961823] (-) TimerEvent: {}
[7.026771] (image_transport) StdoutLine: {'line': b'[  3%] \x1b[32mBuilding CXX object CMakeFiles/image_transport.dir/src/publisher.cpp.o\x1b[0m\n'}
[7.062062] (-) TimerEvent: {}
[7.163806] (-) TimerEvent: {}
[7.265582] (-) TimerEvent: {}
[7.367658] (-) TimerEvent: {}
[7.470020] (-) TimerEvent: {}
[7.571961] (-) TimerEvent: {}
[7.674242] (-) TimerEvent: {}
[7.776377] (-) TimerEvent: {}
[7.878515] (-) TimerEvent: {}
[7.992417] (-) TimerEvent: {}
[8.093326] (-) TimerEvent: {}
[8.194071] (-) TimerEvent: {}
[8.239727] (aquas_apriltag_bringup) StdoutLine: {'line': b'Removing /home/xavier/Developer/aquas-ROS-apriltags/install/aquas_apriltag_bringup/lib/python3.10/site-packages/aquas-apriltag-bringup.egg-link (link to .)\n'}
[8.294287] (-) TimerEvent: {}
[8.395479] (-) TimerEvent: {}
[8.463087] (aquas_apriltag_bringup) CommandEnded: {'returncode': 0}
[8.467732] (aquas_apriltag_bringup) Command: {'cmd': ['/usr/bin/python3', '-W', 'ignore:setup.py install is deprecated', '-W', 'ignore:easy_install command is deprecated', 'setup.py', 'egg_info', '--egg-base', '../../build/aquas_apriltag_bringup', 'build', '--build-base', '/home/xavier/Developer/aquas-ROS-apriltags/build/aquas_apriltag_bringup/build', 'install', '--record', '/home/xavier/Developer/aquas-ROS-apriltags/build/aquas_apriltag_bringup/install.log', '--single-version-externally-managed', 'install_data', '--force'], 'cwd': '/home/xavier/Developer/aquas-ROS-apriltags/src/aquas_apriltag_bringup', 'env': {'LESSOPEN': '| /usr/bin/lesspipe %s', 'USER': 'xavier', 'SSH_CLIENT': '10.207.118.216 33162 22', 'XDG_SESSION_TYPE': 'tty', 'SHLVL': '1', 'LD_LIBRARY_PATH': '/opt/ros/humble/opt/rviz_ogre_vendor/lib:/opt/ros/humble/lib/aarch64-linux-gnu:/opt/ros/humble/lib', 'MOTD_SHOWN': 'pam', 'HOME': '/home/xavier', 'OLDPWD': '/home/xavier/Developer', 'SSH_TTY': '/dev/pts/0', 'ROS_PYTHON_VERSION': '3', 'DBUS_SESSION_BUS_ADDRESS': 'unix:path=/run/user/1002/bus', 'ROS_DISTRO': 'humble', 'LOGNAME': 'xavier', '_': '/usr/bin/colcon', 'ROS_VERSION': '2', 'XDG_SESSION_CLASS': 'user', 'TERM': 'xterm-kitty', 'XDG_SESSION_ID': '10', 'ROS_LOCALHOST_ONLY': '0', 'PATH': '/opt/ros/humble/bin:/usr/local/sbin:/usr/local/bin:/usr/sbin:/usr/bin:/sbin:/bin:/usr/games:/usr/local/games:/snap/bin', 'XDG_RUNTIME_DIR': '/run/user/1002', 'LANG': 'en_US.UTF-8', 'LS_COLORS': 'rs=0:di=01;34:ln=01;36:mh=00:pi=40;33:so=01;35:do=01;35:bd=40;33;01:cd=40;33;01:or=40;31;01:mi=00:su=37;41:sg=30;43:ca=30;41:tw=30;42:ow=34;42:st=37;44:ex=01;32:*.tar=01;31:*.tgz=01;31:*.arc=01;31:*.arj=01;31:*.taz=01;31:*.lha=01;31:*.lz4=01;31:*.lzh=01;31:*.lzma=01;31:*.tlz=01;31:*.txz=01;31:*.tzo=01;31:*.t7z=01;31:*.zip=01;31:*.z=01;31:*.dz=01;31:*.gz=01;31:*.lrz=01;31:*.lz=01;31:*.lzo=01;31:*.xz=01;31:*.zst=01;31:*.tzst=01;31:*.bz2=01;31:*.bz=01;31:*.tbz=01;31:*.tbz2=01;31:*.tz=01;31:*.deb=01;31:*.rpm=01;31:*.jar=01;31:*.war=01;31:*.ear=01;31:*.sar=01;31:*.rar=01;31:*.alz=01;31:*.ace=01;31:*.zoo=01;31:*.cpio=01;31:*.7z=01;31:*.rz=01;31:*.cab=01;31:*.wim=01;31:*.swm=01;31:*.dwm=01;31:*.esd=01;31:*.jpg=01;35:*.jpeg=01;35:*.mjpg=01;35:*.mjpeg=01;35:*.gif=01;35:*.bmp=01;35:*.pbm=01;35:*.pgm=01;35:*.ppm=01;35:*.tga=01;35:*.xbm=01;35:*.xpm=01;35:*.tif=01;35:*.tiff=01;35:*.png=01;35:*.svg=01;35:*.svgz=01;35:*.mng=01;35:*.pcx=01;35:*.mov=01;35:*.mpg=01;35:*.mpeg=01;35:*.m2v=01;35:*.mkv=01;35:*.webm=01;35:*.webp=01;35:*.ogm=01;35:*.mp4=01;35:*.m4v=01;35:*.mp4v=01;35:*.vob=01;35:*.qt=01;35:*.nuv=01;35:*.wmv=01;35:*.asf=01;35:*.rm=01;35:*.rmvb=01;35:*.flc=01;35:*.avi=01;35:*.fli=01;35:*.flv=01;35:*.gl=01;35:*.dl=01;35:*.xcf=01;35:*.xwd=01;35:*.yuv=01;35:*.cgm=01;35:*.emf=01;35:*.ogv=01;35:*.ogx=01;35:*.aac=00;36:*.au=00;36:*.flac=00;36:*.m4a=00;36:*.mid=00;36:*.midi=00;36:*.mka=00;36:*.mp3=00;36:*.mpc=00;36:*.ogg=00;36:*.ra=00;36:*.wav=00;36:*.oga=00;36:*.opus=00;36:*.spx=00;36:*.xspf=00;36:', 'ROS_DOMAIN_ID': '101', 'AMENT_PREFIX_PATH': '/opt/ros/humble', 'SHELL': '/bin/bash', 'LESSCLOSE': '/usr/bin/lesspipe %s %s', 'PWD': '/home/xavier/Developer/aquas-ROS-apriltags/build/aquas_apriltag_bringup', 'SSH_CONNECTION': '10.207.118.216 33162 10.207.26.163 22', 'XDG_DATA_DIRS': '/usr/share/gnome:/usr/local/share:/usr/share:/var/lib/snapd/desktop', 'PYTHONPATH': '/home/xavier/Developer/aquas-ROS-apriltags/build/aquas_apriltag_bringup/prefix_override:/usr/lib/python3/dist-packages/colcon_core/task/python/colcon_distutils_commands:/home/xavier/Developer/aquas-ROS-apriltags/install/aquas_apriltag_bringup/lib/python3.10/site-packages:/opt/ros/humble/lib/python3.10/site-packages:/opt/ros/humble/local/lib/python3.10/dist-packages', 'COLCON': '1'}, 'shell': False}
[8.495672] (-) TimerEvent: {}
[8.596442] (-) TimerEvent: {}
[8.697391] (-) TimerEvent: {}
[8.798407] (-) TimerEvent: {}
[8.899396] (-) TimerEvent: {}
[9.000708] (-) TimerEvent: {}
[9.102618] (-) TimerEvent: {}
[9.204536] (-) TimerEvent: {}
[9.306518] (-) TimerEvent: {}
[9.408453] (-) TimerEvent: {}
[9.510499] (-) TimerEvent: {}
[9.612398] (-) TimerEvent: {}
[9.714870] (-) TimerEvent: {}
[9.817232] (-) TimerEvent: {}
[9.918149] (-) TimerEvent: {}
[10.019148] (-) TimerEvent: {}
[10.120391] (-) TimerEvent: {}
[10.221521] (-) TimerEvent: {}
[10.323040] (-) TimerEvent: {}
[10.424103] (-) TimerEvent: {}
[10.525366] (-) TimerEvent: {}
[10.558079] (aquas_apriltag_bringup) StdoutLine: {'line': b'running egg_info\n'}
[10.563361] (aquas_apriltag_bringup) StdoutLine: {'line': b'writing ../../build/aquas_apriltag_bringup/aquas_apriltag_bringup.egg-info/PKG-INFO\n'}
[10.565444] (aquas_apriltag_bringup) StdoutLine: {'line': b'writing dependency_links to ../../build/aquas_apriltag_bringup/aquas_apriltag_bringup.egg-info/dependency_links.txt\n'}
[10.567057] (aquas_apriltag_bringup) StdoutLine: {'line': b'writing entry points to ../../build/aquas_apriltag_bringup/aquas_apriltag_bringup.egg-info/entry_points.txt\n'}
[10.568694] (aquas_apriltag_bringup) StdoutLine: {'line': b'writing requirements to ../../build/aquas_apriltag_bringup/aquas_apriltag_bringup.egg-info/requires.txt\n'}
[10.569938] (aquas_apriltag_bringup) StdoutLine: {'line': b'writing top-level names to ../../build/aquas_apriltag_bringup/aquas_apriltag_bringup.egg-info/top_level.txt\n'}
[10.586841] (aquas_apriltag_bringup) StdoutLine: {'line': b"reading manifest file '../../build/aquas_apriltag_bringup/aquas_apriltag_bringup.egg-info/SOURCES.txt'\n"}
[10.598055] (aquas_apriltag_bringup) StdoutLine: {'line': b"writing manifest file '../../build/aquas_apriltag_bringup/aquas_apriltag_bringup.egg-info/SOURCES.txt'\n"}
[10.599189] (aquas_apriltag_bringup) StdoutLine: {'line': b'running build\n'}
[10.600047] (aquas_apriltag_bringup) StdoutLine: {'line': b'running build_py\n'}
[10.601626] (aquas_apriltag_bringup) StdoutLine: {'line': b'creating /home/xavier/Developer/aquas-ROS-apriltags/build/aquas_apriltag_bringup/build\n'}
[10.602738] (aquas_apriltag_bringup) StdoutLine: {'line': b'creating /home/xavier/Developer/aquas-ROS-apriltags/build/aquas_apriltag_bringup/build/lib\n'}
[10.603648] (aquas_apriltag_bringup) StdoutLine: {'line': b'creating /home/xavier/Developer/aquas-ROS-apriltags/build/aquas_apriltag_bringup/build/lib/aquas_apriltag_bringup\n'}
[10.604811] (aquas_apriltag_bringup) StdoutLine: {'line': b'copying aquas_apriltag_bringup/__init__.py -> /home/xavier/Developer/aquas-ROS-apriltags/build/aquas_apriltag_bringup/build/lib/aquas_apriltag_bringup\n'}
[10.605612] (aquas_apriltag_bringup) StdoutLine: {'line': b'running install\n'}
[10.617316] (aquas_apriltag_bringup) StdoutLine: {'line': b'running install_lib\n'}
[10.618259] (aquas_apriltag_bringup) StdoutLine: {'line': b'creating /home/xavier/Developer/aquas-ROS-apriltags/install/aquas_apriltag_bringup/lib/python3.10/site-packages/aquas_apriltag_bringup\n'}
[10.619441] (aquas_apriltag_bringup) StdoutLine: {'line': b'copying /home/xavier/Developer/aquas-ROS-apriltags/build/aquas_apriltag_bringup/build/lib/aquas_apriltag_bringup/__init__.py -> /home/xavier/Developer/aquas-ROS-apriltags/install/aquas_apriltag_bringup/lib/python3.10/site-packages/aquas_apriltag_bringup\n'}
[10.620295] (aquas_apriltag_bringup) StdoutLine: {'line': b'byte-compiling /home/xavier/Developer/aquas-ROS-apriltags/install/aquas_apriltag_bringup/lib/python3.10/site-packages/aquas_apriltag_bringup/__init__.py to __init__.cpython-310.pyc\n'}
[10.621339] (aquas_apriltag_bringup) StdoutLine: {'line': b'running install_data\n'}
[10.625627] (-) TimerEvent: {}
[10.627163] (aquas_apriltag_bringup) StdoutLine: {'line': b'copying resource/aquas_apriltag_bringup -> /home/xavier/Developer/aquas-ROS-apriltags/install/aquas_apriltag_bringup/share/ament_index/resource_index/packages\n'}
[10.630200] (aquas_apriltag_bringup) StdoutLine: {'line': b'copying package.xml -> /home/xavier/Developer/aquas-ROS-apriltags/install/aquas_apriltag_bringup/share/aquas_apriltag_bringup\n'}
[10.632278] (aquas_apriltag_bringup) StdoutLine: {'line': b'running install_egg_info\n'}
[10.646075] (aquas_apriltag_bringup) StdoutLine: {'line': b'Copying ../../build/aquas_apriltag_bringup/aquas_apriltag_bringup.egg-info to /home/xavier/Developer/aquas-ROS-apriltags/install/aquas_apriltag_bringup/lib/python3.10/site-packages/aquas_apriltag_bringup-0.0.0-py3.10.egg-info\n'}
[10.663108] (aquas_apriltag_bringup) StdoutLine: {'line': b'running install_scripts\n'}
[10.725878] (-) TimerEvent: {}
[10.813012] (aquas_apriltag_bringup) StdoutLine: {'line': b"writing list of installed files to '/home/xavier/Developer/aquas-ROS-apriltags/build/aquas_apriltag_bringup/install.log'\n"}
[10.826347] (-) TimerEvent: {}
[10.928142] (-) TimerEvent: {}
[11.027079] (aquas_apriltag_bringup) CommandEnded: {'returncode': 0}
[11.030030] (-) TimerEvent: {}
[11.135394] (-) TimerEvent: {}
[11.175080] (aquas_apriltag_bringup) JobEnded: {'identifier': 'aquas_apriltag_bringup', 'rc': 0}
[11.180812] (aquas_camera_bringup) JobStarted: {'identifier': 'aquas_camera_bringup'}
[11.235666] (-) TimerEvent: {}
[11.336889] (-) TimerEvent: {}
[11.438411] (-) TimerEvent: {}
[11.540107] (-) TimerEvent: {}
[11.641971] (-) TimerEvent: {}
[11.743348] (-) TimerEvent: {}
[11.845071] (-) TimerEvent: {}
[11.946352] (-) TimerEvent: {}
[12.047577] (-) TimerEvent: {}
[12.149154] (-) TimerEvent: {}
[12.250629] (-) TimerEvent: {}
[12.352007] (-) TimerEvent: {}
[12.453282] (-) TimerEvent: {}
[12.554723] (-) TimerEvent: {}
[12.656026] (-) TimerEvent: {}
[12.757516] (-) TimerEvent: {}
[12.858885] (-) TimerEvent: {}
[12.960173] (-) TimerEvent: {}
[13.061866] (-) TimerEvent: {}
[13.165187] (-) TimerEvent: {}
[13.267991] (-) TimerEvent: {}
[13.370564] (-) TimerEvent: {}
[13.473142] (-) TimerEvent: {}
[13.575947] (-) TimerEvent: {}
[13.678875] (-) TimerEvent: {}
[13.781584] (-) TimerEvent: {}
[13.884570] (-) TimerEvent: {}
[13.985813] (-) TimerEvent: {}
[14.087079] (-) TimerEvent: {}
[14.188379] (-) TimerEvent: {}
[14.289613] (-) TimerEvent: {}
[14.390810] (-) TimerEvent: {}
[14.492037] (-) TimerEvent: {}
[14.593229] (-) TimerEvent: {}
[14.694705] (-) TimerEvent: {}
[14.796287] (-) TimerEvent: {}
[14.897587] (-) TimerEvent: {}
[14.998798] (-) TimerEvent: {}
[15.100128] (-) TimerEvent: {}
[15.201549] (-) TimerEvent: {}
[15.302821] (-) TimerEvent: {}
[15.404162] (-) TimerEvent: {}
[15.505523] (-) TimerEvent: {}
[15.606715] (-) TimerEvent: {}
[15.707894] (-) TimerEvent: {}
[15.809263] (-) TimerEvent: {}
[15.910453] (-) TimerEvent: {}
[16.011870] (-) TimerEvent: {}
[16.113033] (-) TimerEvent: {}
[16.214152] (-) TimerEvent: {}
[16.315349] (-) TimerEvent: {}
[16.416424] (-) TimerEvent: {}
[16.517584] (-) TimerEvent: {}
[16.618723] (-) TimerEvent: {}
[16.719894] (-) TimerEvent: {}
[16.821388] (-) TimerEvent: {}
[16.923465] (-) TimerEvent: {}
[17.024711] (-) TimerEvent: {}
[17.125985] (-) TimerEvent: {}
[17.128041] (apriltag) StdoutLine: {'line': b'[ 90%] \x1b[32m\x1b[1mLinking CXX executable opencv_demo\x1b[0m\n'}
[17.226441] (-) TimerEvent: {}
[17.329932] (-) TimerEvent: {}
[17.432844] (-) TimerEvent: {}
[17.491187] (aquas_camera_bringup) Command: {'cmd': ['/usr/bin/python3', '-W', 'ignore:setup.py install is deprecated', '-W', 'ignore:easy_install command is deprecated', 'setup.py', 'develop', '--uninstall', '--editable', '--build-directory', '/home/xavier/Developer/aquas-ROS-apriltags/build/aquas_camera_bringup/build'], 'cwd': '/home/xavier/Developer/aquas-ROS-apriltags/build/aquas_camera_bringup', 'env': {'LESSOPEN': '| /usr/bin/lesspipe %s', 'USER': 'xavier', 'SSH_CLIENT': '10.207.118.216 33162 22', 'XDG_SESSION_TYPE': 'tty', 'SHLVL': '1', 'LD_LIBRARY_PATH': '/opt/ros/humble/opt/rviz_ogre_vendor/lib:/opt/ros/humble/lib/aarch64-linux-gnu:/opt/ros/humble/lib', 'MOTD_SHOWN': 'pam', 'HOME': '/home/xavier', 'OLDPWD': '/home/xavier/Developer', 'SSH_TTY': '/dev/pts/0', 'ROS_PYTHON_VERSION': '3', 'DBUS_SESSION_BUS_ADDRESS': 'unix:path=/run/user/1002/bus', 'ROS_DISTRO': 'humble', 'LOGNAME': 'xavier', '_': '/usr/bin/colcon', 'ROS_VERSION': '2', 'XDG_SESSION_CLASS': 'user', 'TERM': 'xterm-kitty', 'XDG_SESSION_ID': '10', 'ROS_LOCALHOST_ONLY': '0', 'PATH': '/opt/ros/humble/bin:/usr/local/sbin:/usr/local/bin:/usr/sbin:/usr/bin:/sbin:/bin:/usr/games:/usr/local/games:/snap/bin', 'XDG_RUNTIME_DIR': '/run/user/1002', 'LANG': 'en_US.UTF-8', 'LS_COLORS': 'rs=0:di=01;34:ln=01;36:mh=00:pi=40;33:so=01;35:do=01;35:bd=40;33;01:cd=40;33;01:or=40;31;01:mi=00:su=37;41:sg=30;43:ca=30;41:tw=30;42:ow=34;42:st=37;44:ex=01;32:*.tar=01;31:*.tgz=01;31:*.arc=01;31:*.arj=01;31:*.taz=01;31:*.lha=01;31:*.lz4=01;31:*.lzh=01;31:*.lzma=01;31:*.tlz=01;31:*.txz=01;31:*.tzo=01;31:*.t7z=01;31:*.zip=01;31:*.z=01;31:*.dz=01;31:*.gz=01;31:*.lrz=01;31:*.lz=01;31:*.lzo=01;31:*.xz=01;31:*.zst=01;31:*.tzst=01;31:*.bz2=01;31:*.bz=01;31:*.tbz=01;31:*.tbz2=01;31:*.tz=01;31:*.deb=01;31:*.rpm=01;31:*.jar=01;31:*.war=01;31:*.ear=01;31:*.sar=01;31:*.rar=01;31:*.alz=01;31:*.ace=01;31:*.zoo=01;31:*.cpio=01;31:*.7z=01;31:*.rz=01;31:*.cab=01;31:*.wim=01;31:*.swm=01;31:*.dwm=01;31:*.esd=01;31:*.jpg=01;35:*.jpeg=01;35:*.mjpg=01;35:*.mjpeg=01;35:*.gif=01;35:*.bmp=01;35:*.pbm=01;35:*.pgm=01;35:*.ppm=01;35:*.tga=01;35:*.xbm=01;35:*.xpm=01;35:*.tif=01;35:*.tiff=01;35:*.png=01;35:*.svg=01;35:*.svgz=01;35:*.mng=01;35:*.pcx=01;35:*.mov=01;35:*.mpg=01;35:*.mpeg=01;35:*.m2v=01;35:*.mkv=01;35:*.webm=01;35:*.webp=01;35:*.ogm=01;35:*.mp4=01;35:*.m4v=01;35:*.mp4v=01;35:*.vob=01;35:*.qt=01;35:*.nuv=01;35:*.wmv=01;35:*.asf=01;35:*.rm=01;35:*.rmvb=01;35:*.flc=01;35:*.avi=01;35:*.fli=01;35:*.flv=01;35:*.gl=01;35:*.dl=01;35:*.xcf=01;35:*.xwd=01;35:*.yuv=01;35:*.cgm=01;35:*.emf=01;35:*.ogv=01;35:*.ogx=01;35:*.aac=00;36:*.au=00;36:*.flac=00;36:*.m4a=00;36:*.mid=00;36:*.midi=00;36:*.mka=00;36:*.mp3=00;36:*.mpc=00;36:*.ogg=00;36:*.ra=00;36:*.wav=00;36:*.oga=00;36:*.opus=00;36:*.spx=00;36:*.xspf=00;36:', 'ROS_DOMAIN_ID': '101', 'AMENT_PREFIX_PATH': '/opt/ros/humble', 'SHELL': '/bin/bash', 'LESSCLOSE': '/usr/bin/lesspipe %s %s', 'PWD': '/home/xavier/Developer/aquas-ROS-apriltags/build/aquas_camera_bringup', 'SSH_CONNECTION': '10.207.118.216 33162 10.207.26.163 22', 'XDG_DATA_DIRS': '/usr/share/gnome:/usr/local/share:/usr/share:/var/lib/snapd/desktop', 'PYTHONPATH': '/home/xavier/Developer/aquas-ROS-apriltags/build/aquas_camera_bringup/prefix_override:/usr/lib/python3/dist-packages/colcon_core/task/python/colcon_distutils_commands:/home/xavier/Developer/aquas-ROS-apriltags/install/aquas_camera_bringup/lib/python3.10/site-packages:/opt/ros/humble/lib/python3.10/site-packages:/opt/ros/humble/local/lib/python3.10/dist-packages', 'COLCON': '1'}, 'shell': False}
[17.533082] (-) TimerEvent: {}
[17.635847] (-) TimerEvent: {}
[17.738493] (-) TimerEvent: {}
[17.841209] (-) TimerEvent: {}
[17.943420] (-) TimerEvent: {}
[18.045259] (-) TimerEvent: {}
[18.146647] (-) TimerEvent: {}
[18.263151] (-) TimerEvent: {}
[18.364658] (-) TimerEvent: {}
[18.469407] (-) TimerEvent: {}
[18.570606] (-) TimerEvent: {}
[18.672213] (-) TimerEvent: {}
[18.773491] (-) TimerEvent: {}
[18.874825] (-) TimerEvent: {}
[18.975954] (-) TimerEvent: {}
[19.077369] (-) TimerEvent: {}
[19.178472] (-) TimerEvent: {}
[19.280445] (-) TimerEvent: {}
[19.381965] (-) TimerEvent: {}
[19.483149] (-) TimerEvent: {}
[19.584281] (-) TimerEvent: {}
[19.685421] (-) TimerEvent: {}
[19.786568] (-) TimerEvent: {}
[19.887642] (-) TimerEvent: {}
[19.988756] (-) TimerEvent: {}
[20.089839] (-) TimerEvent: {}
[20.122473] (aquas_camera_bringup) StdoutLine: {'line': b'running develop\n'}
[20.190135] (-) TimerEvent: {}
[20.292530] (-) TimerEvent: {}
[20.394561] (-) TimerEvent: {}
[20.496719] (-) TimerEvent: {}
[20.598745] (-) TimerEvent: {}
[20.700742] (-) TimerEvent: {}
[20.801961] (-) TimerEvent: {}
[20.903191] (-) TimerEvent: {}
[21.004205] (-) TimerEvent: {}
[21.106527] (-) TimerEvent: {}
[21.110017] (apriltag) StdoutLine: {'line': b'[ 90%] Built target opencv_demo\n'}
[21.189473] (apriltag) StdoutLine: {'line': b'\x1b[35m\x1b[1mConsolidate compiler generated dependencies of target apriltag.cpython-310-aarch64-linux-gnu\x1b[0m\n'}
[21.206832] (-) TimerEvent: {}
[21.304249] (apriltag) StdoutLine: {'line': b'[ 93%] \x1b[32mBuilding C object CMakeFiles/apriltag.cpython-310-aarch64-linux-gnu.dir/apriltag_pywrap.c.o\x1b[0m\n'}
[21.307168] (-) TimerEvent: {}
[21.409369] (-) TimerEvent: {}
[21.511111] (-) TimerEvent: {}
[21.612302] (-) TimerEvent: {}
[21.713529] (-) TimerEvent: {}
[21.814776] (-) TimerEvent: {}
[21.916075] (-) TimerEvent: {}
[22.017286] (-) TimerEvent: {}
[22.055468] (aquas_camera_bringup) StdoutLine: {'line': b'Removing /home/xavier/Developer/aquas-ROS-apriltags/install/aquas_camera_bringup/lib/python3.10/site-packages/aquas-camera-bringup.egg-link (link to .)\n'}
[22.117690] (-) TimerEvent: {}
[22.219710] (-) TimerEvent: {}
[22.273645] (aquas_camera_bringup) CommandEnded: {'returncode': 0}
[22.280169] (aquas_camera_bringup) Command: {'cmd': ['/usr/bin/python3', '-W', 'ignore:setup.py install is deprecated', '-W', 'ignore:easy_install command is deprecated', 'setup.py', 'egg_info', '--egg-base', '../../build/aquas_camera_bringup', 'build', '--build-base', '/home/xavier/Developer/aquas-ROS-apriltags/build/aquas_camera_bringup/build', 'install', '--record', '/home/xavier/Developer/aquas-ROS-apriltags/build/aquas_camera_bringup/install.log', '--single-version-externally-managed', 'install_data', '--force'], 'cwd': '/home/xavier/Developer/aquas-ROS-apriltags/src/aquas_camera_bringup', 'env': {'LESSOPEN': '| /usr/bin/lesspipe %s', 'USER': 'xavier', 'SSH_CLIENT': '10.207.118.216 33162 22', 'XDG_SESSION_TYPE': 'tty', 'SHLVL': '1', 'LD_LIBRARY_PATH': '/opt/ros/humble/opt/rviz_ogre_vendor/lib:/opt/ros/humble/lib/aarch64-linux-gnu:/opt/ros/humble/lib', 'MOTD_SHOWN': 'pam', 'HOME': '/home/xavier', 'OLDPWD': '/home/xavier/Developer', 'SSH_TTY': '/dev/pts/0', 'ROS_PYTHON_VERSION': '3', 'DBUS_SESSION_BUS_ADDRESS': 'unix:path=/run/user/1002/bus', 'ROS_DISTRO': 'humble', 'LOGNAME': 'xavier', '_': '/usr/bin/colcon', 'ROS_VERSION': '2', 'XDG_SESSION_CLASS': 'user', 'TERM': 'xterm-kitty', 'XDG_SESSION_ID': '10', 'ROS_LOCALHOST_ONLY': '0', 'PATH': '/opt/ros/humble/bin:/usr/local/sbin:/usr/local/bin:/usr/sbin:/usr/bin:/sbin:/bin:/usr/games:/usr/local/games:/snap/bin', 'XDG_RUNTIME_DIR': '/run/user/1002', 'LANG': 'en_US.UTF-8', 'LS_COLORS': 'rs=0:di=01;34:ln=01;36:mh=00:pi=40;33:so=01;35:do=01;35:bd=40;33;01:cd=40;33;01:or=40;31;01:mi=00:su=37;41:sg=30;43:ca=30;41:tw=30;42:ow=34;42:st=37;44:ex=01;32:*.tar=01;31:*.tgz=01;31:*.arc=01;31:*.arj=01;31:*.taz=01;31:*.lha=01;31:*.lz4=01;31:*.lzh=01;31:*.lzma=01;31:*.tlz=01;31:*.txz=01;31:*.tzo=01;31:*.t7z=01;31:*.zip=01;31:*.z=01;31:*.dz=01;31:*.gz=01;31:*.lrz=01;31:*.lz=01;31:*.lzo=01;31:*.xz=01;31:*.zst=01;31:*.tzst=01;31:*.bz2=01;31:*.bz=01;31:*.tbz=01;31:*.tbz2=01;31:*.tz=01;31:*.deb=01;31:*.rpm=01;31:*.jar=01;31:*.war=01;31:*.ear=01;31:*.sar=01;31:*.rar=01;31:*.alz=01;31:*.ace=01;31:*.zoo=01;31:*.cpio=01;31:*.7z=01;31:*.rz=01;31:*.cab=01;31:*.wim=01;31:*.swm=01;31:*.dwm=01;31:*.esd=01;31:*.jpg=01;35:*.jpeg=01;35:*.mjpg=01;35:*.mjpeg=01;35:*.gif=01;35:*.bmp=01;35:*.pbm=01;35:*.pgm=01;35:*.ppm=01;35:*.tga=01;35:*.xbm=01;35:*.xpm=01;35:*.tif=01;35:*.tiff=01;35:*.png=01;35:*.svg=01;35:*.svgz=01;35:*.mng=01;35:*.pcx=01;35:*.mov=01;35:*.mpg=01;35:*.mpeg=01;35:*.m2v=01;35:*.mkv=01;35:*.webm=01;35:*.webp=01;35:*.ogm=01;35:*.mp4=01;35:*.m4v=01;35:*.mp4v=01;35:*.vob=01;35:*.qt=01;35:*.nuv=01;35:*.wmv=01;35:*.asf=01;35:*.rm=01;35:*.rmvb=01;35:*.flc=01;35:*.avi=01;35:*.fli=01;35:*.flv=01;35:*.gl=01;35:*.dl=01;35:*.xcf=01;35:*.xwd=01;35:*.yuv=01;35:*.cgm=01;35:*.emf=01;35:*.ogv=01;35:*.ogx=01;35:*.aac=00;36:*.au=00;36:*.flac=00;36:*.m4a=00;36:*.mid=00;36:*.midi=00;36:*.mka=00;36:*.mp3=00;36:*.mpc=00;36:*.ogg=00;36:*.ra=00;36:*.wav=00;36:*.oga=00;36:*.opus=00;36:*.spx=00;36:*.xspf=00;36:', 'ROS_DOMAIN_ID': '101', 'AMENT_PREFIX_PATH': '/opt/ros/humble', 'SHELL': '/bin/bash', 'LESSCLOSE': '/usr/bin/lesspipe %s %s', 'PWD': '/home/xavier/Developer/aquas-ROS-apriltags/build/aquas_camera_bringup', 'SSH_CONNECTION': '10.207.118.216 33162 10.207.26.163 22', 'XDG_DATA_DIRS': '/usr/share/gnome:/usr/local/share:/usr/share:/var/lib/snapd/desktop', 'PYTHONPATH': '/home/xavier/Developer/aquas-ROS-apriltags/build/aquas_camera_bringup/prefix_override:/usr/lib/python3/dist-packages/colcon_core/task/python/colcon_distutils_commands:/home/xavier/Developer/aquas-ROS-apriltags/install/aquas_camera_bringup/lib/python3.10/site-packages:/opt/ros/humble/lib/python3.10/site-packages:/opt/ros/humble/local/lib/python3.10/dist-packages', 'COLCON': '1'}, 'shell': False}
[22.319988] (-) TimerEvent: {}
[22.421161] (-) TimerEvent: {}
[22.523517] (-) TimerEvent: {}
[22.628992] (-) TimerEvent: {}
[22.731659] (-) TimerEvent: {}
[22.834427] (-) TimerEvent: {}
[22.937044] (-) TimerEvent: {}
[23.039346] (-) TimerEvent: {}
[23.141312] (-) TimerEvent: {}
[23.243289] (-) TimerEvent: {}
[23.345719] (-) TimerEvent: {}
[23.447669] (-) TimerEvent: {}
[23.549766] (-) TimerEvent: {}
[23.650931] (-) TimerEvent: {}
[23.752004] (-) TimerEvent: {}
[23.801607] (apriltag) StdoutLine: {'line': b'[ 95%] \x1b[32m\x1b[1mLinking C shared module apriltag.cpython-310-aarch64-linux-gnu.so\x1b[0m\n'}
[23.852254] (-) TimerEvent: {}
[23.953653] (-) TimerEvent: {}
[24.055565] (-) TimerEvent: {}
[24.060792] (apriltag) StdoutLine: {'line': b'[ 95%] Built target apriltag.cpython-310-aarch64-linux-gnu\n'}
[24.139373] (apriltag) StdoutLine: {'line': b'\x1b[35m\x1b[1mConsolidate compiler generated dependencies of target apriltag_demo\x1b[0m\n'}
[24.155896] (-) TimerEvent: {}
[24.224651] (apriltag) StdoutLine: {'line': b'[100%] Built target apriltag_demo\n'}
[24.256204] (-) TimerEvent: {}
[24.308915] (apriltag) CommandEnded: {'returncode': 0}
[24.321763] (apriltag) JobProgress: {'identifier': 'apriltag', 'progress': 'install'}
[24.356524] (-) TimerEvent: {}
[24.384418] (apriltag) Command: {'cmd': ['/usr/bin/cmake', '--install', '/home/xavier/Developer/aquas-ROS-apriltags/build/apriltag'], 'cwd': '/home/xavier/Developer/aquas-ROS-apriltags/build/apriltag', 'env': OrderedDict([('LESSOPEN', '| /usr/bin/lesspipe %s'), ('USER', 'xavier'), ('SSH_CLIENT', '10.207.118.216 33162 22'), ('XDG_SESSION_TYPE', 'tty'), ('SHLVL', '1'), ('LD_LIBRARY_PATH', '/opt/ros/humble/opt/rviz_ogre_vendor/lib:/opt/ros/humble/lib/aarch64-linux-gnu:/opt/ros/humble/lib'), ('MOTD_SHOWN', 'pam'), ('HOME', '/home/xavier'), ('OLDPWD', '/home/xavier/Developer'), ('SSH_TTY', '/dev/pts/0'), ('ROS_PYTHON_VERSION', '3'), ('DBUS_SESSION_BUS_ADDRESS', 'unix:path=/run/user/1002/bus'), ('ROS_DISTRO', 'humble'), ('LOGNAME', 'xavier'), ('_', '/usr/bin/colcon'), ('ROS_VERSION', '2'), ('XDG_SESSION_CLASS', 'user'), ('TERM', 'xterm-kitty'), ('XDG_SESSION_ID', '10'), ('ROS_LOCALHOST_ONLY', '0'), ('PATH', '/opt/ros/humble/bin:/usr/local/sbin:/usr/local/bin:/usr/sbin:/usr/bin:/sbin:/bin:/usr/games:/usr/local/games:/snap/bin'), ('XDG_RUNTIME_DIR', '/run/user/1002'), ('LANG', 'en_US.UTF-8'), ('LS_COLORS', 'rs=0:di=01;34:ln=01;36:mh=00:pi=40;33:so=01;35:do=01;35:bd=40;33;01:cd=40;33;01:or=40;31;01:mi=00:su=37;41:sg=30;43:ca=30;41:tw=30;42:ow=34;42:st=37;44:ex=01;32:*.tar=01;31:*.tgz=01;31:*.arc=01;31:*.arj=01;31:*.taz=01;31:*.lha=01;31:*.lz4=01;31:*.lzh=01;31:*.lzma=01;31:*.tlz=01;31:*.txz=01;31:*.tzo=01;31:*.t7z=01;31:*.zip=01;31:*.z=01;31:*.dz=01;31:*.gz=01;31:*.lrz=01;31:*.lz=01;31:*.lzo=01;31:*.xz=01;31:*.zst=01;31:*.tzst=01;31:*.bz2=01;31:*.bz=01;31:*.tbz=01;31:*.tbz2=01;31:*.tz=01;31:*.deb=01;31:*.rpm=01;31:*.jar=01;31:*.war=01;31:*.ear=01;31:*.sar=01;31:*.rar=01;31:*.alz=01;31:*.ace=01;31:*.zoo=01;31:*.cpio=01;31:*.7z=01;31:*.rz=01;31:*.cab=01;31:*.wim=01;31:*.swm=01;31:*.dwm=01;31:*.esd=01;31:*.jpg=01;35:*.jpeg=01;35:*.mjpg=01;35:*.mjpeg=01;35:*.gif=01;35:*.bmp=01;35:*.pbm=01;35:*.pgm=01;35:*.ppm=01;35:*.tga=01;35:*.xbm=01;35:*.xpm=01;35:*.tif=01;35:*.tiff=01;35:*.png=01;35:*.svg=01;35:*.svgz=01;35:*.mng=01;35:*.pcx=01;35:*.mov=01;35:*.mpg=01;35:*.mpeg=01;35:*.m2v=01;35:*.mkv=01;35:*.webm=01;35:*.webp=01;35:*.ogm=01;35:*.mp4=01;35:*.m4v=01;35:*.mp4v=01;35:*.vob=01;35:*.qt=01;35:*.nuv=01;35:*.wmv=01;35:*.asf=01;35:*.rm=01;35:*.rmvb=01;35:*.flc=01;35:*.avi=01;35:*.fli=01;35:*.flv=01;35:*.gl=01;35:*.dl=01;35:*.xcf=01;35:*.xwd=01;35:*.yuv=01;35:*.cgm=01;35:*.emf=01;35:*.ogv=01;35:*.ogx=01;35:*.aac=00;36:*.au=00;36:*.flac=00;36:*.m4a=00;36:*.mid=00;36:*.midi=00;36:*.mka=00;36:*.mp3=00;36:*.mpc=00;36:*.ogg=00;36:*.ra=00;36:*.wav=00;36:*.oga=00;36:*.opus=00;36:*.spx=00;36:*.xspf=00;36:'), ('ROS_DOMAIN_ID', '101'), ('AMENT_PREFIX_PATH', '/opt/ros/humble'), ('SHELL', '/bin/bash'), ('LESSCLOSE', '/usr/bin/lesspipe %s %s'), ('PWD', '/home/xavier/Developer/aquas-ROS-apriltags/build/apriltag'), ('SSH_CONNECTION', '10.207.118.216 33162 10.207.26.163 22'), ('XDG_DATA_DIRS', '/usr/share/gnome:/usr/local/share:/usr/share:/var/lib/snapd/desktop'), ('PYTHONPATH', '/opt/ros/humble/lib/python3.10/site-packages:/opt/ros/humble/local/lib/python3.10/dist-packages'), ('COLCON', '1'), ('CMAKE_PREFIX_PATH', '/opt/ros/humble')]), 'shell': False}
[24.444537] (apriltag) StdoutLine: {'line': b'-- Install configuration: "Release"\n'}
[24.447774] (apriltag) StdoutLine: {'line': b'-- Installing: /home/xavier/Developer/aquas-ROS-apriltags/install/apriltag/include/apriltag/apriltag.h\n'}
[24.451642] (apriltag) StdoutLine: {'line': b'-- Installing: /home/xavier/Developer/aquas-ROS-apriltags/install/apriltag/include/apriltag/apriltag_math.h\n'}
[24.456769] (-) TimerEvent: {}
[24.459552] (apriltag) StdoutLine: {'line': b'-- Installing: /home/xavier/Developer/aquas-ROS-apriltags/install/apriltag/include/apriltag/apriltag_pose.h\n'}
[24.465549] (apriltag) StdoutLine: {'line': b'-- Installing: /home/xavier/Developer/aquas-ROS-apriltags/install/apriltag/include/apriltag/common/debug_print.h\n'}
[24.470056] (apriltag) StdoutLine: {'line': b'-- Installing: /home/xavier/Developer/aquas-ROS-apriltags/install/apriltag/include/apriltag/common/doubles.h\n'}
[24.475021] (apriltag) StdoutLine: {'line': b'-- Installing: /home/xavier/Developer/aquas-ROS-apriltags/install/apriltag/include/apriltag/common/doubles_floats_impl.h\n'}
[24.481008] (apriltag) StdoutLine: {'line': b'-- Installing: /home/xavier/Developer/aquas-ROS-apriltags/install/apriltag/include/apriltag/common/floats.h\n'}
[24.485228] (apriltag) StdoutLine: {'line': b'-- Installing: /home/xavier/Developer/aquas-ROS-apriltags/install/apriltag/include/apriltag/common/g2d.h\n'}
[24.489796] (apriltag) StdoutLine: {'line': b'-- Installing: /home/xavier/Developer/aquas-ROS-apriltags/install/apriltag/include/apriltag/common/getopt.h\n'}
[24.493308] (apriltag) StdoutLine: {'line': b'-- Installing: /home/xavier/Developer/aquas-ROS-apriltags/install/apriltag/include/apriltag/common/homography.h\n'}
[24.500736] (apriltag) StdoutLine: {'line': b'-- Installing: /home/xavier/Developer/aquas-ROS-apriltags/install/apriltag/include/apriltag/common/image_types.h\n'}
[24.504441] (apriltag) StdoutLine: {'line': b'-- Installing: /home/xavier/Developer/aquas-ROS-apriltags/install/apriltag/include/apriltag/common/image_u8.h\n'}
[24.508091] (apriltag) StdoutLine: {'line': b'-- Installing: /home/xavier/Developer/aquas-ROS-apriltags/install/apriltag/include/apriltag/common/image_u8_parallel.h\n'}
[24.514734] (apriltag) StdoutLine: {'line': b'-- Installing: /home/xavier/Developer/aquas-ROS-apriltags/install/apriltag/include/apriltag/common/image_u8x3.h\n'}
[24.519166] (apriltag) StdoutLine: {'line': b'-- Installing: /home/xavier/Developer/aquas-ROS-apriltags/install/apriltag/include/apriltag/common/image_u8x4.h\n'}
[24.523565] (apriltag) StdoutLine: {'line': b'-- Installing: /home/xavier/Developer/aquas-ROS-apriltags/install/apriltag/include/apriltag/common/matd.h\n'}
[24.527621] (apriltag) StdoutLine: {'line': b'-- Installing: /home/xavier/Developer/aquas-ROS-apriltags/install/apriltag/include/apriltag/common/math_util.h\n'}
[24.532229] (apriltag) StdoutLine: {'line': b'-- Installing: /home/xavier/Developer/aquas-ROS-apriltags/install/apriltag/include/apriltag/common/pam.h\n'}
[24.536577] (apriltag) StdoutLine: {'line': b'-- Installing: /home/xavier/Developer/aquas-ROS-apriltags/install/apriltag/include/apriltag/common/pjpeg.h\n'}
[24.541187] (apriltag) StdoutLine: {'line': b'-- Installing: /home/xavier/Developer/aquas-ROS-apriltags/install/apriltag/include/apriltag/common/pnm.h\n'}
[24.545266] (apriltag) StdoutLine: {'line': b'-- Installing: /home/xavier/Developer/aquas-ROS-apriltags/install/apriltag/include/apriltag/common/postscript_utils.h\n'}
[24.549603] (apriltag) StdoutLine: {'line': b'-- Installing: /home/xavier/Developer/aquas-ROS-apriltags/install/apriltag/include/apriltag/common/pthreads_cross.h\n'}
[24.553103] (apriltag) StdoutLine: {'line': b'-- Installing: /home/xavier/Developer/aquas-ROS-apriltags/install/apriltag/include/apriltag/common/string_util.h\n'}
[24.556769] (apriltag) StdoutLine: {'line': b'-- Installing: /home/xavier/Developer/aquas-ROS-apriltags/install/apriltag/include/apriltag/common/svd22.h\n'}
[24.557639] (-) TimerEvent: {}
[24.563672] (apriltag) StdoutLine: {'line': b'-- Installing: /home/xavier/Developer/aquas-ROS-apriltags/install/apriltag/include/apriltag/common/time_util.h\n'}
[24.567224] (apriltag) StdoutLine: {'line': b'-- Installing: /home/xavier/Developer/aquas-ROS-apriltags/install/apriltag/include/apriltag/common/timeprofile.h\n'}
[24.570720] (apriltag) StdoutLine: {'line': b'-- Installing: /home/xavier/Developer/aquas-ROS-apriltags/install/apriltag/include/apriltag/common/unionfind.h\n'}
[24.577287] (apriltag) StdoutLine: {'line': b'-- Installing: /home/xavier/Developer/aquas-ROS-apriltags/install/apriltag/include/apriltag/common/workerpool.h\n'}
[24.580909] (apriltag) StdoutLine: {'line': b'-- Installing: /home/xavier/Developer/aquas-ROS-apriltags/install/apriltag/include/apriltag/common/zarray.h\n'}
[24.584666] (apriltag) StdoutLine: {'line': b'-- Installing: /home/xavier/Developer/aquas-ROS-apriltags/install/apriltag/include/apriltag/common/zhash.h\n'}
[24.591925] (apriltag) StdoutLine: {'line': b'-- Installing: /home/xavier/Developer/aquas-ROS-apriltags/install/apriltag/include/apriltag/common/zmaxheap.h\n'}
[24.596008] (apriltag) StdoutLine: {'line': b'-- Installing: /home/xavier/Developer/aquas-ROS-apriltags/install/apriltag/include/apriltag/tag16h5.h\n'}
[24.599535] (apriltag) StdoutLine: {'line': b'-- Installing: /home/xavier/Developer/aquas-ROS-apriltags/install/apriltag/include/apriltag/tag25h9.h\n'}
[24.602696] (apriltag) StdoutLine: {'line': b'-- Installing: /home/xavier/Developer/aquas-ROS-apriltags/install/apriltag/include/apriltag/tag36h10.h\n'}
[24.606117] (apriltag) StdoutLine: {'line': b'-- Installing: /home/xavier/Developer/aquas-ROS-apriltags/install/apriltag/include/apriltag/tag36h11.h\n'}
[24.609582] (apriltag) StdoutLine: {'line': b'-- Installing: /home/xavier/Developer/aquas-ROS-apriltags/install/apriltag/include/apriltag/tagCircle21h7.h\n'}
[24.612925] (apriltag) StdoutLine: {'line': b'-- Installing: /home/xavier/Developer/aquas-ROS-apriltags/install/apriltag/include/apriltag/tagCircle49h12.h\n'}
[24.616568] (apriltag) StdoutLine: {'line': b'-- Installing: /home/xavier/Developer/aquas-ROS-apriltags/install/apriltag/include/apriltag/tagCustom48h12.h\n'}
[24.619917] (apriltag) StdoutLine: {'line': b'-- Installing: /home/xavier/Developer/aquas-ROS-apriltags/install/apriltag/include/apriltag/tagStandard41h12.h\n'}
[24.623291] (apriltag) StdoutLine: {'line': b'-- Installing: /home/xavier/Developer/aquas-ROS-apriltags/install/apriltag/include/apriltag/tagStandard52h13.h\n'}
[24.627493] (apriltag) StdoutLine: {'line': b'-- Installing: /home/xavier/Developer/aquas-ROS-apriltags/install/apriltag/lib/libapriltag.so.3.4.5\n'}
[24.657880] (-) TimerEvent: {}
[24.668554] (apriltag) StdoutLine: {'line': b'-- Installing: /home/xavier/Developer/aquas-ROS-apriltags/install/apriltag/lib/libapriltag.so.3\n'}
[24.669862] (apriltag) StdoutLine: {'line': b'-- Installing: /home/xavier/Developer/aquas-ROS-apriltags/install/apriltag/lib/libapriltag.so\n'}
[24.674800] (apriltag) StdoutLine: {'line': b'-- Installing: /home/xavier/Developer/aquas-ROS-apriltags/install/apriltag/lib/apriltag/cmake/apriltagTargets.cmake\n'}
[24.679419] (apriltag) StdoutLine: {'line': b'-- Installing: /home/xavier/Developer/aquas-ROS-apriltags/install/apriltag/lib/apriltag/cmake/apriltagTargets-release.cmake\n'}
[24.683902] (apriltag) StdoutLine: {'line': b'-- Installing: /home/xavier/Developer/aquas-ROS-apriltags/install/apriltag/lib/apriltag/cmake/apriltagConfig.cmake\n'}
[24.688376] (apriltag) StdoutLine: {'line': b'-- Installing: /home/xavier/Developer/aquas-ROS-apriltags/install/apriltag/lib/apriltag/cmake/apriltagConfigVersion.cmake\n'}
[24.693228] (apriltag) StdoutLine: {'line': b'-- Installing: /home/xavier/Developer/aquas-ROS-apriltags/install/apriltag/lib/pkgconfig/apriltag.pc\n'}
[24.698626] (apriltag) StdoutLine: {'line': b'-- Installing: /home/xavier/Developer/aquas-ROS-apriltags/install/apriltag/lib/python3.10/site-packages/apriltag.cpython-310-aarch64-linux-gnu.so\n'}
[24.704946] (apriltag) StdoutLine: {'line': b'-- Set runtime path of "/home/xavier/Developer/aquas-ROS-apriltags/install/apriltag/lib/python3.10/site-packages/apriltag.cpython-310-aarch64-linux-gnu.so" to ""\n'}
[24.707909] (apriltag) StdoutLine: {'line': b'-- Installing: /home/xavier/Developer/aquas-ROS-apriltags/install/apriltag/bin/opencv_demo\n'}
[24.713982] (apriltag) StdoutLine: {'line': b'-- Set runtime path of "/home/xavier/Developer/aquas-ROS-apriltags/install/apriltag/bin/opencv_demo" to ""\n'}
[24.716349] (apriltag) StdoutLine: {'line': b'-- Installing: /home/xavier/Developer/aquas-ROS-apriltags/install/apriltag/bin/apriltag_demo\n'}
[24.725791] (apriltag) StdoutLine: {'line': b'-- Set runtime path of "/home/xavier/Developer/aquas-ROS-apriltags/install/apriltag/bin/apriltag_demo" to ""\n'}
[24.744805] (apriltag) CommandEnded: {'returncode': 0}
[24.763646] (aquas_camera_bringup) StdoutLine: {'line': b'running egg_info\n'}
[24.764763] (-) TimerEvent: {}
[24.765541] (aquas_camera_bringup) StdoutLine: {'line': b'writing ../../build/aquas_camera_bringup/aquas_camera_bringup.egg-info/PKG-INFO\n'}
[24.766671] (aquas_camera_bringup) StdoutLine: {'line': b'writing dependency_links to ../../build/aquas_camera_bringup/aquas_camera_bringup.egg-info/dependency_links.txt\n'}
[24.768811] (aquas_camera_bringup) StdoutLine: {'line': b'writing entry points to ../../build/aquas_camera_bringup/aquas_camera_bringup.egg-info/entry_points.txt\n'}
[24.771047] (aquas_camera_bringup) StdoutLine: {'line': b'writing requirements to ../../build/aquas_camera_bringup/aquas_camera_bringup.egg-info/requires.txt\n'}
[24.772562] (aquas_camera_bringup) StdoutLine: {'line': b'writing top-level names to ../../build/aquas_camera_bringup/aquas_camera_bringup.egg-info/top_level.txt\n'}
[24.786266] (aquas_camera_bringup) StdoutLine: {'line': b"reading manifest file '../../build/aquas_camera_bringup/aquas_camera_bringup.egg-info/SOURCES.txt'\n"}
[24.796683] (aquas_camera_bringup) StdoutLine: {'line': b"writing manifest file '../../build/aquas_camera_bringup/aquas_camera_bringup.egg-info/SOURCES.txt'\n"}
[24.797879] (aquas_camera_bringup) StdoutLine: {'line': b'running build\n'}
[24.798670] (aquas_camera_bringup) StdoutLine: {'line': b'running build_py\n'}
[24.799777] (aquas_camera_bringup) StdoutLine: {'line': b'creating /home/xavier/Developer/aquas-ROS-apriltags/build/aquas_camera_bringup/build\n'}
[24.800858] (aquas_camera_bringup) StdoutLine: {'line': b'creating /home/xavier/Developer/aquas-ROS-apriltags/build/aquas_camera_bringup/build/lib\n'}
[24.802050] (aquas_camera_bringup) StdoutLine: {'line': b'creating /home/xavier/Developer/aquas-ROS-apriltags/build/aquas_camera_bringup/build/lib/aquas_camera_bringup\n'}
[24.802954] (aquas_camera_bringup) StdoutLine: {'line': b'copying aquas_camera_bringup/__init__.py -> /home/xavier/Developer/aquas-ROS-apriltags/build/aquas_camera_bringup/build/lib/aquas_camera_bringup\n'}
[24.805561] (aquas_camera_bringup) StdoutLine: {'line': b'running install\n'}
[24.806965] (aquas_camera_bringup) StdoutLine: {'line': b'running install_lib\n'}
[24.813924] (aquas_camera_bringup) StdoutLine: {'line': b'creating /home/xavier/Developer/aquas-ROS-apriltags/install/aquas_camera_bringup/lib/python3.10/site-packages/aquas_camera_bringup\n'}
[24.815196] (aquas_camera_bringup) StdoutLine: {'line': b'copying /home/xavier/Developer/aquas-ROS-apriltags/build/aquas_camera_bringup/build/lib/aquas_camera_bringup/__init__.py -> /home/xavier/Developer/aquas-ROS-apriltags/install/aquas_camera_bringup/lib/python3.10/site-packages/aquas_camera_bringup\n'}
[24.818565] (aquas_camera_bringup) StdoutLine: {'line': b'byte-compiling /home/xavier/Developer/aquas-ROS-apriltags/install/aquas_camera_bringup/lib/python3.10/site-packages/aquas_camera_bringup/__init__.py to __init__.cpython-310.pyc\n'}
[24.821032] (aquas_camera_bringup) StdoutLine: {'line': b'running install_data\n'}
[24.825950] (aquas_camera_bringup) StdoutLine: {'line': b'copying resource/aquas_camera_bringup -> /home/xavier/Developer/aquas-ROS-apriltags/install/aquas_camera_bringup/share/ament_index/resource_index/packages\n'}
[24.830595] (aquas_camera_bringup) StdoutLine: {'line': b'copying package.xml -> /home/xavier/Developer/aquas-ROS-apriltags/install/aquas_camera_bringup/share/aquas_camera_bringup\n'}
[24.835479] (aquas_camera_bringup) StdoutLine: {'line': b'running install_egg_info\n'}
[24.846638] (aquas_camera_bringup) StdoutLine: {'line': b'Copying ../../build/aquas_camera_bringup/aquas_camera_bringup.egg-info to /home/xavier/Developer/aquas-ROS-apriltags/install/aquas_camera_bringup/lib/python3.10/site-packages/aquas_camera_bringup-0.0.0-py3.10.egg-info\n'}
[24.863343] (aquas_camera_bringup) StdoutLine: {'line': b'running install_scripts\n'}
[24.866421] (-) TimerEvent: {}
[24.937047] (apriltag) JobEnded: {'identifier': 'apriltag', 'rc': 0}
[24.943059] (aquas_dock_align) JobStarted: {'identifier': 'aquas_dock_align'}
[24.967430] (-) TimerEvent: {}
[24.998336] (aquas_camera_bringup) StdoutLine: {'line': b"writing list of installed files to '/home/xavier/Developer/aquas-ROS-apriltags/build/aquas_camera_bringup/install.log'\n"}
[25.067868] (-) TimerEvent: {}
[25.171070] (-) TimerEvent: {}
[25.273728] (-) TimerEvent: {}
[25.375389] (-) TimerEvent: {}
[25.477196] (-) TimerEvent: {}
[25.579596] (-) TimerEvent: {}
[25.681954] (-) TimerEvent: {}
[25.784233] (-) TimerEvent: {}
[25.886499] (-) TimerEvent: {}
[25.988712] (-) TimerEvent: {}
[26.090986] (-) TimerEvent: {}
[26.193291] (-) TimerEvent: {}
[26.295546] (-) TimerEvent: {}
[26.397750] (-) TimerEvent: {}
[26.499817] (-) TimerEvent: {}
[26.602030] (-) TimerEvent: {}
[26.703940] (-) TimerEvent: {}
[26.806018] (-) TimerEvent: {}
[26.908080] (-) TimerEvent: {}
[27.010327] (-) TimerEvent: {}
[27.112362] (-) TimerEvent: {}
[27.214891] (-) TimerEvent: {}
[27.293311] (aquas_camera_bringup) CommandEnded: {'returncode': 0}
[27.316114] (-) TimerEvent: {}
[27.355824] (aquas_camera_bringup) JobEnded: {'identifier': 'aquas_camera_bringup', 'rc': 0}
[27.366004] (camera_info_manager_py) JobStarted: {'identifier': 'camera_info_manager_py'}
[27.416857] (-) TimerEvent: {}
[27.518823] (-) TimerEvent: {}
[27.620771] (-) TimerEvent: {}
[27.723351] (-) TimerEvent: {}
[27.826400] (-) TimerEvent: {}
[27.928760] (-) TimerEvent: {}
[28.031011] (-) TimerEvent: {}
[28.133471] (-) TimerEvent: {}
[28.235660] (-) TimerEvent: {}
[28.337998] (-) TimerEvent: {}
[28.462599] (-) TimerEvent: {}
[28.564860] (-) TimerEvent: {}
[28.667290] (-) TimerEvent: {}
[28.769581] (-) TimerEvent: {}
[28.870554] (-) TimerEvent: {}
[28.971693] (-) TimerEvent: {}
[29.072778] (-) TimerEvent: {}
[29.173839] (-) TimerEvent: {}
[29.274848] (-) TimerEvent: {}
[29.366381] (camera_calibration_parsers) StdoutLine: {'line': b'[ 14%] \x1b[32mBuilding CXX object CMakeFiles/camera_calibration_parsers.dir/src/parse_yml.cpp.o\x1b[0m\n'}
[29.375059] (-) TimerEvent: {}
[29.477205] (-) TimerEvent: {}
[29.581165] (-) TimerEvent: {}
[29.684398] (-) TimerEvent: {}
[29.787742] (-) TimerEvent: {}
[29.891169] (-) TimerEvent: {}
[29.954762] (image_transport) StdoutLine: {'line': b'[  6%] \x1b[32mBuilding CXX object CMakeFiles/image_transport.dir/src/subscriber.cpp.o\x1b[0m\n'}
[29.991371] (-) TimerEvent: {}
[30.093270] (-) TimerEvent: {}
[30.197567] (-) TimerEvent: {}
[30.266023] (aquas_dock_align) Command: {'cmd': ['/usr/bin/python3', '-W', 'ignore:setup.py install is deprecated', '-W', 'ignore:easy_install command is deprecated', 'setup.py', 'egg_info', '--egg-base', '../../build/aquas_dock_align', 'build', '--build-base', '/home/xavier/Developer/aquas-ROS-apriltags/build/aquas_dock_align/build', 'install', '--record', '/home/xavier/Developer/aquas-ROS-apriltags/build/aquas_dock_align/install.log', '--single-version-externally-managed', 'install_data'], 'cwd': '/home/xavier/Developer/aquas-ROS-apriltags/src/aquas_dock_align', 'env': {'LESSOPEN': '| /usr/bin/lesspipe %s', 'USER': 'xavier', 'SSH_CLIENT': '10.207.118.216 33162 22', 'XDG_SESSION_TYPE': 'tty', 'SHLVL': '1', 'LD_LIBRARY_PATH': '/opt/ros/humble/opt/rviz_ogre_vendor/lib:/opt/ros/humble/lib/aarch64-linux-gnu:/opt/ros/humble/lib', 'MOTD_SHOWN': 'pam', 'HOME': '/home/xavier', 'OLDPWD': '/home/xavier/Developer', 'SSH_TTY': '/dev/pts/0', 'ROS_PYTHON_VERSION': '3', 'DBUS_SESSION_BUS_ADDRESS': 'unix:path=/run/user/1002/bus', 'ROS_DISTRO': 'humble', 'LOGNAME': 'xavier', '_': '/usr/bin/colcon', 'ROS_VERSION': '2', 'XDG_SESSION_CLASS': 'user', 'TERM': 'xterm-kitty', 'XDG_SESSION_ID': '10', 'ROS_LOCALHOST_ONLY': '0', 'PATH': '/opt/ros/humble/bin:/usr/local/sbin:/usr/local/bin:/usr/sbin:/usr/bin:/sbin:/bin:/usr/games:/usr/local/games:/snap/bin', 'XDG_RUNTIME_DIR': '/run/user/1002', 'LANG': 'en_US.UTF-8', 'LS_COLORS': 'rs=0:di=01;34:ln=01;36:mh=00:pi=40;33:so=01;35:do=01;35:bd=40;33;01:cd=40;33;01:or=40;31;01:mi=00:su=37;41:sg=30;43:ca=30;41:tw=30;42:ow=34;42:st=37;44:ex=01;32:*.tar=01;31:*.tgz=01;31:*.arc=01;31:*.arj=01;31:*.taz=01;31:*.lha=01;31:*.lz4=01;31:*.lzh=01;31:*.lzma=01;31:*.tlz=01;31:*.txz=01;31:*.tzo=01;31:*.t7z=01;31:*.zip=01;31:*.z=01;31:*.dz=01;31:*.gz=01;31:*.lrz=01;31:*.lz=01;31:*.lzo=01;31:*.xz=01;31:*.zst=01;31:*.tzst=01;31:*.bz2=01;31:*.bz=01;31:*.tbz=01;31:*.tbz2=01;31:*.tz=01;31:*.deb=01;31:*.rpm=01;31:*.jar=01;31:*.war=01;31:*.ear=01;31:*.sar=01;31:*.rar=01;31:*.alz=01;31:*.ace=01;31:*.zoo=01;31:*.cpio=01;31:*.7z=01;31:*.rz=01;31:*.cab=01;31:*.wim=01;31:*.swm=01;31:*.dwm=01;31:*.esd=01;31:*.jpg=01;35:*.jpeg=01;35:*.mjpg=01;35:*.mjpeg=01;35:*.gif=01;35:*.bmp=01;35:*.pbm=01;35:*.pgm=01;35:*.ppm=01;35:*.tga=01;35:*.xbm=01;35:*.xpm=01;35:*.tif=01;35:*.tiff=01;35:*.png=01;35:*.svg=01;35:*.svgz=01;35:*.mng=01;35:*.pcx=01;35:*.mov=01;35:*.mpg=01;35:*.mpeg=01;35:*.m2v=01;35:*.mkv=01;35:*.webm=01;35:*.webp=01;35:*.ogm=01;35:*.mp4=01;35:*.m4v=01;35:*.mp4v=01;35:*.vob=01;35:*.qt=01;35:*.nuv=01;35:*.wmv=01;35:*.asf=01;35:*.rm=01;35:*.rmvb=01;35:*.flc=01;35:*.avi=01;35:*.fli=01;35:*.flv=01;35:*.gl=01;35:*.dl=01;35:*.xcf=01;35:*.xwd=01;35:*.yuv=01;35:*.cgm=01;35:*.emf=01;35:*.ogv=01;35:*.ogx=01;35:*.aac=00;36:*.au=00;36:*.flac=00;36:*.m4a=00;36:*.mid=00;36:*.midi=00;36:*.mka=00;36:*.mp3=00;36:*.mpc=00;36:*.ogg=00;36:*.ra=00;36:*.wav=00;36:*.oga=00;36:*.opus=00;36:*.spx=00;36:*.xspf=00;36:', 'ROS_DOMAIN_ID': '101', 'AMENT_PREFIX_PATH': '/opt/ros/humble', 'SHELL': '/bin/bash', 'LESSCLOSE': '/usr/bin/lesspipe %s %s', 'PWD': '/home/xavier/Developer/aquas-ROS-apriltags/build/aquas_dock_align', 'SSH_CONNECTION': '10.207.118.216 33162 10.207.26.163 22', 'XDG_DATA_DIRS': '/usr/share/gnome:/usr/local/share:/usr/share:/var/lib/snapd/desktop', 'PYTHONPATH': '/home/xavier/Developer/aquas-ROS-apriltags/build/aquas_dock_align/prefix_override:/usr/lib/python3/dist-packages/colcon_core/task/python/colcon_distutils_commands:/home/xavier/Developer/aquas-ROS-apriltags/install/aquas_dock_align/lib/python3.10/site-packages:/opt/ros/humble/lib/python3.10/site-packages:/opt/ros/humble/local/lib/python3.10/dist-packages', 'COLCON': '1'}, 'shell': False}
[30.297754] (-) TimerEvent: {}
[30.398815] (-) TimerEvent: {}
[30.499817] (-) TimerEvent: {}
[30.601295] (-) TimerEvent: {}
[30.702422] (-) TimerEvent: {}
[30.803913] (-) TimerEvent: {}
[30.905107] (-) TimerEvent: {}
[31.006115] (-) TimerEvent: {}
[31.107168] (-) TimerEvent: {}
[31.208224] (-) TimerEvent: {}
[31.309302] (-) TimerEvent: {}
[31.410384] (-) TimerEvent: {}
[31.511510] (-) TimerEvent: {}
[31.612558] (-) TimerEvent: {}
[31.714279] (-) TimerEvent: {}
[31.816005] (-) TimerEvent: {}
[31.917937] (-) TimerEvent: {}
[32.020383] (-) TimerEvent: {}
[32.099145] (camera_info_manager_py) Command: {'cmd': ['/usr/bin/python3', '-W', 'ignore:setup.py install is deprecated', '-W', 'ignore:easy_install command is deprecated', 'setup.py', 'egg_info', '--egg-base', '../../../build/camera_info_manager_py', 'build', '--build-base', '/home/xavier/Developer/aquas-ROS-apriltags/build/camera_info_manager_py/build', 'install', '--record', '/home/xavier/Developer/aquas-ROS-apriltags/build/camera_info_manager_py/install.log', '--single-version-externally-managed', 'install_data'], 'cwd': '/home/xavier/Developer/aquas-ROS-apriltags/src/image_common/camera_info_manager_py', 'env': {'LESSOPEN': '| /usr/bin/lesspipe %s', 'USER': 'xavier', 'SSH_CLIENT': '10.207.118.216 33162 22', 'XDG_SESSION_TYPE': 'tty', 'SHLVL': '1', 'LD_LIBRARY_PATH': '/opt/ros/humble/opt/rviz_ogre_vendor/lib:/opt/ros/humble/lib/aarch64-linux-gnu:/opt/ros/humble/lib', 'MOTD_SHOWN': 'pam', 'HOME': '/home/xavier', 'OLDPWD': '/home/xavier/Developer', 'SSH_TTY': '/dev/pts/0', 'ROS_PYTHON_VERSION': '3', 'DBUS_SESSION_BUS_ADDRESS': 'unix:path=/run/user/1002/bus', 'ROS_DISTRO': 'humble', 'LOGNAME': 'xavier', '_': '/usr/bin/colcon', 'ROS_VERSION': '2', 'XDG_SESSION_CLASS': 'user', 'TERM': 'xterm-kitty', 'XDG_SESSION_ID': '10', 'ROS_LOCALHOST_ONLY': '0', 'PATH': '/opt/ros/humble/bin:/usr/local/sbin:/usr/local/bin:/usr/sbin:/usr/bin:/sbin:/bin:/usr/games:/usr/local/games:/snap/bin', 'XDG_RUNTIME_DIR': '/run/user/1002', 'LANG': 'en_US.UTF-8', 'LS_COLORS': 'rs=0:di=01;34:ln=01;36:mh=00:pi=40;33:so=01;35:do=01;35:bd=40;33;01:cd=40;33;01:or=40;31;01:mi=00:su=37;41:sg=30;43:ca=30;41:tw=30;42:ow=34;42:st=37;44:ex=01;32:*.tar=01;31:*.tgz=01;31:*.arc=01;31:*.arj=01;31:*.taz=01;31:*.lha=01;31:*.lz4=01;31:*.lzh=01;31:*.lzma=01;31:*.tlz=01;31:*.txz=01;31:*.tzo=01;31:*.t7z=01;31:*.zip=01;31:*.z=01;31:*.dz=01;31:*.gz=01;31:*.lrz=01;31:*.lz=01;31:*.lzo=01;31:*.xz=01;31:*.zst=01;31:*.tzst=01;31:*.bz2=01;31:*.bz=01;31:*.tbz=01;31:*.tbz2=01;31:*.tz=01;31:*.deb=01;31:*.rpm=01;31:*.jar=01;31:*.war=01;31:*.ear=01;31:*.sar=01;31:*.rar=01;31:*.alz=01;31:*.ace=01;31:*.zoo=01;31:*.cpio=01;31:*.7z=01;31:*.rz=01;31:*.cab=01;31:*.wim=01;31:*.swm=01;31:*.dwm=01;31:*.esd=01;31:*.jpg=01;35:*.jpeg=01;35:*.mjpg=01;35:*.mjpeg=01;35:*.gif=01;35:*.bmp=01;35:*.pbm=01;35:*.pgm=01;35:*.ppm=01;35:*.tga=01;35:*.xbm=01;35:*.xpm=01;35:*.tif=01;35:*.tiff=01;35:*.png=01;35:*.svg=01;35:*.svgz=01;35:*.mng=01;35:*.pcx=01;35:*.mov=01;35:*.mpg=01;35:*.mpeg=01;35:*.m2v=01;35:*.mkv=01;35:*.webm=01;35:*.webp=01;35:*.ogm=01;35:*.mp4=01;35:*.m4v=01;35:*.mp4v=01;35:*.vob=01;35:*.qt=01;35:*.nuv=01;35:*.wmv=01;35:*.asf=01;35:*.rm=01;35:*.rmvb=01;35:*.flc=01;35:*.avi=01;35:*.fli=01;35:*.flv=01;35:*.gl=01;35:*.dl=01;35:*.xcf=01;35:*.xwd=01;35:*.yuv=01;35:*.cgm=01;35:*.emf=01;35:*.ogv=01;35:*.ogx=01;35:*.aac=00;36:*.au=00;36:*.flac=00;36:*.m4a=00;36:*.mid=00;36:*.midi=00;36:*.mka=00;36:*.mp3=00;36:*.mpc=00;36:*.ogg=00;36:*.ra=00;36:*.wav=00;36:*.oga=00;36:*.opus=00;36:*.spx=00;36:*.xspf=00;36:', 'ROS_DOMAIN_ID': '101', 'AMENT_PREFIX_PATH': '/opt/ros/humble', 'SHELL': '/bin/bash', 'LESSCLOSE': '/usr/bin/lesspipe %s %s', 'PWD': '/home/xavier/Developer/aquas-ROS-apriltags/build/camera_info_manager_py', 'SSH_CONNECTION': '10.207.118.216 33162 10.207.26.163 22', 'XDG_DATA_DIRS': '/usr/share/gnome:/usr/local/share:/usr/share:/var/lib/snapd/desktop', 'PYTHONPATH': '/home/xavier/Developer/aquas-ROS-apriltags/build/camera_info_manager_py/prefix_override:/usr/lib/python3/dist-packages/colcon_core/task/python/colcon_distutils_commands:/home/xavier/Developer/aquas-ROS-apriltags/install/camera_info_manager_py/lib/python3.10/site-packages:/opt/ros/humble/lib/python3.10/site-packages:/opt/ros/humble/local/lib/python3.10/dist-packages', 'COLCON': '1'}, 'shell': False}
[32.120734] (-) TimerEvent: {}
[32.131687] (aquas_dock_align) StdoutLine: {'line': b'running egg_info\n'}
[32.136128] (aquas_dock_align) StdoutLine: {'line': b'creating ../../build/aquas_dock_align/aquas_dock_align.egg-info\n'}
[32.137318] (aquas_dock_align) StdoutLine: {'line': b'writing ../../build/aquas_dock_align/aquas_dock_align.egg-info/PKG-INFO\n'}
[32.138806] (aquas_dock_align) StdoutLine: {'line': b'writing dependency_links to ../../build/aquas_dock_align/aquas_dock_align.egg-info/dependency_links.txt\n'}
[32.139994] (aquas_dock_align) StdoutLine: {'line': b'writing entry points to ../../build/aquas_dock_align/aquas_dock_align.egg-info/entry_points.txt\n'}
[32.141198] (aquas_dock_align) StdoutLine: {'line': b'writing requirements to ../../build/aquas_dock_align/aquas_dock_align.egg-info/requires.txt\n'}
[32.142102] (aquas_dock_align) StdoutLine: {'line': b'writing top-level names to ../../build/aquas_dock_align/aquas_dock_align.egg-info/top_level.txt\n'}
[32.143101] (aquas_dock_align) StdoutLine: {'line': b"writing manifest file '../../build/aquas_dock_align/aquas_dock_align.egg-info/SOURCES.txt'\n"}
[32.153004] (aquas_dock_align) StdoutLine: {'line': b"reading manifest file '../../build/aquas_dock_align/aquas_dock_align.egg-info/SOURCES.txt'\n"}
[32.158098] (aquas_dock_align) StdoutLine: {'line': b"writing manifest file '../../build/aquas_dock_align/aquas_dock_align.egg-info/SOURCES.txt'\n"}
[32.159135] (aquas_dock_align) StdoutLine: {'line': b'running build\n'}
[32.160156] (aquas_dock_align) StdoutLine: {'line': b'running build_py\n'}
[32.162142] (aquas_dock_align) StdoutLine: {'line': b'creating /home/xavier/Developer/aquas-ROS-apriltags/build/aquas_dock_align/build\n'}
[32.163106] (aquas_dock_align) StdoutLine: {'line': b'creating /home/xavier/Developer/aquas-ROS-apriltags/build/aquas_dock_align/build/lib\n'}
[32.164149] (aquas_dock_align) StdoutLine: {'line': b'creating /home/xavier/Developer/aquas-ROS-apriltags/build/aquas_dock_align/build/lib/aquas_dock_align\n'}
[32.165567] (aquas_dock_align) StdoutLine: {'line': b'copying aquas_dock_align/__init__.py -> /home/xavier/Developer/aquas-ROS-apriltags/build/aquas_dock_align/build/lib/aquas_dock_align\n'}
[32.166888] (aquas_dock_align) StdoutLine: {'line': b'running install\n'}
[32.167759] (aquas_dock_align) StdoutLine: {'line': b'running install_lib\n'}
[32.172900] (aquas_dock_align) StdoutLine: {'line': b'creating /home/xavier/Developer/aquas-ROS-apriltags/install/aquas_dock_align/lib/python3.10/site-packages/aquas_dock_align\n'}
[32.174435] (aquas_dock_align) StdoutLine: {'line': b'copying /home/xavier/Developer/aquas-ROS-apriltags/build/aquas_dock_align/build/lib/aquas_dock_align/__init__.py -> /home/xavier/Developer/aquas-ROS-apriltags/install/aquas_dock_align/lib/python3.10/site-packages/aquas_dock_align\n'}
[32.177592] (aquas_dock_align) StdoutLine: {'line': b'byte-compiling /home/xavier/Developer/aquas-ROS-apriltags/install/aquas_dock_align/lib/python3.10/site-packages/aquas_dock_align/__init__.py to __init__.cpython-310.pyc\n'}
[32.179910] (aquas_dock_align) StdoutLine: {'line': b'running install_data\n'}
[32.181721] (aquas_dock_align) StdoutLine: {'line': b'creating /home/xavier/Developer/aquas-ROS-apriltags/install/aquas_dock_align/share/ament_index\n'}
[32.183297] (aquas_dock_align) StdoutLine: {'line': b'creating /home/xavier/Developer/aquas-ROS-apriltags/install/aquas_dock_align/share/ament_index/resource_index\n'}
[32.185470] (aquas_dock_align) StdoutLine: {'line': b'creating /home/xavier/Developer/aquas-ROS-apriltags/install/aquas_dock_align/share/ament_index/resource_index/packages\n'}
[32.186219] (aquas_dock_align) StdoutLine: {'line': b'copying resource/aquas_dock_align -> /home/xavier/Developer/aquas-ROS-apriltags/install/aquas_dock_align/share/ament_index/resource_index/packages\n'}
[32.186893] (aquas_dock_align) StdoutLine: {'line': b'copying package.xml -> /home/xavier/Developer/aquas-ROS-apriltags/install/aquas_dock_align/share/aquas_dock_align\n'}
[32.201885] (aquas_dock_align) StdoutLine: {'line': b'running install_egg_info\n'}
[32.202556] (aquas_dock_align) StdoutLine: {'line': b'Copying ../../build/aquas_dock_align/aquas_dock_align.egg-info to /home/xavier/Developer/aquas-ROS-apriltags/install/aquas_dock_align/lib/python3.10/site-packages/aquas_dock_align-0.0.0-py3.10.egg-info\n'}
[32.211750] (aquas_dock_align) StdoutLine: {'line': b'running install_scripts\n'}
[32.220915] (-) TimerEvent: {}
[32.322830] (-) TimerEvent: {}
[32.351357] (aquas_dock_align) StdoutLine: {'line': b"writing list of installed files to '/home/xavier/Developer/aquas-ROS-apriltags/build/aquas_dock_align/install.log'\n"}
[32.423478] (-) TimerEvent: {}
[32.526427] (-) TimerEvent: {}
[32.564937] (aquas_dock_align) CommandEnded: {'returncode': 0}
[32.611975] (aquas_dock_align) JobEnded: {'identifier': 'aquas_dock_align', 'rc': 0}
[32.626746] (-) TimerEvent: {}
[32.729036] (-) TimerEvent: {}
[32.830792] (-) TimerEvent: {}
[32.933451] (-) TimerEvent: {}
[33.035738] (-) TimerEvent: {}
[33.138270] (-) TimerEvent: {}
[33.240399] (-) TimerEvent: {}
[33.342625] (-) TimerEvent: {}
[33.460449] (-) TimerEvent: {}
[33.564925] (-) TimerEvent: {}
[33.667146] (-) TimerEvent: {}
[33.774582] (-) TimerEvent: {}
[33.875625] (-) TimerEvent: {}
[33.977757] (-) TimerEvent: {}
[34.079928] (-) TimerEvent: {}
[34.182475] (-) TimerEvent: {}
[34.285031] (-) TimerEvent: {}
[34.387045] (-) TimerEvent: {}
[34.397492] (camera_info_manager_py) StdoutLine: {'line': b'running egg_info\n'}
[34.403501] (camera_info_manager_py) StdoutLine: {'line': b'creating ../../../build/camera_info_manager_py/camera_info_manager_py.egg-info\n'}
[34.405071] (camera_info_manager_py) StdoutLine: {'line': b'writing ../../../build/camera_info_manager_py/camera_info_manager_py.egg-info/PKG-INFO\n'}
[34.407557] (camera_info_manager_py) StdoutLine: {'line': b'writing dependency_links to ../../../build/camera_info_manager_py/camera_info_manager_py.egg-info/dependency_links.txt\n'}
[34.409504] (camera_info_manager_py) StdoutLine: {'line': b'writing requirements to ../../../build/camera_info_manager_py/camera_info_manager_py.egg-info/requires.txt\n'}
[34.410819] (camera_info_manager_py) StdoutLine: {'line': b'writing top-level names to ../../../build/camera_info_manager_py/camera_info_manager_py.egg-info/top_level.txt\n'}
[34.411924] (camera_info_manager_py) StdoutLine: {'line': b"writing manifest file '../../../build/camera_info_manager_py/camera_info_manager_py.egg-info/SOURCES.txt'\n"}
[34.428862] (camera_info_manager_py) StdoutLine: {'line': b"reading manifest file '../../../build/camera_info_manager_py/camera_info_manager_py.egg-info/SOURCES.txt'\n"}
[34.430488] (camera_info_manager_py) StdoutLine: {'line': b"adding license file 'LICENSE'\n"}
[34.434512] (camera_info_manager_py) StdoutLine: {'line': b"writing manifest file '../../../build/camera_info_manager_py/camera_info_manager_py.egg-info/SOURCES.txt'\n"}
[34.436066] (camera_info_manager_py) StdoutLine: {'line': b'running build\n'}
[34.438049] (camera_info_manager_py) StdoutLine: {'line': b'running build_py\n'}
[34.440012] (camera_info_manager_py) StdoutLine: {'line': b'creating /home/xavier/Developer/aquas-ROS-apriltags/build/camera_info_manager_py/build\n'}
[34.440760] (camera_info_manager_py) StdoutLine: {'line': b'creating /home/xavier/Developer/aquas-ROS-apriltags/build/camera_info_manager_py/build/lib\n'}
[34.441435] (camera_info_manager_py) StdoutLine: {'line': b'creating /home/xavier/Developer/aquas-ROS-apriltags/build/camera_info_manager_py/build/lib/camera_info_manager\n'}
[34.442432] (camera_info_manager_py) StdoutLine: {'line': b'copying camera_info_manager/camera_info_manager.py -> /home/xavier/Developer/aquas-ROS-apriltags/build/camera_info_manager_py/build/lib/camera_info_manager\n'}
[34.444743] (camera_info_manager_py) StdoutLine: {'line': b'copying camera_info_manager/zoom_camera_info_manager.py -> /home/xavier/Developer/aquas-ROS-apriltags/build/camera_info_manager_py/build/lib/camera_info_manager\n'}
[34.447326] (camera_info_manager_py) StdoutLine: {'line': b'copying camera_info_manager/__init__.py -> /home/xavier/Developer/aquas-ROS-apriltags/build/camera_info_manager_py/build/lib/camera_info_manager\n'}
[34.450422] (camera_info_manager_py) StdoutLine: {'line': b'running install\n'}
[34.452598] (camera_info_manager_py) StdoutLine: {'line': b'running install_lib\n'}
[34.458179] (camera_info_manager_py) StdoutLine: {'line': b'creating /home/xavier/Developer/aquas-ROS-apriltags/install/camera_info_manager_py/lib/python3.10/site-packages/camera_info_manager\n'}
[34.460062] (camera_info_manager_py) StdoutLine: {'line': b'copying /home/xavier/Developer/aquas-ROS-apriltags/build/camera_info_manager_py/build/lib/camera_info_manager/camera_info_manager.py -> /home/xavier/Developer/aquas-ROS-apriltags/install/camera_info_manager_py/lib/python3.10/site-packages/camera_info_manager\n'}
[34.461726] (camera_info_manager_py) StdoutLine: {'line': b'copying /home/xavier/Developer/aquas-ROS-apriltags/build/camera_info_manager_py/build/lib/camera_info_manager/zoom_camera_info_manager.py -> /home/xavier/Developer/aquas-ROS-apriltags/install/camera_info_manager_py/lib/python3.10/site-packages/camera_info_manager\n'}
[34.463449] (camera_info_manager_py) StdoutLine: {'line': b'copying /home/xavier/Developer/aquas-ROS-apriltags/build/camera_info_manager_py/build/lib/camera_info_manager/__init__.py -> /home/xavier/Developer/aquas-ROS-apriltags/install/camera_info_manager_py/lib/python3.10/site-packages/camera_info_manager\n'}
[34.468146] (camera_info_manager_py) StdoutLine: {'line': b'byte-compiling /home/xavier/Developer/aquas-ROS-apriltags/install/camera_info_manager_py/lib/python3.10/site-packages/camera_info_manager/camera_info_manager.py to camera_info_manager.cpython-310.pyc\n'}
[34.481372] (camera_info_manager_py) StdoutLine: {'line': b'byte-compiling /home/xavier/Developer/aquas-ROS-apriltags/install/camera_info_manager_py/lib/python3.10/site-packages/camera_info_manager/zoom_camera_info_manager.py to zoom_camera_info_manager.cpython-310.pyc\n'}
[34.487312] (-) TimerEvent: {}
[34.489316] (camera_info_manager_py) StdoutLine: {'line': b'byte-compiling /home/xavier/Developer/aquas-ROS-apriltags/install/camera_info_manager_py/lib/python3.10/site-packages/camera_info_manager/__init__.py to __init__.cpython-310.pyc\n'}
[34.491019] (camera_info_manager_py) StdoutLine: {'line': b'running install_data\n'}
[34.492853] (camera_info_manager_py) StdoutLine: {'line': b'creating /home/xavier/Developer/aquas-ROS-apriltags/install/camera_info_manager_py/share/ament_index\n'}
[34.494215] (camera_info_manager_py) StdoutLine: {'line': b'creating /home/xavier/Developer/aquas-ROS-apriltags/install/camera_info_manager_py/share/ament_index/resource_index\n'}
[34.495604] (camera_info_manager_py) StdoutLine: {'line': b'creating /home/xavier/Developer/aquas-ROS-apriltags/install/camera_info_manager_py/share/ament_index/resource_index/packages\n'}
[34.496414] (camera_info_manager_py) StdoutLine: {'line': b'copying resource/camera_info_manager_py -> /home/xavier/Developer/aquas-ROS-apriltags/install/camera_info_manager_py/share/ament_index/resource_index/packages\n'}
[34.497164] (camera_info_manager_py) StdoutLine: {'line': b'copying package.xml -> /home/xavier/Developer/aquas-ROS-apriltags/install/camera_info_manager_py/share/camera_info_manager_py\n'}
[34.499039] (camera_info_manager_py) StdoutLine: {'line': b'running install_egg_info\n'}
[34.512044] (camera_info_manager_py) StdoutLine: {'line': b'Copying ../../../build/camera_info_manager_py/camera_info_manager_py.egg-info to /home/xavier/Developer/aquas-ROS-apriltags/install/camera_info_manager_py/lib/python3.10/site-packages/camera_info_manager_py-3.1.12-py3.10.egg-info\n'}
[34.524022] (camera_info_manager_py) StdoutLine: {'line': b'running install_scripts\n'}
[34.587688] (-) TimerEvent: {}
[34.666330] (camera_info_manager_py) StdoutLine: {'line': b"writing list of installed files to '/home/xavier/Developer/aquas-ROS-apriltags/build/camera_info_manager_py/install.log'\n"}
[34.687958] (-) TimerEvent: {}
[34.789745] (-) TimerEvent: {}
[34.845569] (camera_info_manager_py) CommandEnded: {'returncode': 0}
[34.890740] (-) TimerEvent: {}
[34.898160] (camera_info_manager_py) JobEnded: {'identifier': 'camera_info_manager_py', 'rc': 0}
[34.990969] (-) TimerEvent: {}
[35.092386] (-) TimerEvent: {}
[35.194162] (-) TimerEvent: {}
[35.296210] (-) TimerEvent: {}
[35.398082] (-) TimerEvent: {}
[35.499810] (-) TimerEvent: {}
[35.601657] (-) TimerEvent: {}
[35.703902] (-) TimerEvent: {}
[35.805820] (-) TimerEvent: {}
[35.907494] (-) TimerEvent: {}
[36.009185] (-) TimerEvent: {}
[36.110957] (-) TimerEvent: {}
[36.212657] (-) TimerEvent: {}
[36.314730] (-) TimerEvent: {}
[36.416425] (-) TimerEvent: {}
[36.518188] (-) TimerEvent: {}
[36.620102] (-) TimerEvent: {}
[36.721817] (-) TimerEvent: {}
[36.823454] (-) TimerEvent: {}
[36.925027] (-) TimerEvent: {}
[37.026697] (-) TimerEvent: {}
[37.128621] (-) TimerEvent: {}
[37.230232] (-) TimerEvent: {}
[37.331916] (-) TimerEvent: {}
[37.433575] (-) TimerEvent: {}
[37.535277] (-) TimerEvent: {}
[37.636996] (-) TimerEvent: {}
[37.738740] (-) TimerEvent: {}
[37.840359] (-) TimerEvent: {}
[37.942081] (-) TimerEvent: {}
[38.043749] (-) TimerEvent: {}
[38.145126] (-) TimerEvent: {}
[38.246399] (-) TimerEvent: {}
[38.347807] (-) TimerEvent: {}
[38.455928] (-) TimerEvent: {}
[38.556949] (-) TimerEvent: {}
[38.658450] (-) TimerEvent: {}
[38.759797] (-) TimerEvent: {}
[38.861256] (-) TimerEvent: {}
[38.962572] (-) TimerEvent: {}
[39.063928] (-) TimerEvent: {}
[39.165151] (-) TimerEvent: {}
[39.266400] (-) TimerEvent: {}
[39.297803] (camera_calibration_parsers) StdoutLine: {'line': b'[ 21%] \x1b[32m\x1b[1mLinking CXX shared library libcamera_calibration_parsers.so\x1b[0m\n'}
[39.366689] (-) TimerEvent: {}
[39.467592] (-) TimerEvent: {}
[39.568501] (-) TimerEvent: {}
[39.669381] (-) TimerEvent: {}
[39.770433] (-) TimerEvent: {}
[39.872197] (-) TimerEvent: {}
[39.974271] (-) TimerEvent: {}
[40.075603] (-) TimerEvent: {}
[40.177091] (-) TimerEvent: {}
[40.277917] (-) TimerEvent: {}
[40.365046] (camera_calibration_parsers) StdoutLine: {'line': b'[ 28%] Built target camera_calibration_parsers\n'}
[40.378124] (-) TimerEvent: {}
[40.471251] (camera_calibration_parsers) StdoutLine: {'line': b'[ 35%] \x1b[32mBuilding CXX object gtest/CMakeFiles/gtest.dir/src/gtest-all.cc.o\x1b[0m\n'}
[40.478339] (-) TimerEvent: {}
[40.579323] (-) TimerEvent: {}
[40.680410] (-) TimerEvent: {}
[40.781427] (-) TimerEvent: {}
[40.883279] (-) TimerEvent: {}
[40.984193] (-) TimerEvent: {}
[41.085130] (-) TimerEvent: {}
[41.186076] (-) TimerEvent: {}
[41.287031] (-) TimerEvent: {}
[41.388042] (-) TimerEvent: {}
[41.489195] (-) TimerEvent: {}
[41.591878] (-) TimerEvent: {}
[41.694111] (-) TimerEvent: {}
[41.796460] (-) TimerEvent: {}
[41.898611] (-) TimerEvent: {}
[42.000609] (-) TimerEvent: {}
[42.102608] (-) TimerEvent: {}
[42.204728] (-) TimerEvent: {}
[42.306948] (-) TimerEvent: {}
[42.408893] (-) TimerEvent: {}
[42.510908] (-) TimerEvent: {}
[42.612865] (-) TimerEvent: {}
[42.713788] (-) TimerEvent: {}
[42.814798] (-) TimerEvent: {}
[42.916008] (-) TimerEvent: {}
[43.017242] (-) TimerEvent: {}
[43.118344] (-) TimerEvent: {}
[43.219394] (-) TimerEvent: {}
[43.320521] (-) TimerEvent: {}
[43.421606] (-) TimerEvent: {}
[43.522895] (-) TimerEvent: {}
[43.623964] (-) TimerEvent: {}
[43.724986] (-) TimerEvent: {}
[43.825979] (-) TimerEvent: {}
[43.926940] (-) TimerEvent: {}
[44.027926] (-) TimerEvent: {}
[44.128907] (-) TimerEvent: {}
[44.229840] (-) TimerEvent: {}
[44.330732] (-) TimerEvent: {}
[44.431689] (-) TimerEvent: {}
[44.532704] (-) TimerEvent: {}
[44.633666] (-) TimerEvent: {}
[44.734705] (-) TimerEvent: {}
[44.835744] (-) TimerEvent: {}
[44.936689] (-) TimerEvent: {}
[45.037591] (-) TimerEvent: {}
[45.138592] (-) TimerEvent: {}
[45.239500] (-) TimerEvent: {}
[45.340442] (-) TimerEvent: {}
[45.441645] (-) TimerEvent: {}
[45.542657] (-) TimerEvent: {}
[45.643713] (-) TimerEvent: {}
[45.744676] (-) TimerEvent: {}
[45.845604] (-) TimerEvent: {}
[45.946580] (-) TimerEvent: {}
[46.047493] (-) TimerEvent: {}
[46.148432] (-) TimerEvent: {}
[46.249342] (-) TimerEvent: {}
[46.350310] (-) TimerEvent: {}
[46.388814] (image_transport) StdoutLine: {'line': b'[ 10%] \x1b[32mBuilding CXX object CMakeFiles/image_transport.dir/src/single_subscriber_publisher.cpp.o\x1b[0m\n'}
[46.450517] (-) TimerEvent: {}
[46.551385] (-) TimerEvent: {}
[46.652248] (-) TimerEvent: {}
[46.753254] (-) TimerEvent: {}
[46.854177] (-) TimerEvent: {}
[46.955132] (-) TimerEvent: {}
[47.056039] (-) TimerEvent: {}
[47.156931] (-) TimerEvent: {}
[47.257891] (-) TimerEvent: {}
[47.358736] (-) TimerEvent: {}
[47.459636] (-) TimerEvent: {}
[47.561254] (-) TimerEvent: {}
[47.662245] (-) TimerEvent: {}
[47.763118] (-) TimerEvent: {}
[47.864015] (-) TimerEvent: {}
[47.964923] (-) TimerEvent: {}
[48.065808] (-) TimerEvent: {}
[48.166650] (-) TimerEvent: {}
[48.267518] (-) TimerEvent: {}
[48.368392] (-) TimerEvent: {}
[48.469417] (-) TimerEvent: {}
[48.570337] (-) TimerEvent: {}
[48.671356] (-) TimerEvent: {}
[48.772278] (-) TimerEvent: {}
[48.873258] (-) TimerEvent: {}
[48.974250] (-) TimerEvent: {}
[49.075401] (-) TimerEvent: {}
[49.176448] (-) TimerEvent: {}
[49.277449] (-) TimerEvent: {}
[49.378486] (-) TimerEvent: {}
[49.479854] (-) TimerEvent: {}
[49.580860] (-) TimerEvent: {}
[49.681950] (-) TimerEvent: {}
[49.835884] (-) TimerEvent: {}
[49.938599] (-) TimerEvent: {}
[50.041777] (-) TimerEvent: {}
[50.148403] (-) TimerEvent: {}
[50.249790] (-) TimerEvent: {}
[50.350824] (-) TimerEvent: {}
[50.451826] (-) TimerEvent: {}
[50.552951] (-) TimerEvent: {}
[50.653911] (-) TimerEvent: {}
[50.755008] (-) TimerEvent: {}
[50.856122] (-) TimerEvent: {}
[50.957174] (-) TimerEvent: {}
[51.058099] (-) TimerEvent: {}
[51.159021] (-) TimerEvent: {}
[51.260156] (-) TimerEvent: {}
[51.361205] (-) TimerEvent: {}
[51.462228] (-) TimerEvent: {}
[51.563247] (-) TimerEvent: {}
[51.664286] (-) TimerEvent: {}
[51.765292] (-) TimerEvent: {}
[51.866454] (-) TimerEvent: {}
[51.967466] (-) TimerEvent: {}
[52.068665] (-) TimerEvent: {}
[52.169836] (-) TimerEvent: {}
[52.270861] (-) TimerEvent: {}
[52.372006] (-) TimerEvent: {}
[52.472996] (-) TimerEvent: {}
[52.573965] (-) TimerEvent: {}
[52.674978] (-) TimerEvent: {}
[52.775931] (-) TimerEvent: {}
[52.876860] (-) TimerEvent: {}
[52.977931] (-) TimerEvent: {}
[53.078908] (-) TimerEvent: {}
[53.179978] (-) TimerEvent: {}
[53.280994] (-) TimerEvent: {}
[53.381984] (-) TimerEvent: {}
[53.482942] (-) TimerEvent: {}
[53.583930] (-) TimerEvent: {}
[53.685016] (-) TimerEvent: {}
[53.785978] (-) TimerEvent: {}
[53.887017] (-) TimerEvent: {}
[53.987968] (-) TimerEvent: {}
[54.089008] (-) TimerEvent: {}
[54.189985] (-) TimerEvent: {}
[54.291089] (-) TimerEvent: {}
[54.392144] (-) TimerEvent: {}
[54.493232] (-) TimerEvent: {}
[54.594170] (-) TimerEvent: {}
[54.695127] (-) TimerEvent: {}
[54.796588] (-) TimerEvent: {}
[54.897416] (-) TimerEvent: {}
[54.998259] (-) TimerEvent: {}
[55.099165] (-) TimerEvent: {}
[55.200166] (-) TimerEvent: {}
[55.301084] (-) TimerEvent: {}
[55.401927] (-) TimerEvent: {}
[55.502806] (-) TimerEvent: {}
[55.603649] (-) TimerEvent: {}
[55.704593] (-) TimerEvent: {}
[55.805440] (-) TimerEvent: {}
[55.906267] (-) TimerEvent: {}
[56.007173] (-) TimerEvent: {}
[56.108075] (-) TimerEvent: {}
[56.209048] (-) TimerEvent: {}
[56.310749] (-) TimerEvent: {}
[56.329471] (image_transport) StdoutLine: {'line': b'[ 13%] \x1b[32mBuilding CXX object CMakeFiles/image_transport.dir/src/camera_publisher.cpp.o\x1b[0m\n'}
[56.410856] (-) TimerEvent: {}
[56.512136] (-) TimerEvent: {}
[56.611323] (camera_calibration_parsers) StdoutLine: {'line': b'[ 42%] \x1b[32m\x1b[1mLinking CXX static library libgtest.a\x1b[0m\n'}
[56.616170] (-) TimerEvent: {}
[56.716933] (-) TimerEvent: {}
[56.817759] (-) TimerEvent: {}
[56.919166] (-) TimerEvent: {}
[57.020019] (-) TimerEvent: {}
[57.120832] (-) TimerEvent: {}
[57.221658] (-) TimerEvent: {}
[57.312847] (camera_calibration_parsers) StdoutLine: {'line': b'[ 42%] Built target gtest\n'}
[57.321839] (-) TimerEvent: {}
[57.422633] (-) TimerEvent: {}
[57.523429] (-) TimerEvent: {}
[57.624229] (-) TimerEvent: {}
[57.725003] (-) TimerEvent: {}
[57.818817] (camera_calibration_parsers) StdoutLine: {'line': b'[ 50%] \x1b[32mBuilding CXX object CMakeFiles/convert.dir/src/convert.cpp.o\x1b[0m\n'}
[57.825218] (-) TimerEvent: {}
[57.926043] (-) TimerEvent: {}
[58.027026] (-) TimerEvent: {}
[58.127943] (-) TimerEvent: {}
[58.228896] (-) TimerEvent: {}
[58.329825] (-) TimerEvent: {}
[58.430824] (-) TimerEvent: {}
[58.531847] (-) TimerEvent: {}
[58.742511] (-) TimerEvent: {}
[58.843558] (-) TimerEvent: {}
[58.944650] (-) TimerEvent: {}
[59.045599] (-) TimerEvent: {}
[59.146519] (-) TimerEvent: {}
[59.247986] (-) TimerEvent: {}
[59.350863] (-) TimerEvent: {}
[59.452983] (-) TimerEvent: {}
[59.555097] (-) TimerEvent: {}
[59.657411] (-) TimerEvent: {}
[59.759541] (-) TimerEvent: {}
[59.861680] (-) TimerEvent: {}
[59.963757] (-) TimerEvent: {}
[60.065888] (-) TimerEvent: {}
[60.168614] (-) TimerEvent: {}
[60.271600] (-) TimerEvent: {}
[60.374099] (-) TimerEvent: {}
[60.476175] (-) TimerEvent: {}
[60.578642] (-) TimerEvent: {}
[60.681476] (-) TimerEvent: {}
[60.783834] (-) TimerEvent: {}
[60.886341] (-) TimerEvent: {}
[61.049108] (-) TimerEvent: {}
[61.199047] (-) TimerEvent: {}
[61.301555] (-) TimerEvent: {}
[61.403827] (-) TimerEvent: {}
[61.506456] (-) TimerEvent: {}
[61.609362] (-) TimerEvent: {}
[61.711500] (-) TimerEvent: {}
[61.813856] (-) TimerEvent: {}
[61.915968] (-) TimerEvent: {}
[62.018443] (-) TimerEvent: {}
[62.120685] (-) TimerEvent: {}
[62.222823] (-) TimerEvent: {}
[62.324943] (-) TimerEvent: {}
[62.427083] (-) TimerEvent: {}
[62.529778] (-) TimerEvent: {}
[62.631868] (-) TimerEvent: {}
[62.734606] (-) TimerEvent: {}
[62.806587] (camera_calibration_parsers) StdoutLine: {'line': b'[ 57%] \x1b[32m\x1b[1mLinking CXX executable convert\x1b[0m\n'}
[62.834964] (-) TimerEvent: {}
[62.937135] (-) TimerEvent: {}
[63.038487] (-) TimerEvent: {}
[63.140936] (-) TimerEvent: {}
[63.243142] (-) TimerEvent: {}
[63.344410] (-) TimerEvent: {}
[63.445884] (-) TimerEvent: {}
[63.547202] (-) TimerEvent: {}
[63.648571] (-) TimerEvent: {}
[63.749728] (-) TimerEvent: {}
[63.774907] (camera_calibration_parsers) StdoutLine: {'line': b'[ 57%] Built target convert\n'}
[63.845415] (camera_calibration_parsers) StdoutLine: {'line': b'\x1b[35m\x1b[1mConsolidate compiler generated dependencies of target gtest_main\x1b[0m\n'}
[63.849933] (-) TimerEvent: {}
[63.919555] (camera_calibration_parsers) StdoutLine: {'line': b'[ 71%] Built target gtest_main\n'}
[63.950218] (-) TimerEvent: {}
[64.034440] (camera_calibration_parsers) StdoutLine: {'line': b'[ 78%] \x1b[32mBuilding CXX object CMakeFiles/camera_calibration_parsers-parse_ini.dir/test/test_parse_ini.cpp.o\x1b[0m\n'}
[64.050438] (-) TimerEvent: {}
[64.151325] (-) TimerEvent: {}
[64.252235] (-) TimerEvent: {}
[64.353238] (-) TimerEvent: {}
[64.455433] (-) TimerEvent: {}
[64.557036] (-) TimerEvent: {}
[64.658771] (-) TimerEvent: {}
[64.760988] (-) TimerEvent: {}
[64.862983] (-) TimerEvent: {}
[64.964748] (-) TimerEvent: {}
[65.066381] (-) TimerEvent: {}
[65.168272] (-) TimerEvent: {}
[65.271039] (-) TimerEvent: {}
[65.373553] (-) TimerEvent: {}
[65.476137] (-) TimerEvent: {}
[65.578550] (-) TimerEvent: {}
[65.681045] (-) TimerEvent: {}
[65.783346] (-) TimerEvent: {}
[65.884844] (-) TimerEvent: {}
[65.986276] (-) TimerEvent: {}
[66.087930] (-) TimerEvent: {}
[66.189544] (-) TimerEvent: {}
[66.290940] (-) TimerEvent: {}
[66.392357] (-) TimerEvent: {}
[66.493994] (-) TimerEvent: {}
[66.595534] (-) TimerEvent: {}
[66.697043] (-) TimerEvent: {}
[66.798037] (-) TimerEvent: {}
[66.899128] (-) TimerEvent: {}
[67.000183] (-) TimerEvent: {}
[67.101375] (-) TimerEvent: {}
[67.202473] (-) TimerEvent: {}
[67.303612] (-) TimerEvent: {}
[67.404645] (-) TimerEvent: {}
[67.505591] (-) TimerEvent: {}
[67.606646] (-) TimerEvent: {}
[67.707665] (-) TimerEvent: {}
[67.808734] (-) TimerEvent: {}
[67.909792] (-) TimerEvent: {}
[68.010667] (-) TimerEvent: {}
[68.111620] (-) TimerEvent: {}
[68.212636] (-) TimerEvent: {}
[68.313591] (-) TimerEvent: {}
[68.414643] (-) TimerEvent: {}
[68.515624] (-) TimerEvent: {}
[68.616768] (-) TimerEvent: {}
[68.718313] (-) TimerEvent: {}
[68.819586] (-) TimerEvent: {}
[68.920948] (-) TimerEvent: {}
[69.022322] (-) TimerEvent: {}
[69.123466] (-) TimerEvent: {}
[69.224624] (-) TimerEvent: {}
[69.325693] (-) TimerEvent: {}
[69.426789] (-) TimerEvent: {}
[69.527629] (-) TimerEvent: {}
[69.628689] (-) TimerEvent: {}
[69.686246] (camera_calibration_parsers) StdoutLine: {'line': b'[ 85%] \x1b[32m\x1b[1mLinking CXX executable camera_calibration_parsers-parse_ini\x1b[0m\n'}
[69.728914] (-) TimerEvent: {}
[69.832883] (-) TimerEvent: {}
[69.935885] (-) TimerEvent: {}
[70.044754] (-) TimerEvent: {}
[70.148324] (-) TimerEvent: {}
[70.254808] (-) TimerEvent: {}
[70.357655] (-) TimerEvent: {}
[70.460377] (-) TimerEvent: {}
[70.562075] (-) TimerEvent: {}
[70.663785] (-) TimerEvent: {}
[70.762102] (camera_calibration_parsers) StdoutLine: {'line': b'[ 85%] Built target camera_calibration_parsers-parse_ini\n'}
[70.765572] (-) TimerEvent: {}
[70.866486] (-) TimerEvent: {}
[70.871093] (camera_calibration_parsers) StdoutLine: {'line': b'[ 92%] \x1b[32mBuilding CXX object CMakeFiles/camera_calibration_parsers-parse_yml.dir/test/test_parse_yml.cpp.o\x1b[0m\n'}
[70.966725] (-) TimerEvent: {}
[71.067690] (-) TimerEvent: {}
[71.168637] (-) TimerEvent: {}
[71.269524] (-) TimerEvent: {}
[71.370406] (-) TimerEvent: {}
[71.471355] (-) TimerEvent: {}
[71.572370] (-) TimerEvent: {}
[71.673291] (-) TimerEvent: {}
[71.774107] (-) TimerEvent: {}
[71.875054] (-) TimerEvent: {}
[71.975975] (-) TimerEvent: {}
[72.077098] (-) TimerEvent: {}
[72.178034] (-) TimerEvent: {}
[72.278962] (-) TimerEvent: {}
[72.380009] (-) TimerEvent: {}
[72.481152] (-) TimerEvent: {}
[72.582155] (-) TimerEvent: {}
[72.683135] (-) TimerEvent: {}
[72.784164] (-) TimerEvent: {}
[72.885143] (-) TimerEvent: {}
[72.986146] (-) TimerEvent: {}
[73.087060] (-) TimerEvent: {}
[73.188070] (-) TimerEvent: {}
[73.289104] (-) TimerEvent: {}
[73.390053] (-) TimerEvent: {}
[73.491015] (-) TimerEvent: {}
[73.591948] (-) TimerEvent: {}
[73.693005] (-) TimerEvent: {}
[73.793868] (-) TimerEvent: {}
[73.894913] (-) TimerEvent: {}
[74.007992] (-) TimerEvent: {}
[74.108863] (-) TimerEvent: {}
[74.209885] (-) TimerEvent: {}
[74.310910] (-) TimerEvent: {}
[74.411911] (-) TimerEvent: {}
[74.512970] (-) TimerEvent: {}
[74.614018] (-) TimerEvent: {}
[74.715016] (-) TimerEvent: {}
[74.816052] (-) TimerEvent: {}
[74.917384] (-) TimerEvent: {}
[75.019339] (-) TimerEvent: {}
[75.035017] (image_transport) StdoutLine: {'line': b'[ 16%] \x1b[32mBuilding CXX object CMakeFiles/image_transport.dir/src/camera_subscriber.cpp.o\x1b[0m\n'}
[75.119623] (-) TimerEvent: {}
[75.220641] (-) TimerEvent: {}
[75.321583] (-) TimerEvent: {}
[75.422554] (-) TimerEvent: {}
[75.523442] (-) TimerEvent: {}
[75.624323] (-) TimerEvent: {}
[75.725187] (-) TimerEvent: {}
[75.825994] (-) TimerEvent: {}
[75.926927] (-) TimerEvent: {}
[76.027906] (-) TimerEvent: {}
[76.128763] (-) TimerEvent: {}
[76.158374] (camera_calibration_parsers) StdoutLine: {'line': b'[100%] \x1b[32m\x1b[1mLinking CXX executable camera_calibration_parsers-parse_yml\x1b[0m\n'}
[76.228964] (-) TimerEvent: {}
[76.330739] (-) TimerEvent: {}
[76.431928] (-) TimerEvent: {}
[76.533498] (-) TimerEvent: {}
[76.634560] (-) TimerEvent: {}
[76.735678] (-) TimerEvent: {}
[76.837071] (-) TimerEvent: {}
[76.938112] (-) TimerEvent: {}
[77.039265] (-) TimerEvent: {}
[77.090766] (camera_calibration_parsers) StdoutLine: {'line': b'[100%] Built target camera_calibration_parsers-parse_yml\n'}
[77.139508] (-) TimerEvent: {}
[77.181939] (camera_calibration_parsers) CommandEnded: {'returncode': 0}
[77.186697] (camera_calibration_parsers) JobProgress: {'identifier': 'camera_calibration_parsers', 'progress': 'install'}
[77.194066] (camera_calibration_parsers) Command: {'cmd': ['/usr/bin/cmake', '--install', '/home/xavier/Developer/aquas-ROS-apriltags/build/camera_calibration_parsers'], 'cwd': '/home/xavier/Developer/aquas-ROS-apriltags/build/camera_calibration_parsers', 'env': OrderedDict([('LESSOPEN', '| /usr/bin/lesspipe %s'), ('USER', 'xavier'), ('SSH_CLIENT', '10.207.118.216 33162 22'), ('XDG_SESSION_TYPE', 'tty'), ('SHLVL', '1'), ('LD_LIBRARY_PATH', '/opt/ros/humble/opt/rviz_ogre_vendor/lib:/opt/ros/humble/lib/aarch64-linux-gnu:/opt/ros/humble/lib'), ('MOTD_SHOWN', 'pam'), ('HOME', '/home/xavier'), ('OLDPWD', '/home/xavier/Developer'), ('SSH_TTY', '/dev/pts/0'), ('ROS_PYTHON_VERSION', '3'), ('DBUS_SESSION_BUS_ADDRESS', 'unix:path=/run/user/1002/bus'), ('ROS_DISTRO', 'humble'), ('LOGNAME', 'xavier'), ('_', '/usr/bin/colcon'), ('ROS_VERSION', '2'), ('XDG_SESSION_CLASS', 'user'), ('TERM', 'xterm-kitty'), ('XDG_SESSION_ID', '10'), ('ROS_LOCALHOST_ONLY', '0'), ('PATH', '/opt/ros/humble/bin:/usr/local/sbin:/usr/local/bin:/usr/sbin:/usr/bin:/sbin:/bin:/usr/games:/usr/local/games:/snap/bin'), ('XDG_RUNTIME_DIR', '/run/user/1002'), ('LANG', 'en_US.UTF-8'), ('LS_COLORS', 'rs=0:di=01;34:ln=01;36:mh=00:pi=40;33:so=01;35:do=01;35:bd=40;33;01:cd=40;33;01:or=40;31;01:mi=00:su=37;41:sg=30;43:ca=30;41:tw=30;42:ow=34;42:st=37;44:ex=01;32:*.tar=01;31:*.tgz=01;31:*.arc=01;31:*.arj=01;31:*.taz=01;31:*.lha=01;31:*.lz4=01;31:*.lzh=01;31:*.lzma=01;31:*.tlz=01;31:*.txz=01;31:*.tzo=01;31:*.t7z=01;31:*.zip=01;31:*.z=01;31:*.dz=01;31:*.gz=01;31:*.lrz=01;31:*.lz=01;31:*.lzo=01;31:*.xz=01;31:*.zst=01;31:*.tzst=01;31:*.bz2=01;31:*.bz=01;31:*.tbz=01;31:*.tbz2=01;31:*.tz=01;31:*.deb=01;31:*.rpm=01;31:*.jar=01;31:*.war=01;31:*.ear=01;31:*.sar=01;31:*.rar=01;31:*.alz=01;31:*.ace=01;31:*.zoo=01;31:*.cpio=01;31:*.7z=01;31:*.rz=01;31:*.cab=01;31:*.wim=01;31:*.swm=01;31:*.dwm=01;31:*.esd=01;31:*.jpg=01;35:*.jpeg=01;35:*.mjpg=01;35:*.mjpeg=01;35:*.gif=01;35:*.bmp=01;35:*.pbm=01;35:*.pgm=01;35:*.ppm=01;35:*.tga=01;35:*.xbm=01;35:*.xpm=01;35:*.tif=01;35:*.tiff=01;35:*.png=01;35:*.svg=01;35:*.svgz=01;35:*.mng=01;35:*.pcx=01;35:*.mov=01;35:*.mpg=01;35:*.mpeg=01;35:*.m2v=01;35:*.mkv=01;35:*.webm=01;35:*.webp=01;35:*.ogm=01;35:*.mp4=01;35:*.m4v=01;35:*.mp4v=01;35:*.vob=01;35:*.qt=01;35:*.nuv=01;35:*.wmv=01;35:*.asf=01;35:*.rm=01;35:*.rmvb=01;35:*.flc=01;35:*.avi=01;35:*.fli=01;35:*.flv=01;35:*.gl=01;35:*.dl=01;35:*.xcf=01;35:*.xwd=01;35:*.yuv=01;35:*.cgm=01;35:*.emf=01;35:*.ogv=01;35:*.ogx=01;35:*.aac=00;36:*.au=00;36:*.flac=00;36:*.m4a=00;36:*.mid=00;36:*.midi=00;36:*.mka=00;36:*.mp3=00;36:*.mpc=00;36:*.ogg=00;36:*.ra=00;36:*.wav=00;36:*.oga=00;36:*.opus=00;36:*.spx=00;36:*.xspf=00;36:'), ('ROS_DOMAIN_ID', '101'), ('AMENT_PREFIX_PATH', '/opt/ros/humble'), ('SHELL', '/bin/bash'), ('LESSCLOSE', '/usr/bin/lesspipe %s %s'), ('PWD', '/home/xavier/Developer/aquas-ROS-apriltags/build/camera_calibration_parsers'), ('SSH_CONNECTION', '10.207.118.216 33162 10.207.26.163 22'), ('XDG_DATA_DIRS', '/usr/share/gnome:/usr/local/share:/usr/share:/var/lib/snapd/desktop'), ('PYTHONPATH', '/opt/ros/humble/lib/python3.10/site-packages:/opt/ros/humble/local/lib/python3.10/dist-packages'), ('COLCON', '1'), ('CMAKE_PREFIX_PATH', '/opt/ros/humble')]), 'shell': False}
[77.233381] (camera_calibration_parsers) StdoutLine: {'line': b'-- Install configuration: ""\n'}
[77.239677] (-) TimerEvent: {}
[77.242046] (camera_calibration_parsers) StdoutLine: {'line': b'-- Execute custom install script\n'}
[77.251149] (camera_calibration_parsers) StdoutLine: {'line': b'-- Symlinking: /home/xavier/Developer/aquas-ROS-apriltags/install/camera_calibration_parsers/lib/camera_calibration_parsers/convert\n'}
[77.301625] (camera_calibration_parsers) StdoutLine: {'line': b'-- Symlinking: /home/xavier/Developer/aquas-ROS-apriltags/install/camera_calibration_parsers/include/camera_calibration_parsers/camera_calibration_parsers/parse.h\n'}
[77.339884] (-) TimerEvent: {}
[77.343013] (camera_calibration_parsers) StdoutLine: {'line': b'-- Symlinking: /home/xavier/Developer/aquas-ROS-apriltags/install/camera_calibration_parsers/include/camera_calibration_parsers/camera_calibration_parsers/parse.hpp\n'}
[77.383264] (camera_calibration_parsers) StdoutLine: {'line': b'-- Symlinking: /home/xavier/Developer/aquas-ROS-apriltags/install/camera_calibration_parsers/include/camera_calibration_parsers/camera_calibration_parsers/parse_ini.h\n'}
[77.422979] (camera_calibration_parsers) StdoutLine: {'line': b'-- Symlinking: /home/xavier/Developer/aquas-ROS-apriltags/install/camera_calibration_parsers/include/camera_calibration_parsers/camera_calibration_parsers/parse_ini.hpp\n'}
[77.440130] (-) TimerEvent: {}
[77.462044] (camera_calibration_parsers) StdoutLine: {'line': b'-- Symlinking: /home/xavier/Developer/aquas-ROS-apriltags/install/camera_calibration_parsers/include/camera_calibration_parsers/camera_calibration_parsers/parse_yml.h\n'}
[77.501512] (camera_calibration_parsers) StdoutLine: {'line': b'-- Symlinking: /home/xavier/Developer/aquas-ROS-apriltags/install/camera_calibration_parsers/include/camera_calibration_parsers/camera_calibration_parsers/parse_yml.hpp\n'}
[77.540348] (-) TimerEvent: {}
[77.541279] (camera_calibration_parsers) StdoutLine: {'line': b'-- Symlinking: /home/xavier/Developer/aquas-ROS-apriltags/install/camera_calibration_parsers/include/camera_calibration_parsers/camera_calibration_parsers/visibility_control.hpp\n'}
[77.582532] (camera_calibration_parsers) StdoutLine: {'line': b'-- Symlinking: /home/xavier/Developer/aquas-ROS-apriltags/install/camera_calibration_parsers/share/ament_index/resource_index/package_run_dependencies/camera_calibration_parsers\n'}
[77.622730] (camera_calibration_parsers) StdoutLine: {'line': b'-- Symlinking: /home/xavier/Developer/aquas-ROS-apriltags/install/camera_calibration_parsers/share/ament_index/resource_index/parent_prefix_path/camera_calibration_parsers\n'}
[77.640739] (-) TimerEvent: {}
[77.664464] (camera_calibration_parsers) StdoutLine: {'line': b'-- Symlinking: /home/xavier/Developer/aquas-ROS-apriltags/install/camera_calibration_parsers/share/camera_calibration_parsers/environment/ament_prefix_path.sh\n'}
[77.704742] (camera_calibration_parsers) StdoutLine: {'line': b'-- Symlinking: /home/xavier/Developer/aquas-ROS-apriltags/install/camera_calibration_parsers/share/camera_calibration_parsers/environment/ament_prefix_path.dsv\n'}
[77.740963] (-) TimerEvent: {}
[77.745108] (camera_calibration_parsers) StdoutLine: {'line': b'-- Symlinking: /home/xavier/Developer/aquas-ROS-apriltags/install/camera_calibration_parsers/share/camera_calibration_parsers/environment/path.sh\n'}
[77.784188] (camera_calibration_parsers) StdoutLine: {'line': b'-- Symlinking: /home/xavier/Developer/aquas-ROS-apriltags/install/camera_calibration_parsers/share/camera_calibration_parsers/environment/path.dsv\n'}
[77.824017] (camera_calibration_parsers) StdoutLine: {'line': b'-- Symlinking: /home/xavier/Developer/aquas-ROS-apriltags/install/camera_calibration_parsers/share/camera_calibration_parsers/local_setup.bash\n'}
[77.841211] (-) TimerEvent: {}
[77.863983] (camera_calibration_parsers) StdoutLine: {'line': b'-- Symlinking: /home/xavier/Developer/aquas-ROS-apriltags/install/camera_calibration_parsers/share/camera_calibration_parsers/local_setup.sh\n'}
[77.903039] (camera_calibration_parsers) StdoutLine: {'line': b'-- Symlinking: /home/xavier/Developer/aquas-ROS-apriltags/install/camera_calibration_parsers/share/camera_calibration_parsers/local_setup.zsh\n'}
[77.941398] (-) TimerEvent: {}
[77.942645] (camera_calibration_parsers) StdoutLine: {'line': b'-- Symlinking: /home/xavier/Developer/aquas-ROS-apriltags/install/camera_calibration_parsers/share/camera_calibration_parsers/local_setup.dsv\n'}
[77.981614] (camera_calibration_parsers) StdoutLine: {'line': b'-- Symlinking: /home/xavier/Developer/aquas-ROS-apriltags/install/camera_calibration_parsers/share/camera_calibration_parsers/package.dsv\n'}
[78.021636] (camera_calibration_parsers) StdoutLine: {'line': b'-- Symlinking: /home/xavier/Developer/aquas-ROS-apriltags/install/camera_calibration_parsers/share/ament_index/resource_index/packages/camera_calibration_parsers\n'}
[78.041628] (-) TimerEvent: {}
[78.062275] (camera_calibration_parsers) StdoutLine: {'line': b'-- Symlinking: /home/xavier/Developer/aquas-ROS-apriltags/install/camera_calibration_parsers/share/camera_calibration_parsers/cmake/ament_cmake_export_targets-extras.cmake\n'}
[78.102075] (camera_calibration_parsers) StdoutLine: {'line': b'-- Symlinking: /home/xavier/Developer/aquas-ROS-apriltags/install/camera_calibration_parsers/share/camera_calibration_parsers/cmake/ament_cmake_export_dependencies-extras.cmake\n'}
[78.141829] (-) TimerEvent: {}
[78.143131] (camera_calibration_parsers) StdoutLine: {'line': b'-- Symlinking: /home/xavier/Developer/aquas-ROS-apriltags/install/camera_calibration_parsers/share/camera_calibration_parsers/cmake/camera_calibration_parsersConfig.cmake\n'}
[78.181496] (camera_calibration_parsers) StdoutLine: {'line': b'-- Symlinking: /home/xavier/Developer/aquas-ROS-apriltags/install/camera_calibration_parsers/share/camera_calibration_parsers/cmake/camera_calibration_parsersConfig-version.cmake\n'}
[78.220662] (camera_calibration_parsers) StdoutLine: {'line': b'-- Symlinking: /home/xavier/Developer/aquas-ROS-apriltags/install/camera_calibration_parsers/share/camera_calibration_parsers/package.xml\n'}
[78.242086] (-) TimerEvent: {}
[78.261672] (camera_calibration_parsers) StdoutLine: {'line': b'-- Installing: /home/xavier/Developer/aquas-ROS-apriltags/install/camera_calibration_parsers/lib/libcamera_calibration_parsers.so\n'}
[78.279133] (camera_calibration_parsers) StdoutLine: {'line': b'-- Set runtime path of "/home/xavier/Developer/aquas-ROS-apriltags/install/camera_calibration_parsers/lib/libcamera_calibration_parsers.so" to ""\n'}
[78.279977] (camera_calibration_parsers) StdoutLine: {'line': b'-- Installing: /home/xavier/Developer/aquas-ROS-apriltags/install/camera_calibration_parsers/share/camera_calibration_parsers/cmake/export_camera_calibration_parsersExport.cmake\n'}
[78.283295] (camera_calibration_parsers) StdoutLine: {'line': b'-- Installing: /home/xavier/Developer/aquas-ROS-apriltags/install/camera_calibration_parsers/share/camera_calibration_parsers/cmake/export_camera_calibration_parsersExport-noconfig.cmake\n'}
[78.295183] (camera_calibration_parsers) CommandEnded: {'returncode': 0}
[78.343361] (-) TimerEvent: {}
[78.448427] (-) TimerEvent: {}
[78.465707] (camera_calibration_parsers) JobEnded: {'identifier': 'camera_calibration_parsers', 'rc': 0}
[78.470891] (camera_info_manager) JobStarted: {'identifier': 'camera_info_manager'}
[78.548658] (-) TimerEvent: {}
[78.579859] (camera_info_manager) JobProgress: {'identifier': 'camera_info_manager', 'progress': 'cmake'}
[78.582763] (camera_info_manager) Command: {'cmd': ['/usr/bin/cmake', '/home/xavier/Developer/aquas-ROS-apriltags/src/image_common/camera_info_manager', '-DCMAKE_INSTALL_PREFIX=/home/xavier/Developer/aquas-ROS-apriltags/install/camera_info_manager'], 'cwd': '/home/xavier/Developer/aquas-ROS-apriltags/build/camera_info_manager', 'env': OrderedDict([('LESSOPEN', '| /usr/bin/lesspipe %s'), ('USER', 'xavier'), ('SSH_CLIENT', '10.207.118.216 33162 22'), ('XDG_SESSION_TYPE', 'tty'), ('SHLVL', '1'), ('LD_LIBRARY_PATH', '/home/xavier/Developer/aquas-ROS-apriltags/install/camera_calibration_parsers/lib:/opt/ros/humble/opt/rviz_ogre_vendor/lib:/opt/ros/humble/lib/aarch64-linux-gnu:/opt/ros/humble/lib'), ('MOTD_SHOWN', 'pam'), ('HOME', '/home/xavier'), ('OLDPWD', '/home/xavier/Developer'), ('SSH_TTY', '/dev/pts/0'), ('ROS_PYTHON_VERSION', '3'), ('DBUS_SESSION_BUS_ADDRESS', 'unix:path=/run/user/1002/bus'), ('ROS_DISTRO', 'humble'), ('LOGNAME', 'xavier'), ('_', '/usr/bin/colcon'), ('ROS_VERSION', '2'), ('XDG_SESSION_CLASS', 'user'), ('TERM', 'xterm-kitty'), ('XDG_SESSION_ID', '10'), ('ROS_LOCALHOST_ONLY', '0'), ('PATH', '/opt/ros/humble/bin:/usr/local/sbin:/usr/local/bin:/usr/sbin:/usr/bin:/sbin:/bin:/usr/games:/usr/local/games:/snap/bin'), ('XDG_RUNTIME_DIR', '/run/user/1002'), ('LANG', 'en_US.UTF-8'), ('LS_COLORS', 'rs=0:di=01;34:ln=01;36:mh=00:pi=40;33:so=01;35:do=01;35:bd=40;33;01:cd=40;33;01:or=40;31;01:mi=00:su=37;41:sg=30;43:ca=30;41:tw=30;42:ow=34;42:st=37;44:ex=01;32:*.tar=01;31:*.tgz=01;31:*.arc=01;31:*.arj=01;31:*.taz=01;31:*.lha=01;31:*.lz4=01;31:*.lzh=01;31:*.lzma=01;31:*.tlz=01;31:*.txz=01;31:*.tzo=01;31:*.t7z=01;31:*.zip=01;31:*.z=01;31:*.dz=01;31:*.gz=01;31:*.lrz=01;31:*.lz=01;31:*.lzo=01;31:*.xz=01;31:*.zst=01;31:*.tzst=01;31:*.bz2=01;31:*.bz=01;31:*.tbz=01;31:*.tbz2=01;31:*.tz=01;31:*.deb=01;31:*.rpm=01;31:*.jar=01;31:*.war=01;31:*.ear=01;31:*.sar=01;31:*.rar=01;31:*.alz=01;31:*.ace=01;31:*.zoo=01;31:*.cpio=01;31:*.7z=01;31:*.rz=01;31:*.cab=01;31:*.wim=01;31:*.swm=01;31:*.dwm=01;31:*.esd=01;31:*.jpg=01;35:*.jpeg=01;35:*.mjpg=01;35:*.mjpeg=01;35:*.gif=01;35:*.bmp=01;35:*.pbm=01;35:*.pgm=01;35:*.ppm=01;35:*.tga=01;35:*.xbm=01;35:*.xpm=01;35:*.tif=01;35:*.tiff=01;35:*.png=01;35:*.svg=01;35:*.svgz=01;35:*.mng=01;35:*.pcx=01;35:*.mov=01;35:*.mpg=01;35:*.mpeg=01;35:*.m2v=01;35:*.mkv=01;35:*.webm=01;35:*.webp=01;35:*.ogm=01;35:*.mp4=01;35:*.m4v=01;35:*.mp4v=01;35:*.vob=01;35:*.qt=01;35:*.nuv=01;35:*.wmv=01;35:*.asf=01;35:*.rm=01;35:*.rmvb=01;35:*.flc=01;35:*.avi=01;35:*.fli=01;35:*.flv=01;35:*.gl=01;35:*.dl=01;35:*.xcf=01;35:*.xwd=01;35:*.yuv=01;35:*.cgm=01;35:*.emf=01;35:*.ogv=01;35:*.ogx=01;35:*.aac=00;36:*.au=00;36:*.flac=00;36:*.m4a=00;36:*.mid=00;36:*.midi=00;36:*.mka=00;36:*.mp3=00;36:*.mpc=00;36:*.ogg=00;36:*.ra=00;36:*.wav=00;36:*.oga=00;36:*.opus=00;36:*.spx=00;36:*.xspf=00;36:'), ('ROS_DOMAIN_ID', '101'), ('AMENT_PREFIX_PATH', '/home/xavier/Developer/aquas-ROS-apriltags/install/camera_calibration_parsers:/opt/ros/humble'), ('SHELL', '/bin/bash'), ('LESSCLOSE', '/usr/bin/lesspipe %s %s'), ('PWD', '/home/xavier/Developer/aquas-ROS-apriltags/build/camera_info_manager'), ('SSH_CONNECTION', '10.207.118.216 33162 10.207.26.163 22'), ('XDG_DATA_DIRS', '/usr/share/gnome:/usr/local/share:/usr/share:/var/lib/snapd/desktop'), ('PYTHONPATH', '/opt/ros/humble/lib/python3.10/site-packages:/opt/ros/humble/local/lib/python3.10/dist-packages'), ('COLCON', '1'), ('CMAKE_PREFIX_PATH', '/home/xavier/Developer/aquas-ROS-apriltags/install/camera_calibration_parsers:/opt/ros/humble')]), 'shell': False}
[78.648881] (-) TimerEvent: {}
[78.749789] (-) TimerEvent: {}
[78.850909] (-) TimerEvent: {}
[78.952000] (-) TimerEvent: {}
[79.052878] (-) TimerEvent: {}
[79.153741] (-) TimerEvent: {}
[79.254715] (-) TimerEvent: {}
[79.355635] (-) TimerEvent: {}
[79.456572] (-) TimerEvent: {}
[79.557528] (-) TimerEvent: {}
[79.570276] (camera_info_manager) StdoutLine: {'line': b'-- The C compiler identification is GNU 11.4.0\n'}
[79.657740] (-) TimerEvent: {}
[79.758845] (-) TimerEvent: {}
[79.859942] (-) TimerEvent: {}
[79.924879] (camera_info_manager) StdoutLine: {'line': b'-- The CXX compiler identification is GNU 11.4.0\n'}
[79.960163] (-) TimerEvent: {}
[79.984343] (camera_info_manager) StdoutLine: {'line': b'-- Detecting C compiler ABI info\n'}
[80.060387] (-) TimerEvent: {}
[80.161300] (-) TimerEvent: {}
[80.262188] (-) TimerEvent: {}
[80.363257] (-) TimerEvent: {}
[80.400726] (camera_info_manager) StdoutLine: {'line': b'-- Detecting C compiler ABI info - done\n'}
[80.431712] (camera_info_manager) StdoutLine: {'line': b'-- Check for working C compiler: /usr/bin/cc - skipped\n'}
[80.437392] (camera_info_manager) StdoutLine: {'line': b'-- Detecting C compile features\n'}
[80.441471] (camera_info_manager) StdoutLine: {'line': b'-- Detecting C compile features - done\n'}
[80.460562] (camera_info_manager) StdoutLine: {'line': b'-- Detecting CXX compiler ABI info\n'}
[80.463450] (-) TimerEvent: {}
[80.564680] (-) TimerEvent: {}
[80.666729] (-) TimerEvent: {}
[80.768702] (-) TimerEvent: {}
[80.871157] (-) TimerEvent: {}
[80.912553] (camera_info_manager) StdoutLine: {'line': b'-- Detecting CXX compiler ABI info - done\n'}
[80.944735] (camera_info_manager) StdoutLine: {'line': b'-- Check for working CXX compiler: /usr/bin/c++ - skipped\n'}
[80.946023] (camera_info_manager) StdoutLine: {'line': b'-- Detecting CXX compile features\n'}
[80.948062] (camera_info_manager) StdoutLine: {'line': b'-- Detecting CXX compile features - done\n'}
[80.971362] (-) TimerEvent: {}
[80.988992] (camera_info_manager) StdoutLine: {'line': b'-- Found ament_cmake_ros: 0.10.0 (/opt/ros/humble/share/ament_cmake_ros/cmake)\n'}
[81.071624] (-) TimerEvent: {}
[81.172969] (-) TimerEvent: {}
[81.274215] (-) TimerEvent: {}
[81.375065] (-) TimerEvent: {}
[81.475962] (-) TimerEvent: {}
[81.576891] (-) TimerEvent: {}
[81.678060] (-) TimerEvent: {}
[81.779581] (-) TimerEvent: {}
[81.880443] (-) TimerEvent: {}
[81.981406] (-) TimerEvent: {}
[82.082607] (-) TimerEvent: {}
[82.161273] (camera_info_manager) StdoutLine: {'line': b'-- Found Python3: /usr/bin/python3 (found version "3.10.12") found components: Interpreter \n'}
[82.182852] (-) TimerEvent: {}
[82.283909] (-) TimerEvent: {}
[82.385739] (-) TimerEvent: {}
[82.486620] (-) TimerEvent: {}
[82.587628] (-) TimerEvent: {}
[82.688903] (-) TimerEvent: {}
[82.789751] (-) TimerEvent: {}
[82.890598] (-) TimerEvent: {}
[82.991476] (-) TimerEvent: {}
[83.092430] (-) TimerEvent: {}
[83.165093] (camera_info_manager) StdoutLine: {'line': b'-- Found ament_index_cpp: 1.4.0 (/opt/ros/humble/share/ament_index_cpp/cmake)\n'}
[83.177576] (camera_info_manager) StdoutLine: {'line': b'-- Found camera_calibration_parsers: 3.1.12 (/home/xavier/Developer/aquas-ROS-apriltags/install/camera_calibration_parsers/share/camera_calibration_parsers/cmake)\n'}
[83.192666] (-) TimerEvent: {}
[83.293591] (-) TimerEvent: {}
[83.394555] (-) TimerEvent: {}
[83.495606] (-) TimerEvent: {}
[83.596834] (-) TimerEvent: {}
[83.697991] (-) TimerEvent: {}
[83.780663] (camera_info_manager) StdoutLine: {'line': b'-- Found rosidl_generator_c: 3.1.8 (/opt/ros/humble/share/rosidl_generator_c/cmake)\n'}
[83.798215] (-) TimerEvent: {}
[83.864669] (camera_info_manager) StdoutLine: {'line': b'-- Found rosidl_adapter: 3.1.8 (/opt/ros/humble/share/rosidl_adapter/cmake)\n'}
[83.898367] (-) TimerEvent: {}
[83.969315] (camera_info_manager) StdoutLine: {'line': b'-- Found rosidl_generator_cpp: 3.1.8 (/opt/ros/humble/share/rosidl_generator_cpp/cmake)\n'}
[83.998572] (-) TimerEvent: {}
[84.099519] (-) TimerEvent: {}
[84.151692] (camera_info_manager) StdoutLine: {'line': b'-- Using all available rosidl_typesupport_c: rosidl_typesupport_fastrtps_c;rosidl_typesupport_introspection_c\n'}
[84.199736] (-) TimerEvent: {}
[84.300828] (-) TimerEvent: {}
[84.332827] (camera_info_manager) StdoutLine: {'line': b'-- Using all available rosidl_typesupport_cpp: rosidl_typesupport_fastrtps_cpp;rosidl_typesupport_introspection_cpp\n'}
[84.401032] (-) TimerEvent: {}
[84.501979] (-) TimerEvent: {}
[84.602985] (-) TimerEvent: {}
[84.704153] (-) TimerEvent: {}
[84.805148] (-) TimerEvent: {}
[84.848396] (camera_info_manager) StdoutLine: {'line': b'-- Found rmw_implementation_cmake: 6.1.2 (/opt/ros/humble/share/rmw_implementation_cmake/cmake)\n'}
[84.887278] (camera_info_manager) StdoutLine: {'line': b'-- Found rmw_fastrtps_cpp: 6.2.9 (/opt/ros/humble/share/rmw_fastrtps_cpp/cmake)\n'}
[84.905339] (-) TimerEvent: {}
[85.006306] (-) TimerEvent: {}
[85.107339] (-) TimerEvent: {}
[85.208350] (-) TimerEvent: {}
[85.309452] (-) TimerEvent: {}
[85.410362] (-) TimerEvent: {}
[85.511466] (-) TimerEvent: {}
[85.612600] (-) TimerEvent: {}
[85.713670] (-) TimerEvent: {}
[85.742870] (camera_info_manager) StdoutLine: {'line': b'-- Found OpenSSL: /usr/lib/aarch64-linux-gnu/libcrypto.so (found version "3.0.2")  \n'}
[85.813915] (-) TimerEvent: {}
[85.914842] (-) TimerEvent: {}
[86.015705] (-) TimerEvent: {}
[86.078580] (camera_info_manager) StdoutLine: {'line': b'-- Found FastRTPS: /opt/ros/humble/include  \n'}
[86.115924] (-) TimerEvent: {}
[86.216810] (-) TimerEvent: {}
[86.317744] (-) TimerEvent: {}
[86.418841] (-) TimerEvent: {}
[86.519798] (-) TimerEvent: {}
[86.610565] (camera_info_manager) StdoutLine: {'line': b"-- Using RMW implementation 'rmw_fastrtps_cpp' as default\n"}
[86.619993] (-) TimerEvent: {}
[86.721000] (-) TimerEvent: {}
[86.738571] (camera_info_manager) StdoutLine: {'line': b'-- Looking for pthread.h\n'}
[86.821242] (-) TimerEvent: {}
[86.922606] (-) TimerEvent: {}
[87.023729] (-) TimerEvent: {}
[87.124696] (-) TimerEvent: {}
[87.175188] (camera_info_manager) StdoutLine: {'line': b'-- Looking for pthread.h - found\n'}
[87.176695] (camera_info_manager) StdoutLine: {'line': b'-- Performing Test CMAKE_HAVE_LIBC_PTHREAD\n'}
[87.224921] (-) TimerEvent: {}
[87.325890] (-) TimerEvent: {}
[87.426921] (-) TimerEvent: {}
[87.528020] (-) TimerEvent: {}
[87.600123] (camera_info_manager) StdoutLine: {'line': b'-- Performing Test CMAKE_HAVE_LIBC_PTHREAD - Success\n'}
[87.605293] (camera_info_manager) StdoutLine: {'line': b'-- Found Threads: TRUE  \n'}
[87.628288] (-) TimerEvent: {}
[87.729205] (-) TimerEvent: {}
[87.830175] (-) TimerEvent: {}
[87.931155] (-) TimerEvent: {}
[88.032666] (-) TimerEvent: {}
[88.134038] (-) TimerEvent: {}
[88.235331] (-) TimerEvent: {}
[88.336719] (-) TimerEvent: {}
[88.423149] (camera_info_manager) StdoutLine: {'line': b'-- Found ament_cmake_cpplint: 0.12.14 (/opt/ros/humble/share/ament_cmake_cpplint/cmake)\n'}
[88.436908] (-) TimerEvent: {}
[88.454375] (camera_info_manager) StdoutLine: {'line': b'-- Found ament_cmake_lint_cmake: 0.12.14 (/opt/ros/humble/share/ament_cmake_lint_cmake/cmake)\n'}
[88.485808] (camera_info_manager) StdoutLine: {'line': b'-- Found ament_cmake_uncrustify: 0.12.14 (/opt/ros/humble/share/ament_cmake_uncrustify/cmake)\n'}
[88.537087] (-) TimerEvent: {}
[88.638639] (-) TimerEvent: {}
[88.739841] (-) TimerEvent: {}
[88.841103] (-) TimerEvent: {}
[88.942935] (-) TimerEvent: {}
[88.991909] (camera_info_manager) StdoutLine: {'line': b'-- Configuring done\n'}
[89.043171] (-) TimerEvent: {}
[89.091844] (camera_info_manager) StdoutLine: {'line': b'-- Generating done\n'}
[89.115995] (camera_info_manager) StdoutLine: {'line': b'-- Build files have been written to: /home/xavier/Developer/aquas-ROS-apriltags/build/camera_info_manager\n'}
[89.143605] (-) TimerEvent: {}
[89.166746] (camera_info_manager) CommandEnded: {'returncode': 0}
[89.169248] (camera_info_manager) JobProgress: {'identifier': 'camera_info_manager', 'progress': 'build'}
[89.176724] (camera_info_manager) Command: {'cmd': ['/usr/bin/cmake', '--build', '/home/xavier/Developer/aquas-ROS-apriltags/build/camera_info_manager', '--', '-j4', '-l4'], 'cwd': '/home/xavier/Developer/aquas-ROS-apriltags/build/camera_info_manager', 'env': OrderedDict([('LESSOPEN', '| /usr/bin/lesspipe %s'), ('USER', 'xavier'), ('SSH_CLIENT', '10.207.118.216 33162 22'), ('XDG_SESSION_TYPE', 'tty'), ('SHLVL', '1'), ('LD_LIBRARY_PATH', '/home/xavier/Developer/aquas-ROS-apriltags/install/camera_calibration_parsers/lib:/opt/ros/humble/opt/rviz_ogre_vendor/lib:/opt/ros/humble/lib/aarch64-linux-gnu:/opt/ros/humble/lib'), ('MOTD_SHOWN', 'pam'), ('HOME', '/home/xavier'), ('OLDPWD', '/home/xavier/Developer'), ('SSH_TTY', '/dev/pts/0'), ('ROS_PYTHON_VERSION', '3'), ('DBUS_SESSION_BUS_ADDRESS', 'unix:path=/run/user/1002/bus'), ('ROS_DISTRO', 'humble'), ('LOGNAME', 'xavier'), ('_', '/usr/bin/colcon'), ('ROS_VERSION', '2'), ('XDG_SESSION_CLASS', 'user'), ('TERM', 'xterm-kitty'), ('XDG_SESSION_ID', '10'), ('ROS_LOCALHOST_ONLY', '0'), ('PATH', '/opt/ros/humble/bin:/usr/local/sbin:/usr/local/bin:/usr/sbin:/usr/bin:/sbin:/bin:/usr/games:/usr/local/games:/snap/bin'), ('XDG_RUNTIME_DIR', '/run/user/1002'), ('LANG', 'en_US.UTF-8'), ('LS_COLORS', 'rs=0:di=01;34:ln=01;36:mh=00:pi=40;33:so=01;35:do=01;35:bd=40;33;01:cd=40;33;01:or=40;31;01:mi=00:su=37;41:sg=30;43:ca=30;41:tw=30;42:ow=34;42:st=37;44:ex=01;32:*.tar=01;31:*.tgz=01;31:*.arc=01;31:*.arj=01;31:*.taz=01;31:*.lha=01;31:*.lz4=01;31:*.lzh=01;31:*.lzma=01;31:*.tlz=01;31:*.txz=01;31:*.tzo=01;31:*.t7z=01;31:*.zip=01;31:*.z=01;31:*.dz=01;31:*.gz=01;31:*.lrz=01;31:*.lz=01;31:*.lzo=01;31:*.xz=01;31:*.zst=01;31:*.tzst=01;31:*.bz2=01;31:*.bz=01;31:*.tbz=01;31:*.tbz2=01;31:*.tz=01;31:*.deb=01;31:*.rpm=01;31:*.jar=01;31:*.war=01;31:*.ear=01;31:*.sar=01;31:*.rar=01;31:*.alz=01;31:*.ace=01;31:*.zoo=01;31:*.cpio=01;31:*.7z=01;31:*.rz=01;31:*.cab=01;31:*.wim=01;31:*.swm=01;31:*.dwm=01;31:*.esd=01;31:*.jpg=01;35:*.jpeg=01;35:*.mjpg=01;35:*.mjpeg=01;35:*.gif=01;35:*.bmp=01;35:*.pbm=01;35:*.pgm=01;35:*.ppm=01;35:*.tga=01;35:*.xbm=01;35:*.xpm=01;35:*.tif=01;35:*.tiff=01;35:*.png=01;35:*.svg=01;35:*.svgz=01;35:*.mng=01;35:*.pcx=01;35:*.mov=01;35:*.mpg=01;35:*.mpeg=01;35:*.m2v=01;35:*.mkv=01;35:*.webm=01;35:*.webp=01;35:*.ogm=01;35:*.mp4=01;35:*.m4v=01;35:*.mp4v=01;35:*.vob=01;35:*.qt=01;35:*.nuv=01;35:*.wmv=01;35:*.asf=01;35:*.rm=01;35:*.rmvb=01;35:*.flc=01;35:*.avi=01;35:*.fli=01;35:*.flv=01;35:*.gl=01;35:*.dl=01;35:*.xcf=01;35:*.xwd=01;35:*.yuv=01;35:*.cgm=01;35:*.emf=01;35:*.ogv=01;35:*.ogx=01;35:*.aac=00;36:*.au=00;36:*.flac=00;36:*.m4a=00;36:*.mid=00;36:*.midi=00;36:*.mka=00;36:*.mp3=00;36:*.mpc=00;36:*.ogg=00;36:*.ra=00;36:*.wav=00;36:*.oga=00;36:*.opus=00;36:*.spx=00;36:*.xspf=00;36:'), ('ROS_DOMAIN_ID', '101'), ('AMENT_PREFIX_PATH', '/home/xavier/Developer/aquas-ROS-apriltags/install/camera_calibration_parsers:/opt/ros/humble'), ('SHELL', '/bin/bash'), ('LESSCLOSE', '/usr/bin/lesspipe %s %s'), ('PWD', '/home/xavier/Developer/aquas-ROS-apriltags/build/camera_info_manager'), ('SSH_CONNECTION', '10.207.118.216 33162 10.207.26.163 22'), ('XDG_DATA_DIRS', '/usr/share/gnome:/usr/local/share:/usr/share:/var/lib/snapd/desktop'), ('PYTHONPATH', '/opt/ros/humble/lib/python3.10/site-packages:/opt/ros/humble/local/lib/python3.10/dist-packages'), ('COLCON', '1'), ('CMAKE_PREFIX_PATH', '/home/xavier/Developer/aquas-ROS-apriltags/install/camera_calibration_parsers:/opt/ros/humble')]), 'shell': False}
[89.243794] (-) TimerEvent: {}
[89.344853] (-) TimerEvent: {}
[89.441760] (camera_info_manager) StdoutLine: {'line': b'[ 50%] \x1b[32mBuilding CXX object CMakeFiles/camera_info_manager.dir/src/camera_info_manager.cpp.o\x1b[0m\n'}
[89.445174] (-) TimerEvent: {}
[89.546391] (-) TimerEvent: {}
[89.647463] (-) TimerEvent: {}
[89.748433] (-) TimerEvent: {}
[89.849467] (-) TimerEvent: {}
[89.950495] (-) TimerEvent: {}
[90.051333] (-) TimerEvent: {}
[90.152200] (-) TimerEvent: {}
[90.253182] (-) TimerEvent: {}
[90.354029] (-) TimerEvent: {}
[90.455073] (-) TimerEvent: {}
[90.555973] (-) TimerEvent: {}
[90.656872] (-) TimerEvent: {}
[90.757714] (-) TimerEvent: {}
[90.858529] (-) TimerEvent: {}
[90.959470] (-) TimerEvent: {}
[91.060310] (-) TimerEvent: {}
[91.161278] (-) TimerEvent: {}
[91.262244] (-) TimerEvent: {}
[91.363315] (-) TimerEvent: {}
[91.464521] (-) TimerEvent: {}
[91.565720] (-) TimerEvent: {}
[91.666888] (-) TimerEvent: {}
[91.767938] (-) TimerEvent: {}
[91.868994] (-) TimerEvent: {}
[91.970113] (-) TimerEvent: {}
[92.071195] (-) TimerEvent: {}
[92.172308] (-) TimerEvent: {}
[92.273451] (-) TimerEvent: {}
[92.374540] (-) TimerEvent: {}
[92.475591] (-) TimerEvent: {}
[92.576769] (-) TimerEvent: {}
[92.677846] (-) TimerEvent: {}
[92.778901] (-) TimerEvent: {}
[92.880058] (-) TimerEvent: {}
[92.981262] (-) TimerEvent: {}
[93.082269] (-) TimerEvent: {}
[93.183291] (-) TimerEvent: {}
[93.284401] (-) TimerEvent: {}
[93.385470] (-) TimerEvent: {}
[93.486511] (-) TimerEvent: {}
[93.587632] (-) TimerEvent: {}
[93.688671] (-) TimerEvent: {}
[93.789686] (-) TimerEvent: {}
[93.890777] (-) TimerEvent: {}
[93.992039] (-) TimerEvent: {}
[94.093660] (-) TimerEvent: {}
[94.194762] (-) TimerEvent: {}
[94.295916] (-) TimerEvent: {}
[94.397056] (-) TimerEvent: {}
[94.498076] (-) TimerEvent: {}
[94.599216] (-) TimerEvent: {}
[94.700588] (-) TimerEvent: {}
[94.801767] (-) TimerEvent: {}
[94.903108] (-) TimerEvent: {}
[95.004345] (-) TimerEvent: {}
[95.105450] (-) TimerEvent: {}
[95.206442] (-) TimerEvent: {}
[95.307437] (-) TimerEvent: {}
[95.408385] (-) TimerEvent: {}
[95.509411] (-) TimerEvent: {}
[95.610374] (-) TimerEvent: {}
[95.711545] (-) TimerEvent: {}
[95.812624] (-) TimerEvent: {}
[95.913716] (-) TimerEvent: {}
[96.014997] (-) TimerEvent: {}
[96.116060] (-) TimerEvent: {}
[96.217084] (-) TimerEvent: {}
[96.318103] (-) TimerEvent: {}
[96.419109] (-) TimerEvent: {}
[96.520150] (-) TimerEvent: {}
[96.621288] (-) TimerEvent: {}
[96.722250] (-) TimerEvent: {}
[96.823293] (-) TimerEvent: {}
[96.924237] (-) TimerEvent: {}
[97.025241] (-) TimerEvent: {}
[97.126154] (-) TimerEvent: {}
[97.227228] (-) TimerEvent: {}
[97.328252] (-) TimerEvent: {}
[97.429177] (-) TimerEvent: {}
[97.530145] (-) TimerEvent: {}
[97.631143] (-) TimerEvent: {}
[97.732203] (-) TimerEvent: {}
[97.833153] (-) TimerEvent: {}
[97.934134] (-) TimerEvent: {}
[98.035085] (-) TimerEvent: {}
[98.136053] (-) TimerEvent: {}
[98.237039] (-) TimerEvent: {}
[98.337956] (-) TimerEvent: {}
[98.439011] (-) TimerEvent: {}
[98.540003] (-) TimerEvent: {}
[98.641025] (-) TimerEvent: {}
[98.741962] (-) TimerEvent: {}
[98.842942] (-) TimerEvent: {}
[98.943973] (-) TimerEvent: {}
[99.044980] (-) TimerEvent: {}
[99.146392] (-) TimerEvent: {}
[99.249392] (-) TimerEvent: {}
[99.351365] (-) TimerEvent: {}
[99.453133] (-) TimerEvent: {}
[99.555639] (-) TimerEvent: {}
[99.658191] (-) TimerEvent: {}
[99.760015] (-) TimerEvent: {}
[99.862706] (-) TimerEvent: {}
[99.965802] (-) TimerEvent: {}
[100.067495] (-) TimerEvent: {}
[100.169352] (-) TimerEvent: {}
[100.272379] (-) TimerEvent: {}
[100.375308] (-) TimerEvent: {}
[100.476979] (-) TimerEvent: {}
[100.578775] (-) TimerEvent: {}
[100.680437] (-) TimerEvent: {}
[100.782620] (-) TimerEvent: {}
[100.884750] (-) TimerEvent: {}
[100.985615] (-) TimerEvent: {}
[101.087352] (-) TimerEvent: {}
[101.189095] (-) TimerEvent: {}
[101.290797] (-) TimerEvent: {}
[101.391896] (-) TimerEvent: {}
[101.494360] (-) TimerEvent: {}
[101.596041] (-) TimerEvent: {}
[101.697052] (-) TimerEvent: {}
[101.798251] (-) TimerEvent: {}
[101.901285] (-) TimerEvent: {}
[102.003690] (-) TimerEvent: {}
[102.105210] (-) TimerEvent: {}
[102.206615] (-) TimerEvent: {}
[102.308119] (-) TimerEvent: {}
[102.409626] (-) TimerEvent: {}
[102.512860] (-) TimerEvent: {}
[102.615241] (-) TimerEvent: {}
[102.717387] (-) TimerEvent: {}
[102.818806] (-) TimerEvent: {}
[102.920395] (-) TimerEvent: {}
[103.022826] (-) TimerEvent: {}
[103.124263] (-) TimerEvent: {}
[103.225240] (-) TimerEvent: {}
[103.326316] (-) TimerEvent: {}
[103.427679] (-) TimerEvent: {}
[103.529045] (-) TimerEvent: {}
[103.631714] (-) TimerEvent: {}
[103.734679] (-) TimerEvent: {}
[103.836711] (-) TimerEvent: {}
[103.938672] (-) TimerEvent: {}
[104.039542] (-) TimerEvent: {}
[104.140632] (-) TimerEvent: {}
[104.241615] (-) TimerEvent: {}
[104.342753] (-) TimerEvent: {}
[104.445525] (-) TimerEvent: {}
[104.548032] (-) TimerEvent: {}
[104.650420] (-) TimerEvent: {}
[104.752174] (-) TimerEvent: {}
[104.853497] (-) TimerEvent: {}
[104.955165] (-) TimerEvent: {}
[105.056413] (-) TimerEvent: {}
[105.157297] (-) TimerEvent: {}
[105.258177] (-) TimerEvent: {}
[105.339375] (camera_info_manager) StdoutLine: {'line': b'[100%] \x1b[32m\x1b[1mLinking CXX shared library libcamera_info_manager.so\x1b[0m\n'}
[105.381263] (-) TimerEvent: {}
[105.482147] (-) TimerEvent: {}
[105.583651] (-) TimerEvent: {}
[105.685375] (-) TimerEvent: {}
[105.787211] (-) TimerEvent: {}
[105.888756] (-) TimerEvent: {}
[105.989724] (-) TimerEvent: {}
[106.090623] (-) TimerEvent: {}
[106.191552] (-) TimerEvent: {}
[106.292715] (-) TimerEvent: {}
[106.393799] (-) TimerEvent: {}
[106.494920] (-) TimerEvent: {}
[106.595836] (-) TimerEvent: {}
[106.696993] (-) TimerEvent: {}
[106.717084] (camera_info_manager) StdoutLine: {'line': b'[100%] Built target camera_info_manager\n'}
[106.801533] (camera_info_manager) CommandEnded: {'returncode': 0}
[106.810475] (-) TimerEvent: {}
[106.818415] (camera_info_manager) JobProgress: {'identifier': 'camera_info_manager', 'progress': 'install'}
[106.824965] (camera_info_manager) Command: {'cmd': ['/usr/bin/cmake', '--install', '/home/xavier/Developer/aquas-ROS-apriltags/build/camera_info_manager'], 'cwd': '/home/xavier/Developer/aquas-ROS-apriltags/build/camera_info_manager', 'env': OrderedDict([('LESSOPEN', '| /usr/bin/lesspipe %s'), ('USER', 'xavier'), ('SSH_CLIENT', '10.207.118.216 33162 22'), ('XDG_SESSION_TYPE', 'tty'), ('SHLVL', '1'), ('LD_LIBRARY_PATH', '/home/xavier/Developer/aquas-ROS-apriltags/install/camera_calibration_parsers/lib:/opt/ros/humble/opt/rviz_ogre_vendor/lib:/opt/ros/humble/lib/aarch64-linux-gnu:/opt/ros/humble/lib'), ('MOTD_SHOWN', 'pam'), ('HOME', '/home/xavier'), ('OLDPWD', '/home/xavier/Developer'), ('SSH_TTY', '/dev/pts/0'), ('ROS_PYTHON_VERSION', '3'), ('DBUS_SESSION_BUS_ADDRESS', 'unix:path=/run/user/1002/bus'), ('ROS_DISTRO', 'humble'), ('LOGNAME', 'xavier'), ('_', '/usr/bin/colcon'), ('ROS_VERSION', '2'), ('XDG_SESSION_CLASS', 'user'), ('TERM', 'xterm-kitty'), ('XDG_SESSION_ID', '10'), ('ROS_LOCALHOST_ONLY', '0'), ('PATH', '/opt/ros/humble/bin:/usr/local/sbin:/usr/local/bin:/usr/sbin:/usr/bin:/sbin:/bin:/usr/games:/usr/local/games:/snap/bin'), ('XDG_RUNTIME_DIR', '/run/user/1002'), ('LANG', 'en_US.UTF-8'), ('LS_COLORS', 'rs=0:di=01;34:ln=01;36:mh=00:pi=40;33:so=01;35:do=01;35:bd=40;33;01:cd=40;33;01:or=40;31;01:mi=00:su=37;41:sg=30;43:ca=30;41:tw=30;42:ow=34;42:st=37;44:ex=01;32:*.tar=01;31:*.tgz=01;31:*.arc=01;31:*.arj=01;31:*.taz=01;31:*.lha=01;31:*.lz4=01;31:*.lzh=01;31:*.lzma=01;31:*.tlz=01;31:*.txz=01;31:*.tzo=01;31:*.t7z=01;31:*.zip=01;31:*.z=01;31:*.dz=01;31:*.gz=01;31:*.lrz=01;31:*.lz=01;31:*.lzo=01;31:*.xz=01;31:*.zst=01;31:*.tzst=01;31:*.bz2=01;31:*.bz=01;31:*.tbz=01;31:*.tbz2=01;31:*.tz=01;31:*.deb=01;31:*.rpm=01;31:*.jar=01;31:*.war=01;31:*.ear=01;31:*.sar=01;31:*.rar=01;31:*.alz=01;31:*.ace=01;31:*.zoo=01;31:*.cpio=01;31:*.7z=01;31:*.rz=01;31:*.cab=01;31:*.wim=01;31:*.swm=01;31:*.dwm=01;31:*.esd=01;31:*.jpg=01;35:*.jpeg=01;35:*.mjpg=01;35:*.mjpeg=01;35:*.gif=01;35:*.bmp=01;35:*.pbm=01;35:*.pgm=01;35:*.ppm=01;35:*.tga=01;35:*.xbm=01;35:*.xpm=01;35:*.tif=01;35:*.tiff=01;35:*.png=01;35:*.svg=01;35:*.svgz=01;35:*.mng=01;35:*.pcx=01;35:*.mov=01;35:*.mpg=01;35:*.mpeg=01;35:*.m2v=01;35:*.mkv=01;35:*.webm=01;35:*.webp=01;35:*.ogm=01;35:*.mp4=01;35:*.m4v=01;35:*.mp4v=01;35:*.vob=01;35:*.qt=01;35:*.nuv=01;35:*.wmv=01;35:*.asf=01;35:*.rm=01;35:*.rmvb=01;35:*.flc=01;35:*.avi=01;35:*.fli=01;35:*.flv=01;35:*.gl=01;35:*.dl=01;35:*.xcf=01;35:*.xwd=01;35:*.yuv=01;35:*.cgm=01;35:*.emf=01;35:*.ogv=01;35:*.ogx=01;35:*.aac=00;36:*.au=00;36:*.flac=00;36:*.m4a=00;36:*.mid=00;36:*.midi=00;36:*.mka=00;36:*.mp3=00;36:*.mpc=00;36:*.ogg=00;36:*.ra=00;36:*.wav=00;36:*.oga=00;36:*.opus=00;36:*.spx=00;36:*.xspf=00;36:'), ('ROS_DOMAIN_ID', '101'), ('AMENT_PREFIX_PATH', '/home/xavier/Developer/aquas-ROS-apriltags/install/camera_calibration_parsers:/opt/ros/humble'), ('SHELL', '/bin/bash'), ('LESSCLOSE', '/usr/bin/lesspipe %s %s'), ('PWD', '/home/xavier/Developer/aquas-ROS-apriltags/build/camera_info_manager'), ('SSH_CONNECTION', '10.207.118.216 33162 10.207.26.163 22'), ('XDG_DATA_DIRS', '/usr/share/gnome:/usr/local/share:/usr/share:/var/lib/snapd/desktop'), ('PYTHONPATH', '/opt/ros/humble/lib/python3.10/site-packages:/opt/ros/humble/local/lib/python3.10/dist-packages'), ('COLCON', '1'), ('CMAKE_PREFIX_PATH', '/home/xavier/Developer/aquas-ROS-apriltags/install/camera_calibration_parsers:/opt/ros/humble')]), 'shell': False}
[106.870707] (camera_info_manager) StdoutLine: {'line': b'-- Install configuration: ""\n'}
[106.873679] (camera_info_manager) StdoutLine: {'line': b'-- Installing: /home/xavier/Developer/aquas-ROS-apriltags/install/camera_info_manager/lib/libcamera_info_manager.so\n'}
[106.887548] (camera_info_manager) StdoutLine: {'line': b'-- Set runtime path of "/home/xavier/Developer/aquas-ROS-apriltags/install/camera_info_manager/lib/libcamera_info_manager.so" to ""\n'}
[106.889069] (camera_info_manager) StdoutLine: {'line': b'-- Installing: /home/xavier/Developer/aquas-ROS-apriltags/install/camera_info_manager/include/camera_info_manager\n'}
[106.891343] (camera_info_manager) StdoutLine: {'line': b'-- Installing: /home/xavier/Developer/aquas-ROS-apriltags/install/camera_info_manager/include/camera_info_manager/camera_info_manager\n'}
[106.893407] (camera_info_manager) StdoutLine: {'line': b'-- Installing: /home/xavier/Developer/aquas-ROS-apriltags/install/camera_info_manager/include/camera_info_manager/camera_info_manager/camera_info_manager.hpp\n'}
[106.896871] (camera_info_manager) StdoutLine: {'line': b'-- Installing: /home/xavier/Developer/aquas-ROS-apriltags/install/camera_info_manager/include/camera_info_manager/camera_info_manager/camera_info_manager.h\n'}
[106.899642] (camera_info_manager) StdoutLine: {'line': b'-- Installing: /home/xavier/Developer/aquas-ROS-apriltags/install/camera_info_manager/include/camera_info_manager/camera_info_manager/visibility_control.h\n'}
[106.903502] (camera_info_manager) StdoutLine: {'line': b'-- Installing: /home/xavier/Developer/aquas-ROS-apriltags/install/camera_info_manager/share/ament_index/resource_index/package_run_dependencies/camera_info_manager\n'}
[106.909313] (camera_info_manager) StdoutLine: {'line': b'-- Installing: /home/xavier/Developer/aquas-ROS-apriltags/install/camera_info_manager/share/ament_index/resource_index/parent_prefix_path/camera_info_manager\n'}
[106.910695] (-) TimerEvent: {}
[106.919742] (camera_info_manager) StdoutLine: {'line': b'-- Installing: /home/xavier/Developer/aquas-ROS-apriltags/install/camera_info_manager/share/camera_info_manager/environment/ament_prefix_path.sh\n'}
[106.923692] (camera_info_manager) StdoutLine: {'line': b'-- Installing: /home/xavier/Developer/aquas-ROS-apriltags/install/camera_info_manager/share/camera_info_manager/environment/ament_prefix_path.dsv\n'}
[106.926561] (camera_info_manager) StdoutLine: {'line': b'-- Installing: /home/xavier/Developer/aquas-ROS-apriltags/install/camera_info_manager/share/camera_info_manager/environment/path.sh\n'}
[106.929551] (camera_info_manager) StdoutLine: {'line': b'-- Installing: /home/xavier/Developer/aquas-ROS-apriltags/install/camera_info_manager/share/camera_info_manager/environment/path.dsv\n'}
[106.932259] (camera_info_manager) StdoutLine: {'line': b'-- Installing: /home/xavier/Developer/aquas-ROS-apriltags/install/camera_info_manager/share/camera_info_manager/local_setup.bash\n'}
[106.935132] (camera_info_manager) StdoutLine: {'line': b'-- Installing: /home/xavier/Developer/aquas-ROS-apriltags/install/camera_info_manager/share/camera_info_manager/local_setup.sh\n'}
[106.937929] (camera_info_manager) StdoutLine: {'line': b'-- Installing: /home/xavier/Developer/aquas-ROS-apriltags/install/camera_info_manager/share/camera_info_manager/local_setup.zsh\n'}
[106.940804] (camera_info_manager) StdoutLine: {'line': b'-- Installing: /home/xavier/Developer/aquas-ROS-apriltags/install/camera_info_manager/share/camera_info_manager/local_setup.dsv\n'}
[106.943554] (camera_info_manager) StdoutLine: {'line': b'-- Installing: /home/xavier/Developer/aquas-ROS-apriltags/install/camera_info_manager/share/camera_info_manager/package.dsv\n'}
[106.946916] (camera_info_manager) StdoutLine: {'line': b'-- Installing: /home/xavier/Developer/aquas-ROS-apriltags/install/camera_info_manager/share/ament_index/resource_index/packages/camera_info_manager\n'}
[106.949734] (camera_info_manager) StdoutLine: {'line': b'-- Installing: /home/xavier/Developer/aquas-ROS-apriltags/install/camera_info_manager/share/camera_info_manager/cmake/export_camera_info_managerExport.cmake\n'}
[106.954858] (camera_info_manager) StdoutLine: {'line': b'-- Installing: /home/xavier/Developer/aquas-ROS-apriltags/install/camera_info_manager/share/camera_info_manager/cmake/export_camera_info_managerExport-noconfig.cmake\n'}
[106.958883] (camera_info_manager) StdoutLine: {'line': b'-- Installing: /home/xavier/Developer/aquas-ROS-apriltags/install/camera_info_manager/share/camera_info_manager/cmake/ament_cmake_export_dependencies-extras.cmake\n'}
[106.962714] (camera_info_manager) StdoutLine: {'line': b'-- Installing: /home/xavier/Developer/aquas-ROS-apriltags/install/camera_info_manager/share/camera_info_manager/cmake/ament_cmake_export_targets-extras.cmake\n'}
[106.965694] (camera_info_manager) StdoutLine: {'line': b'-- Installing: /home/xavier/Developer/aquas-ROS-apriltags/install/camera_info_manager/share/camera_info_manager/cmake/camera_info_managerConfig.cmake\n'}
[106.968307] (camera_info_manager) StdoutLine: {'line': b'-- Installing: /home/xavier/Developer/aquas-ROS-apriltags/install/camera_info_manager/share/camera_info_manager/cmake/camera_info_managerConfig-version.cmake\n'}
[106.971249] (camera_info_manager) StdoutLine: {'line': b'-- Installing: /home/xavier/Developer/aquas-ROS-apriltags/install/camera_info_manager/share/camera_info_manager/package.xml\n'}
[106.994244] (camera_info_manager) CommandEnded: {'returncode': 0}
[107.010932] (-) TimerEvent: {}
[107.113744] (-) TimerEvent: {}
[107.167929] (camera_info_manager) JobEnded: {'identifier': 'camera_info_manager', 'rc': 0}
[107.213950] (-) TimerEvent: {}
[107.314772] (-) TimerEvent: {}
[107.415669] (-) TimerEvent: {}
[107.516610] (-) TimerEvent: {}
[107.617497] (-) TimerEvent: {}
[107.718300] (-) TimerEvent: {}
[107.819092] (-) TimerEvent: {}
[107.919859] (-) TimerEvent: {}
[108.020712] (-) TimerEvent: {}
[108.122125] (-) TimerEvent: {}
[108.222966] (-) TimerEvent: {}
[108.323805] (-) TimerEvent: {}
[108.424706] (-) TimerEvent: {}
[108.525925] (-) TimerEvent: {}
[108.627321] (-) TimerEvent: {}
[108.728747] (-) TimerEvent: {}
[108.830107] (-) TimerEvent: {}
[108.930974] (-) TimerEvent: {}
[109.031938] (-) TimerEvent: {}
[109.133186] (-) TimerEvent: {}
[109.234446] (-) TimerEvent: {}
[109.335291] (-) TimerEvent: {}
[109.436084] (-) TimerEvent: {}
[109.536942] (-) TimerEvent: {}
[109.637733] (-) TimerEvent: {}
[109.738559] (-) TimerEvent: {}
[109.839316] (-) TimerEvent: {}
[109.940082] (-) TimerEvent: {}
[110.040914] (-) TimerEvent: {}
[110.141673] (-) TimerEvent: {}
[110.242443] (-) TimerEvent: {}
[110.343195] (-) TimerEvent: {}
[110.443981] (-) TimerEvent: {}
[110.544864] (-) TimerEvent: {}
[110.645635] (-) TimerEvent: {}
[110.746393] (-) TimerEvent: {}
[110.847168] (-) TimerEvent: {}
[110.947977] (-) TimerEvent: {}
[111.048784] (-) TimerEvent: {}
[111.149598] (-) TimerEvent: {}
[111.250324] (-) TimerEvent: {}
[111.351081] (-) TimerEvent: {}
[111.451880] (-) TimerEvent: {}
[111.552606] (-) TimerEvent: {}
[111.653394] (-) TimerEvent: {}
[111.754151] (-) TimerEvent: {}
[111.854958] (-) TimerEvent: {}
[111.955734] (-) TimerEvent: {}
[112.056589] (-) TimerEvent: {}
[112.157391] (-) TimerEvent: {}
[112.258129] (-) TimerEvent: {}
[112.358886] (-) TimerEvent: {}
[112.459691] (-) TimerEvent: {}
[112.560460] (-) TimerEvent: {}
[112.661305] (-) TimerEvent: {}
[112.762124] (-) TimerEvent: {}
[112.862895] (-) TimerEvent: {}
[112.963659] (-) TimerEvent: {}
[113.064411] (-) TimerEvent: {}
[113.165273] (-) TimerEvent: {}
[113.266054] (-) TimerEvent: {}
[113.366859] (-) TimerEvent: {}
[113.467625] (-) TimerEvent: {}
[113.568430] (-) TimerEvent: {}
[113.669265] (-) TimerEvent: {}
[113.770027] (-) TimerEvent: {}
[113.870808] (-) TimerEvent: {}
[113.971584] (-) TimerEvent: {}
[114.072382] (-) TimerEvent: {}
[114.173269] (-) TimerEvent: {}
[114.321639] (-) TimerEvent: {}
[114.422411] (-) TimerEvent: {}
[114.523232] (-) TimerEvent: {}
[114.624015] (-) TimerEvent: {}
[114.724771] (-) TimerEvent: {}
[114.825535] (-) TimerEvent: {}
[114.926318] (-) TimerEvent: {}
[115.027135] (-) TimerEvent: {}
[115.127927] (-) TimerEvent: {}
[115.228712] (-) TimerEvent: {}
[115.329471] (-) TimerEvent: {}
[115.430213] (-) TimerEvent: {}
[115.530983] (-) TimerEvent: {}
[115.631860] (-) TimerEvent: {}
[115.732665] (-) TimerEvent: {}
[115.833479] (-) TimerEvent: {}
[115.934233] (-) TimerEvent: {}
[116.034952] (-) TimerEvent: {}
[116.135807] (-) TimerEvent: {}
[116.236615] (-) TimerEvent: {}
[116.337360] (-) TimerEvent: {}
[116.438112] (-) TimerEvent: {}
[116.538902] (-) TimerEvent: {}
[116.639693] (-) TimerEvent: {}
[116.740402] (-) TimerEvent: {}
[116.841197] (-) TimerEvent: {}
[116.941953] (-) TimerEvent: {}
[117.042735] (-) TimerEvent: {}
[117.143590] (-) TimerEvent: {}
[117.244396] (-) TimerEvent: {}
[117.345182] (-) TimerEvent: {}
[117.445921] (-) TimerEvent: {}
[117.546685] (-) TimerEvent: {}
[117.647490] (-) TimerEvent: {}
[117.748310] (-) TimerEvent: {}
[117.849099] (-) TimerEvent: {}
[117.949878] (-) TimerEvent: {}
[118.050669] (-) TimerEvent: {}
[118.151516] (-) TimerEvent: {}
[118.252300] (-) TimerEvent: {}
[118.353105] (-) TimerEvent: {}
[118.453890] (-) TimerEvent: {}
[118.554671] (-) TimerEvent: {}
[118.655442] (-) TimerEvent: {}
[118.756374] (-) TimerEvent: {}
[118.857308] (-) TimerEvent: {}
[118.958095] (-) TimerEvent: {}
[119.058928] (-) TimerEvent: {}
[119.159810] (-) TimerEvent: {}
[119.260792] (-) TimerEvent: {}
[119.362021] (-) TimerEvent: {}
[119.463356] (-) TimerEvent: {}
[119.564628] (-) TimerEvent: {}
[119.665579] (-) TimerEvent: {}
[119.766391] (-) TimerEvent: {}
[119.867518] (-) TimerEvent: {}
[119.968805] (-) TimerEvent: {}
[120.070113] (-) TimerEvent: {}
[120.171267] (-) TimerEvent: {}
[120.272444] (-) TimerEvent: {}
[120.373616] (-) TimerEvent: {}
[120.474608] (-) TimerEvent: {}
[120.575648] (-) TimerEvent: {}
[120.676780] (-) TimerEvent: {}
[120.778009] (-) TimerEvent: {}
[120.879059] (-) TimerEvent: {}
[120.980267] (-) TimerEvent: {}
[121.081182] (-) TimerEvent: {}
[121.182279] (-) TimerEvent: {}
[121.283177] (-) TimerEvent: {}
[121.383976] (-) TimerEvent: {}
[121.484828] (-) TimerEvent: {}
[121.585607] (-) TimerEvent: {}
[121.686419] (-) TimerEvent: {}
[121.787283] (-) TimerEvent: {}
[121.888066] (-) TimerEvent: {}
[121.988920] (-) TimerEvent: {}
[122.089714] (-) TimerEvent: {}
[122.190493] (-) TimerEvent: {}
[122.291331] (-) TimerEvent: {}
[122.392114] (-) TimerEvent: {}
[122.493001] (-) TimerEvent: {}
[122.593790] (-) TimerEvent: {}
[122.694639] (-) TimerEvent: {}
[122.795469] (-) TimerEvent: {}
[122.896309] (-) TimerEvent: {}
[122.997164] (-) TimerEvent: {}
[123.097981] (-) TimerEvent: {}
[123.198766] (-) TimerEvent: {}
[123.299607] (-) TimerEvent: {}
[123.400410] (-) TimerEvent: {}
[123.501227] (-) TimerEvent: {}
[123.602029] (-) TimerEvent: {}
[123.702981] (-) TimerEvent: {}
[123.804438] (-) TimerEvent: {}
[123.906121] (-) TimerEvent: {}
[124.007146] (-) TimerEvent: {}
[124.107981] (-) TimerEvent: {}
[124.208862] (-) TimerEvent: {}
[124.310037] (-) TimerEvent: {}
[124.411045] (-) TimerEvent: {}
[124.512310] (-) TimerEvent: {}
[124.613183] (-) TimerEvent: {}
[124.714142] (-) TimerEvent: {}
[124.761619] (image_transport) StdoutLine: {'line': b'[ 20%] \x1b[32mBuilding CXX object CMakeFiles/image_transport.dir/src/image_transport.cpp.o\x1b[0m\n'}
[124.814357] (-) TimerEvent: {}
[124.915304] (-) TimerEvent: {}
[125.016372] (-) TimerEvent: {}
[125.117201] (-) TimerEvent: {}
[125.217975] (-) TimerEvent: {}
[125.318750] (-) TimerEvent: {}
[125.419619] (-) TimerEvent: {}
[125.520416] (-) TimerEvent: {}
[125.621233] (-) TimerEvent: {}
[125.722133] (-) TimerEvent: {}
[125.822910] (-) TimerEvent: {}
[125.923688] (-) TimerEvent: {}
[126.024506] (-) TimerEvent: {}
[126.125343] (-) TimerEvent: {}
[126.226168] (-) TimerEvent: {}
[126.326899] (-) TimerEvent: {}
[126.427702] (-) TimerEvent: {}
[126.528580] (-) TimerEvent: {}
[126.629332] (-) TimerEvent: {}
[126.730137] (-) TimerEvent: {}
[126.830938] (-) TimerEvent: {}
[126.931794] (-) TimerEvent: {}
[127.032668] (-) TimerEvent: {}
[127.133521] (-) TimerEvent: {}
[127.234361] (-) TimerEvent: {}
[127.335214] (-) TimerEvent: {}
[127.435980] (-) TimerEvent: {}
[127.536876] (-) TimerEvent: {}
[127.637670] (-) TimerEvent: {}
[127.738486] (-) TimerEvent: {}
[127.839215] (-) TimerEvent: {}
[127.939978] (-) TimerEvent: {}
[128.040849] (-) TimerEvent: {}
[128.141630] (-) TimerEvent: {}
[128.242438] (-) TimerEvent: {}
[128.343247] (-) TimerEvent: {}
[128.444069] (-) TimerEvent: {}
[128.545039] (-) TimerEvent: {}
[128.645831] (-) TimerEvent: {}
[128.746651] (-) TimerEvent: {}
[128.847510] (-) TimerEvent: {}
[128.948399] (-) TimerEvent: {}
[129.049392] (-) TimerEvent: {}
[129.150182] (-) TimerEvent: {}
[129.250973] (-) TimerEvent: {}
[129.351959] (-) TimerEvent: {}
[129.452834] (-) TimerEvent: {}
[129.553620] (-) TimerEvent: {}
[129.654417] (-) TimerEvent: {}
[129.755209] (-) TimerEvent: {}
[129.856162] (-) TimerEvent: {}
[129.956989] (-) TimerEvent: {}
[130.057722] (-) TimerEvent: {}
[130.158490] (-) TimerEvent: {}
[130.259270] (-) TimerEvent: {}
[130.360076] (-) TimerEvent: {}
[130.460884] (-) TimerEvent: {}
[130.561652] (-) TimerEvent: {}
[130.662572] (-) TimerEvent: {}
[130.763416] (-) TimerEvent: {}
[130.864342] (-) TimerEvent: {}
[130.965171] (-) TimerEvent: {}
[131.065959] (-) TimerEvent: {}
[131.166732] (-) TimerEvent: {}
[131.267564] (-) TimerEvent: {}
[131.368409] (-) TimerEvent: {}
[131.469255] (-) TimerEvent: {}
[131.570023] (-) TimerEvent: {}
[131.670798] (-) TimerEvent: {}
[131.771622] (-) TimerEvent: {}
[131.872468] (-) TimerEvent: {}
[131.973304] (-) TimerEvent: {}
[132.074054] (-) TimerEvent: {}
[132.174832] (-) TimerEvent: {}
[132.275651] (-) TimerEvent: {}
[132.376472] (-) TimerEvent: {}
[132.477297] (-) TimerEvent: {}
[132.578157] (-) TimerEvent: {}
[132.679058] (-) TimerEvent: {}
[132.779936] (-) TimerEvent: {}
[132.880695] (-) TimerEvent: {}
[132.981447] (-) TimerEvent: {}
[133.082219] (-) TimerEvent: {}
[133.183043] (-) TimerEvent: {}
[133.283821] (-) TimerEvent: {}
[133.384682] (-) TimerEvent: {}
[133.485433] (-) TimerEvent: {}
[133.586190] (-) TimerEvent: {}
[133.686971] (-) TimerEvent: {}
[133.787784] (-) TimerEvent: {}
[133.888647] (-) TimerEvent: {}
[133.989441] (-) TimerEvent: {}
[134.090226] (-) TimerEvent: {}
[134.190995] (-) TimerEvent: {}
[134.291795] (-) TimerEvent: {}
[134.440238] (-) TimerEvent: {}
[134.541131] (-) TimerEvent: {}
[134.641957] (-) TimerEvent: {}
[134.742816] (-) TimerEvent: {}
[134.843613] (-) TimerEvent: {}
[134.944433] (-) TimerEvent: {}
[135.045292] (-) TimerEvent: {}
[135.146189] (-) TimerEvent: {}
[135.246979] (-) TimerEvent: {}
[135.347906] (-) TimerEvent: {}
[135.448800] (-) TimerEvent: {}
[135.549631] (-) TimerEvent: {}
[135.650408] (-) TimerEvent: {}
[135.751219] (-) TimerEvent: {}
[135.852031] (-) TimerEvent: {}
[135.952875] (-) TimerEvent: {}
[136.053683] (-) TimerEvent: {}
[136.154444] (-) TimerEvent: {}
[136.255228] (-) TimerEvent: {}
[136.356040] (-) TimerEvent: {}
[136.456857] (-) TimerEvent: {}
[136.557658] (-) TimerEvent: {}
[136.658442] (-) TimerEvent: {}
[136.759262] (-) TimerEvent: {}
[136.860048] (-) TimerEvent: {}
[136.960887] (-) TimerEvent: {}
[137.061707] (-) TimerEvent: {}
[137.162486] (-) TimerEvent: {}
[137.263306] (-) TimerEvent: {}
[137.364077] (-) TimerEvent: {}
[137.464909] (-) TimerEvent: {}
[137.565710] (-) TimerEvent: {}
[137.666494] (-) TimerEvent: {}
[137.767321] (-) TimerEvent: {}
[137.868113] (-) TimerEvent: {}
[137.968931] (-) TimerEvent: {}
[138.069732] (-) TimerEvent: {}
[138.170523] (-) TimerEvent: {}
[138.271356] (-) TimerEvent: {}
[138.372172] (-) TimerEvent: {}
[138.473038] (-) TimerEvent: {}
[138.573803] (-) TimerEvent: {}
[138.674600] (-) TimerEvent: {}
[138.775418] (-) TimerEvent: {}
[138.876242] (-) TimerEvent: {}
[138.977306] (-) TimerEvent: {}
[139.078085] (-) TimerEvent: {}
[139.178869] (-) TimerEvent: {}
[139.279689] (-) TimerEvent: {}
[139.380549] (-) TimerEvent: {}
[139.481359] (-) TimerEvent: {}
[139.582114] (-) TimerEvent: {}
[139.682934] (-) TimerEvent: {}
[139.783712] (-) TimerEvent: {}
[139.884474] (-) TimerEvent: {}
[139.985349] (-) TimerEvent: {}
[140.086111] (-) TimerEvent: {}
[140.186924] (-) TimerEvent: {}
[140.287678] (-) TimerEvent: {}
[140.388436] (-) TimerEvent: {}
[140.489265] (-) TimerEvent: {}
[140.590009] (-) TimerEvent: {}
[140.690783] (-) TimerEvent: {}
[140.791567] (-) TimerEvent: {}
[140.892349] (-) TimerEvent: {}
[140.993139] (-) TimerEvent: {}
[141.093950] (-) TimerEvent: {}
[141.194769] (-) TimerEvent: {}
[141.295555] (-) TimerEvent: {}
[141.396449] (-) TimerEvent: {}
[141.497278] (-) TimerEvent: {}
[141.598055] (-) TimerEvent: {}
[141.698825] (-) TimerEvent: {}
[141.799610] (-) TimerEvent: {}
[141.900408] (-) TimerEvent: {}
[142.001252] (-) TimerEvent: {}
[142.101996] (-) TimerEvent: {}
[142.202769] (-) TimerEvent: {}
[142.303498] (-) TimerEvent: {}
[142.404261] (-) TimerEvent: {}
[142.505068] (-) TimerEvent: {}
[142.605839] (-) TimerEvent: {}
[142.706606] (-) TimerEvent: {}
[142.807372] (-) TimerEvent: {}
[142.908134] (-) TimerEvent: {}
[143.008934] (-) TimerEvent: {}
[143.109710] (-) TimerEvent: {}
[143.210562] (-) TimerEvent: {}
[143.311506] (-) TimerEvent: {}
[143.412249] (-) TimerEvent: {}
[143.513008] (-) TimerEvent: {}
[143.613805] (-) TimerEvent: {}
[143.714605] (-) TimerEvent: {}
[143.815455] (-) TimerEvent: {}
[143.916230] (-) TimerEvent: {}
[144.017041] (-) TimerEvent: {}
[144.117808] (-) TimerEvent: {}
[144.218537] (-) TimerEvent: {}
[144.319312] (-) TimerEvent: {}
[144.420077] (-) TimerEvent: {}
[144.520886] (-) TimerEvent: {}
[144.621711] (-) TimerEvent: {}
[144.722488] (-) TimerEvent: {}
[144.823245] (-) TimerEvent: {}
[144.924028] (-) TimerEvent: {}
[145.024758] (-) TimerEvent: {}
[145.125639] (-) TimerEvent: {}
[145.226802] (-) TimerEvent: {}
[145.327647] (-) TimerEvent: {}
[145.428586] (-) TimerEvent: {}
[145.529414] (-) TimerEvent: {}
[145.630211] (-) TimerEvent: {}
[145.730960] (-) TimerEvent: {}
[145.831736] (-) TimerEvent: {}
[145.932525] (-) TimerEvent: {}
[146.033351] (-) TimerEvent: {}
[146.134126] (-) TimerEvent: {}
[146.234875] (-) TimerEvent: {}
[146.335686] (-) TimerEvent: {}
[146.436442] (-) TimerEvent: {}
[146.537287] (-) TimerEvent: {}
[146.638234] (-) TimerEvent: {}
[146.738998] (-) TimerEvent: {}
[146.839891] (-) TimerEvent: {}
[146.868822] (image_transport) StdoutLine: {'line': b'[ 23%] \x1b[32m\x1b[1mLinking CXX shared library libimage_transport.so\x1b[0m\n'}
[146.940081] (-) TimerEvent: {}
[147.040929] (-) TimerEvent: {}
[147.141924] (-) TimerEvent: {}
[147.242865] (-) TimerEvent: {}
[147.343786] (-) TimerEvent: {}
[147.444780] (-) TimerEvent: {}
[147.545784] (-) TimerEvent: {}
[147.646959] (-) TimerEvent: {}
[147.748276] (-) TimerEvent: {}
[147.849411] (-) TimerEvent: {}
[147.950482] (-) TimerEvent: {}
[148.051530] (-) TimerEvent: {}
[148.153184] (-) TimerEvent: {}
[148.254280] (-) TimerEvent: {}
[148.355816] (-) TimerEvent: {}
[148.456692] (-) TimerEvent: {}
[148.557691] (-) TimerEvent: {}
[148.659129] (-) TimerEvent: {}
[148.760182] (-) TimerEvent: {}
[148.861132] (-) TimerEvent: {}
[148.962004] (-) TimerEvent: {}
[149.062904] (-) TimerEvent: {}
[149.164109] (-) TimerEvent: {}
[149.264836] (-) TimerEvent: {}
[149.365737] (-) TimerEvent: {}
[149.466443] (-) TimerEvent: {}
[149.567243] (-) TimerEvent: {}
[149.668542] (-) TimerEvent: {}
[149.769240] (-) TimerEvent: {}
[149.870019] (-) TimerEvent: {}
[149.970887] (-) TimerEvent: {}
[150.071781] (-) TimerEvent: {}
[150.172795] (-) TimerEvent: {}
[150.273494] (-) TimerEvent: {}
[150.374185] (-) TimerEvent: {}
[150.475001] (-) TimerEvent: {}
[150.575773] (-) TimerEvent: {}
[150.649684] (image_transport) StdoutLine: {'line': b'[ 26%] Built target image_transport\n'}
[150.676008] (-) TimerEvent: {}
[150.731235] (image_transport) StdoutLine: {'line': b'\x1b[35m\x1b[1mConsolidate compiler generated dependencies of target gtest_main\x1b[0m\n'}
[150.776245] (-) TimerEvent: {}
[150.780374] (image_transport) StdoutLine: {'line': b'[ 30%] \x1b[32mBuilding CXX object gtest/CMakeFiles/gtest.dir/src/gtest-all.cc.o\x1b[0m\n'}
[150.782951] (image_transport) StdoutLine: {'line': b'[ 33%] \x1b[32mBuilding CXX object CMakeFiles/image_transport_plugins.dir/src/manifest.cpp.o\x1b[0m\n'}
[150.790126] (image_transport) StdoutLine: {'line': b'[ 36%] \x1b[32mBuilding CXX object CMakeFiles/list_transports.dir/src/list_transports.cpp.o\x1b[0m\n'}
[150.819730] (image_transport) StdoutLine: {'line': b'[ 43%] Built target gtest_main\n'}
[150.876581] (-) TimerEvent: {}
[150.938665] (image_transport) StdoutLine: {'line': b'[ 46%] \x1b[32mBuilding CXX object CMakeFiles/republish.dir/src/republish.cpp.o\x1b[0m\n'}
[150.976936] (-) TimerEvent: {}
[151.078584] (-) TimerEvent: {}
[151.179929] (-) TimerEvent: {}
[151.281308] (-) TimerEvent: {}
[151.382723] (-) TimerEvent: {}
[151.484098] (-) TimerEvent: {}
[151.585438] (-) TimerEvent: {}
[151.686789] (-) TimerEvent: {}
[151.788242] (-) TimerEvent: {}
[151.889621] (-) TimerEvent: {}
[151.991048] (-) TimerEvent: {}
[152.092546] (-) TimerEvent: {}
[152.193387] (-) TimerEvent: {}
[152.294401] (-) TimerEvent: {}
[152.395304] (-) TimerEvent: {}
[152.496194] (-) TimerEvent: {}
[152.597118] (-) TimerEvent: {}
[152.698118] (-) TimerEvent: {}
[152.799121] (-) TimerEvent: {}
[152.900151] (-) TimerEvent: {}
[153.001269] (-) TimerEvent: {}
[153.102381] (-) TimerEvent: {}
[153.203608] (-) TimerEvent: {}
[153.304788] (-) TimerEvent: {}
[153.405932] (-) TimerEvent: {}
[153.507009] (-) TimerEvent: {}
[153.608320] (-) TimerEvent: {}
[153.709567] (-) TimerEvent: {}
[153.810901] (-) TimerEvent: {}
[153.912454] (-) TimerEvent: {}
[154.014027] (-) TimerEvent: {}
[154.115351] (-) TimerEvent: {}
[154.216793] (-) TimerEvent: {}
[154.318184] (-) TimerEvent: {}
[154.419513] (-) TimerEvent: {}
[154.521098] (-) TimerEvent: {}
[154.622935] (-) TimerEvent: {}
[154.724553] (-) TimerEvent: {}
[154.825960] (-) TimerEvent: {}
[154.927170] (-) TimerEvent: {}
[155.028547] (-) TimerEvent: {}
[155.129847] (-) TimerEvent: {}
[155.231033] (-) TimerEvent: {}
[155.332291] (-) TimerEvent: {}
[155.433534] (-) TimerEvent: {}
[155.534647] (-) TimerEvent: {}
[155.635913] (-) TimerEvent: {}
[155.737181] (-) TimerEvent: {}
[155.838536] (-) TimerEvent: {}
[155.940064] (-) TimerEvent: {}
[156.041643] (-) TimerEvent: {}
[156.143403] (-) TimerEvent: {}
[156.245048] (-) TimerEvent: {}
[156.346222] (-) TimerEvent: {}
[156.447341] (-) TimerEvent: {}
[156.548570] (-) TimerEvent: {}
[156.650226] (-) TimerEvent: {}
[156.751906] (-) TimerEvent: {}
[156.853292] (-) TimerEvent: {}
[156.954525] (-) TimerEvent: {}
[157.055890] (-) TimerEvent: {}
[157.157345] (-) TimerEvent: {}
[157.258730] (-) TimerEvent: {}
[157.359924] (-) TimerEvent: {}
[157.461111] (-) TimerEvent: {}
[157.562347] (-) TimerEvent: {}
[157.663690] (-) TimerEvent: {}
[157.764939] (-) TimerEvent: {}
[157.866175] (-) TimerEvent: {}
[157.967402] (-) TimerEvent: {}
[158.068575] (-) TimerEvent: {}
[158.169675] (-) TimerEvent: {}
[158.270923] (-) TimerEvent: {}
[158.372228] (-) TimerEvent: {}
[158.473439] (-) TimerEvent: {}
[158.574641] (-) TimerEvent: {}
[158.675953] (-) TimerEvent: {}
[158.777230] (-) TimerEvent: {}
[158.878472] (-) TimerEvent: {}
[158.979909] (-) TimerEvent: {}
[159.081376] (-) TimerEvent: {}
[159.182721] (-) TimerEvent: {}
[159.284039] (-) TimerEvent: {}
[159.385125] (-) TimerEvent: {}
[159.486201] (-) TimerEvent: {}
[159.587401] (-) TimerEvent: {}
[159.688645] (-) TimerEvent: {}
[159.789993] (-) TimerEvent: {}
[159.891207] (-) TimerEvent: {}
[159.992284] (-) TimerEvent: {}
[160.093453] (-) TimerEvent: {}
[160.194587] (-) TimerEvent: {}
[160.295840] (-) TimerEvent: {}
[160.397050] (-) TimerEvent: {}
[160.498184] (-) TimerEvent: {}
[160.599383] (-) TimerEvent: {}
[160.700703] (-) TimerEvent: {}
[160.802010] (-) TimerEvent: {}
[160.903787] (-) TimerEvent: {}
[161.005024] (-) TimerEvent: {}
[161.106184] (-) TimerEvent: {}
[161.207479] (-) TimerEvent: {}
[161.310124] (-) TimerEvent: {}
[161.412463] (-) TimerEvent: {}
[161.515020] (-) TimerEvent: {}
[161.618002] (-) TimerEvent: {}
[161.720296] (-) TimerEvent: {}
[161.822548] (-) TimerEvent: {}
[161.924666] (-) TimerEvent: {}
[162.027223] (-) TimerEvent: {}
[162.129626] (-) TimerEvent: {}
[162.231993] (-) TimerEvent: {}
[162.334590] (-) TimerEvent: {}
[162.436004] (-) TimerEvent: {}
[162.538400] (-) TimerEvent: {}
[162.640283] (-) TimerEvent: {}
[162.742238] (-) TimerEvent: {}
[162.844563] (-) TimerEvent: {}
[162.946582] (-) TimerEvent: {}
[163.048794] (-) TimerEvent: {}
[163.150918] (-) TimerEvent: {}
[163.252939] (-) TimerEvent: {}
[163.355016] (-) TimerEvent: {}
[163.457512] (-) TimerEvent: {}
[163.559420] (-) TimerEvent: {}
[163.661427] (-) TimerEvent: {}
[163.763302] (-) TimerEvent: {}
[163.865265] (-) TimerEvent: {}
[163.967191] (-) TimerEvent: {}
[164.069576] (-) TimerEvent: {}
[164.180761] (-) TimerEvent: {}
[164.282597] (-) TimerEvent: {}
[164.384414] (-) TimerEvent: {}
[164.486330] (-) TimerEvent: {}
[164.588201] (-) TimerEvent: {}
[164.690247] (-) TimerEvent: {}
[164.794496] (-) TimerEvent: {}
[164.896786] (-) TimerEvent: {}
[164.999391] (-) TimerEvent: {}
[165.101605] (-) TimerEvent: {}
[165.204165] (-) TimerEvent: {}
[165.306223] (-) TimerEvent: {}
[165.408200] (-) TimerEvent: {}
[165.509444] (-) TimerEvent: {}
[165.610509] (-) TimerEvent: {}
[165.712745] (-) TimerEvent: {}
[165.815212] (-) TimerEvent: {}
[165.917531] (-) TimerEvent: {}
[166.019982] (-) TimerEvent: {}
[166.122025] (-) TimerEvent: {}
[166.223996] (-) TimerEvent: {}
[166.326182] (-) TimerEvent: {}
[166.428662] (-) TimerEvent: {}
[166.529875] (-) TimerEvent: {}
[166.631945] (-) TimerEvent: {}
[166.733919] (-) TimerEvent: {}
[166.836125] (-) TimerEvent: {}
[166.938772] (-) TimerEvent: {}
[167.041747] (-) TimerEvent: {}
[167.143693] (-) TimerEvent: {}
[167.251289] (-) TimerEvent: {}
[167.370916] (-) TimerEvent: {}
[167.472607] (-) TimerEvent: {}
[167.573715] (-) TimerEvent: {}
[167.674884] (-) TimerEvent: {}
[167.776069] (-) TimerEvent: {}
[167.877417] (-) TimerEvent: {}
[167.978672] (-) TimerEvent: {}
[168.079913] (-) TimerEvent: {}
[168.181830] (-) TimerEvent: {}
[168.283911] (-) TimerEvent: {}
[168.386394] (-) TimerEvent: {}
[168.488361] (-) TimerEvent: {}
[168.590334] (-) TimerEvent: {}
[168.692353] (-) TimerEvent: {}
[168.794538] (-) TimerEvent: {}
[168.896858] (-) TimerEvent: {}
[168.998997] (-) TimerEvent: {}
[169.101240] (-) TimerEvent: {}
[169.203647] (-) TimerEvent: {}
[169.305418] (-) TimerEvent: {}
[169.407405] (-) TimerEvent: {}
[169.516028] (-) TimerEvent: {}
[169.617798] (-) TimerEvent: {}
[169.719985] (-) TimerEvent: {}
[169.822611] (-) TimerEvent: {}
[169.924657] (-) TimerEvent: {}
[170.025473] (-) TimerEvent: {}
[170.126334] (-) TimerEvent: {}
[170.227526] (-) TimerEvent: {}
[170.328817] (-) TimerEvent: {}
[170.430092] (-) TimerEvent: {}
[170.531225] (-) TimerEvent: {}
[170.632461] (-) TimerEvent: {}
[170.733756] (-) TimerEvent: {}
[170.835023] (-) TimerEvent: {}
[170.936228] (-) TimerEvent: {}
[171.037455] (-) TimerEvent: {}
[171.138269] (-) TimerEvent: {}
[171.239495] (-) TimerEvent: {}
[171.340746] (-) TimerEvent: {}
[171.441994] (-) TimerEvent: {}
[171.543071] (-) TimerEvent: {}
[171.644210] (-) TimerEvent: {}
[171.745399] (-) TimerEvent: {}
[171.846584] (-) TimerEvent: {}
[171.947803] (-) TimerEvent: {}
[172.049155] (-) TimerEvent: {}
[172.150254] (-) TimerEvent: {}
[172.251378] (-) TimerEvent: {}
[172.352576] (-) TimerEvent: {}
[172.453772] (-) TimerEvent: {}
[172.555292] (-) TimerEvent: {}
[172.656368] (-) TimerEvent: {}
[172.757797] (-) TimerEvent: {}
[172.859100] (-) TimerEvent: {}
[172.960098] (-) TimerEvent: {}
[173.061482] (-) TimerEvent: {}
[173.163134] (-) TimerEvent: {}
[173.264231] (-) TimerEvent: {}
[173.366277] (-) TimerEvent: {}
[173.467354] (-) TimerEvent: {}
[173.568453] (-) TimerEvent: {}
[173.669540] (-) TimerEvent: {}
[173.770685] (-) TimerEvent: {}
[173.872335] (-) TimerEvent: {}
[173.973496] (-) TimerEvent: {}
[174.074343] (-) TimerEvent: {}
[174.175460] (-) TimerEvent: {}
[174.276474] (-) TimerEvent: {}
[174.377757] (-) TimerEvent: {}
[174.479070] (-) TimerEvent: {}
[174.580363] (-) TimerEvent: {}
[174.681750] (-) TimerEvent: {}
[174.782681] (-) TimerEvent: {}
[174.883531] (-) TimerEvent: {}
[174.984969] (-) TimerEvent: {}
[175.086132] (-) TimerEvent: {}
[175.187246] (-) TimerEvent: {}
[175.288327] (-) TimerEvent: {}
[175.389553] (-) TimerEvent: {}
[175.490596] (-) TimerEvent: {}
[175.591696] (-) TimerEvent: {}
[175.692975] (-) TimerEvent: {}
[175.793911] (-) TimerEvent: {}
[175.894846] (-) TimerEvent: {}
[175.996014] (-) TimerEvent: {}
[176.097029] (-) TimerEvent: {}
[176.198312] (-) TimerEvent: {}
[176.299520] (-) TimerEvent: {}
[176.400359] (-) TimerEvent: {}
[176.501644] (-) TimerEvent: {}
[176.602749] (-) TimerEvent: {}
[176.703855] (-) TimerEvent: {}
[176.805119] (-) TimerEvent: {}
[176.906423] (-) TimerEvent: {}
[177.007573] (-) TimerEvent: {}
[177.108700] (-) TimerEvent: {}
[177.209960] (-) TimerEvent: {}
[177.310837] (-) TimerEvent: {}
[177.411903] (-) TimerEvent: {}
[177.513251] (-) TimerEvent: {}
[177.614440] (-) TimerEvent: {}
[177.715691] (-) TimerEvent: {}
[177.816748] (-) TimerEvent: {}
[177.917639] (-) TimerEvent: {}
[178.018824] (-) TimerEvent: {}
[178.119665] (-) TimerEvent: {}
[178.220909] (-) TimerEvent: {}
[178.322057] (-) TimerEvent: {}
[178.423204] (-) TimerEvent: {}
[178.524353] (-) TimerEvent: {}
[178.625461] (-) TimerEvent: {}
[178.726428] (-) TimerEvent: {}
[178.827314] (-) TimerEvent: {}
[178.928141] (-) TimerEvent: {}
[179.029106] (-) TimerEvent: {}
[179.130259] (-) TimerEvent: {}
[179.231422] (-) TimerEvent: {}
[179.332668] (-) TimerEvent: {}
[179.433984] (-) TimerEvent: {}
[179.535455] (-) TimerEvent: {}
[179.636782] (-) TimerEvent: {}
[179.738088] (-) TimerEvent: {}
[179.839549] (-) TimerEvent: {}
[180.345150] (-) TimerEvent: {}
[180.446301] (-) TimerEvent: {}
[180.547451] (-) TimerEvent: {}
[180.648725] (-) TimerEvent: {}
[180.749910] (-) TimerEvent: {}
[180.851174] (-) TimerEvent: {}
[180.952443] (-) TimerEvent: {}
[181.053631] (-) TimerEvent: {}
[181.154785] (-) TimerEvent: {}
[181.255995] (-) TimerEvent: {}
[181.357174] (-) TimerEvent: {}
[181.458474] (-) TimerEvent: {}
[181.559615] (-) TimerEvent: {}
[181.660709] (-) TimerEvent: {}
[181.761789] (-) TimerEvent: {}
[181.862971] (-) TimerEvent: {}
[181.964301] (-) TimerEvent: {}
[182.065606] (-) TimerEvent: {}
[182.166796] (-) TimerEvent: {}
[182.268028] (-) TimerEvent: {}
[182.369528] (-) TimerEvent: {}
[182.470702] (-) TimerEvent: {}
[182.571940] (-) TimerEvent: {}
[182.672907] (-) TimerEvent: {}
[182.774272] (-) TimerEvent: {}
[182.875373] (-) TimerEvent: {}
[182.976581] (-) TimerEvent: {}
[183.078101] (-) TimerEvent: {}
[183.179303] (-) TimerEvent: {}
[183.280159] (-) TimerEvent: {}
[183.381060] (-) TimerEvent: {}
[183.482098] (-) TimerEvent: {}
[183.582906] (-) TimerEvent: {}
[183.684019] (-) TimerEvent: {}
[183.785140] (-) TimerEvent: {}
[183.886143] (-) TimerEvent: {}
[183.989006] (-) TimerEvent: {}
[184.090232] (-) TimerEvent: {}
[184.191184] (-) TimerEvent: {}
[184.292273] (-) TimerEvent: {}
[184.393346] (-) TimerEvent: {}
[184.495039] (-) TimerEvent: {}
[184.596213] (-) TimerEvent: {}
[184.698020] (-) TimerEvent: {}
[184.799123] (-) TimerEvent: {}
[184.900153] (-) TimerEvent: {}
[185.001354] (-) TimerEvent: {}
[185.102829] (-) TimerEvent: {}
[185.204121] (-) TimerEvent: {}
[185.305334] (-) TimerEvent: {}
[185.406547] (-) TimerEvent: {}
[185.507770] (-) TimerEvent: {}
[185.608913] (-) TimerEvent: {}
[185.710071] (-) TimerEvent: {}
[185.811192] (-) TimerEvent: {}
[185.912035] (-) TimerEvent: {}
[186.013253] (-) TimerEvent: {}
[186.114500] (-) TimerEvent: {}
[186.215580] (-) TimerEvent: {}
[186.316395] (-) TimerEvent: {}
[186.417617] (-) TimerEvent: {}
[186.518772] (-) TimerEvent: {}
[186.619885] (-) TimerEvent: {}
[186.721158] (-) TimerEvent: {}
[186.822263] (-) TimerEvent: {}
[186.923377] (-) TimerEvent: {}
[187.024690] (-) TimerEvent: {}
[187.125921] (-) TimerEvent: {}
[187.227163] (-) TimerEvent: {}
[187.328304] (-) TimerEvent: {}
[187.429462] (-) TimerEvent: {}
[187.530539] (-) TimerEvent: {}
[187.631641] (-) TimerEvent: {}
[187.732700] (-) TimerEvent: {}
[187.833891] (-) TimerEvent: {}
[187.935135] (-) TimerEvent: {}
[188.036061] (-) TimerEvent: {}
[188.137074] (-) TimerEvent: {}
[188.238906] (-) TimerEvent: {}
[188.339903] (-) TimerEvent: {}
[188.442492] (-) TimerEvent: {}
[188.543638] (-) TimerEvent: {}
[188.647257] (-) TimerEvent: {}
[188.748803] (-) TimerEvent: {}
[188.850574] (-) TimerEvent: {}
[188.952064] (-) TimerEvent: {}
[189.054227] (-) TimerEvent: {}
[189.155621] (-) TimerEvent: {}
[189.256390] (-) TimerEvent: {}
[189.357383] (-) TimerEvent: {}
[189.458236] (-) TimerEvent: {}
[189.559077] (-) TimerEvent: {}
[189.659896] (-) TimerEvent: {}
[189.760809] (-) TimerEvent: {}
[189.862118] (-) TimerEvent: {}
[189.965967] (-) TimerEvent: {}
[190.068470] (-) TimerEvent: {}
[190.171903] (-) TimerEvent: {}
[190.273980] (-) TimerEvent: {}
[190.375381] (-) TimerEvent: {}
[190.476418] (-) TimerEvent: {}
[190.577764] (-) TimerEvent: {}
[190.679099] (-) TimerEvent: {}
[190.780693] (-) TimerEvent: {}
[190.881813] (-) TimerEvent: {}
[190.982823] (-) TimerEvent: {}
[191.091652] (image_transport) StdoutLine: {'line': b'[ 50%] \x1b[32m\x1b[1mLinking CXX static library libgtest.a\x1b[0m\n'}
[191.160586] (-) TimerEvent: {}
[191.261652] (-) TimerEvent: {}
[191.364155] (-) TimerEvent: {}
[191.466909] (-) TimerEvent: {}
[191.567700] (-) TimerEvent: {}
[191.668825] (-) TimerEvent: {}
[191.725256] (image_transport) StdoutLine: {'line': b'[ 50%] Built target gtest\n'}
[191.769079] (-) TimerEvent: {}
[191.870133] (-) TimerEvent: {}
[191.971529] (-) TimerEvent: {}
[192.072712] (-) TimerEvent: {}
[192.173623] (-) TimerEvent: {}
[192.274613] (-) TimerEvent: {}
[192.376407] (-) TimerEvent: {}
[192.478738] (-) TimerEvent: {}
[192.580001] (-) TimerEvent: {}
[192.681797] (-) TimerEvent: {}
[192.783226] (-) TimerEvent: {}
[192.885614] (-) TimerEvent: {}
[193.028257] (-) TimerEvent: {}
[193.129252] (-) TimerEvent: {}
[193.230139] (-) TimerEvent: {}
[193.332070] (-) TimerEvent: {}
[193.433092] (-) TimerEvent: {}
[193.533995] (-) TimerEvent: {}
[193.635081] (-) TimerEvent: {}
[193.736705] (-) TimerEvent: {}
[193.839155] (-) TimerEvent: {}
[193.940123] (-) TimerEvent: {}
[194.041259] (-) TimerEvent: {}
[194.144423] (-) TimerEvent: {}
[194.245717] (-) TimerEvent: {}
[194.346570] (-) TimerEvent: {}
[194.447802] (-) TimerEvent: {}
[194.549128] (-) TimerEvent: {}
[194.650225] (-) TimerEvent: {}
[194.751674] (-) TimerEvent: {}
[194.853103] (-) TimerEvent: {}
[194.954172] (-) TimerEvent: {}
[195.055243] (-) TimerEvent: {}
[195.156295] (-) TimerEvent: {}
[195.257549] (-) TimerEvent: {}
[195.359325] (-) TimerEvent: {}
[195.461791] (-) TimerEvent: {}
[195.563621] (-) TimerEvent: {}
[195.665369] (-) TimerEvent: {}
[195.767687] (-) TimerEvent: {}
[195.869425] (-) TimerEvent: {}
[195.971113] (-) TimerEvent: {}
[196.072732] (-) TimerEvent: {}
[196.174031] (-) TimerEvent: {}
[196.276466] (-) TimerEvent: {}
[196.377634] (-) TimerEvent: {}
[196.480388] (-) TimerEvent: {}
[196.582912] (-) TimerEvent: {}
[196.685623] (-) TimerEvent: {}
[196.786795] (-) TimerEvent: {}
[196.887830] (-) TimerEvent: {}
[196.989045] (-) TimerEvent: {}
[197.090241] (-) TimerEvent: {}
[197.191321] (-) TimerEvent: {}
[197.292257] (-) TimerEvent: {}
[197.393321] (-) TimerEvent: {}
[197.496692] (-) TimerEvent: {}
[197.597655] (-) TimerEvent: {}
[197.699256] (-) TimerEvent: {}
[197.800223] (-) TimerEvent: {}
[197.901246] (-) TimerEvent: {}
[198.002169] (-) TimerEvent: {}
[198.103683] (-) TimerEvent: {}
[198.204617] (-) TimerEvent: {}
[198.305711] (-) TimerEvent: {}
[198.406625] (-) TimerEvent: {}
[198.507558] (-) TimerEvent: {}
[198.608406] (-) TimerEvent: {}
[198.709657] (-) TimerEvent: {}
[198.830152] (-) TimerEvent: {}
[198.931390] (-) TimerEvent: {}
[199.033209] (-) TimerEvent: {}
[199.134134] (-) TimerEvent: {}
[199.234989] (-) TimerEvent: {}
[199.335925] (-) TimerEvent: {}
[199.436892] (-) TimerEvent: {}
[199.538176] (-) TimerEvent: {}
[199.640408] (-) TimerEvent: {}
[199.741450] (-) TimerEvent: {}
[199.842454] (-) TimerEvent: {}
[199.943639] (-) TimerEvent: {}
[200.044588] (-) TimerEvent: {}
[200.145445] (-) TimerEvent: {}
[200.246453] (-) TimerEvent: {}
[200.349060] (-) TimerEvent: {}
[200.451851] (-) TimerEvent: {}
[200.553443] (-) TimerEvent: {}
[200.654407] (-) TimerEvent: {}
[200.755472] (-) TimerEvent: {}
[200.856792] (-) TimerEvent: {}
[200.958596] (-) TimerEvent: {}
[201.059708] (-) TimerEvent: {}
[201.160653] (-) TimerEvent: {}
[201.261911] (-) TimerEvent: {}
[201.363275] (-) TimerEvent: {}
[201.464592] (-) TimerEvent: {}
[201.565579] (-) TimerEvent: {}
[201.666665] (-) TimerEvent: {}
[201.767962] (-) TimerEvent: {}
[201.869189] (-) TimerEvent: {}
[201.970460] (-) TimerEvent: {}
[202.071546] (-) TimerEvent: {}
[202.173498] (-) TimerEvent: {}
[202.275950] (-) TimerEvent: {}
[202.382301] (-) TimerEvent: {}
[202.485218] (-) TimerEvent: {}
[202.587782] (-) TimerEvent: {}
[202.689974] (-) TimerEvent: {}
[202.791348] (-) TimerEvent: {}
[202.892898] (-) TimerEvent: {}
[202.993942] (-) TimerEvent: {}
[203.094797] (-) TimerEvent: {}
[203.195736] (-) TimerEvent: {}
[203.297030] (-) TimerEvent: {}
[203.398293] (-) TimerEvent: {}
[203.499841] (-) TimerEvent: {}
[203.601290] (-) TimerEvent: {}
[203.806533] (-) TimerEvent: {}
[203.907354] (-) TimerEvent: {}
[204.008449] (-) TimerEvent: {}
[204.109807] (-) TimerEvent: {}
[204.210733] (-) TimerEvent: {}
[204.311649] (-) TimerEvent: {}
[204.413313] (-) TimerEvent: {}
[204.515632] (-) TimerEvent: {}
[204.617127] (-) TimerEvent: {}
[204.718034] (-) TimerEvent: {}
[204.819244] (-) TimerEvent: {}
[204.920591] (-) TimerEvent: {}
[205.021797] (-) TimerEvent: {}
[205.122694] (-) TimerEvent: {}
[205.223493] (-) TimerEvent: {}
[205.324889] (-) TimerEvent: {}
[205.427284] (-) TimerEvent: {}
[205.528574] (-) TimerEvent: {}
[205.630222] (-) TimerEvent: {}
[205.732152] (-) TimerEvent: {}
[205.833496] (-) TimerEvent: {}
[205.934693] (-) TimerEvent: {}
[206.035836] (-) TimerEvent: {}
[206.136804] (-) TimerEvent: {}
[206.237928] (-) TimerEvent: {}
[206.339076] (-) TimerEvent: {}
[206.440124] (-) TimerEvent: {}
[206.541490] (-) TimerEvent: {}
[206.642727] (-) TimerEvent: {}
[206.743740] (-) TimerEvent: {}
[206.844656] (-) TimerEvent: {}
[206.945913] (-) TimerEvent: {}
[207.047328] (-) TimerEvent: {}
[207.148579] (-) TimerEvent: {}
[207.249821] (-) TimerEvent: {}
[207.351168] (-) TimerEvent: {}
[207.452273] (-) TimerEvent: {}
[207.553194] (-) TimerEvent: {}
[207.654489] (-) TimerEvent: {}
[207.755638] (-) TimerEvent: {}
[207.857109] (-) TimerEvent: {}
[207.958238] (-) TimerEvent: {}
[208.059468] (-) TimerEvent: {}
[208.160611] (-) TimerEvent: {}
[208.262228] (-) TimerEvent: {}
[208.363556] (-) TimerEvent: {}
[208.464873] (-) TimerEvent: {}
[208.566355] (-) TimerEvent: {}
[208.667660] (-) TimerEvent: {}
[208.768796] (-) TimerEvent: {}
[208.870098] (-) TimerEvent: {}
[208.971252] (-) TimerEvent: {}
[209.072298] (-) TimerEvent: {}
[209.173874] (-) TimerEvent: {}
[209.275172] (-) TimerEvent: {}
[209.376294] (-) TimerEvent: {}
[209.477391] (-) TimerEvent: {}
[209.578509] (-) TimerEvent: {}
[209.679799] (-) TimerEvent: {}
[209.781097] (-) TimerEvent: {}
[209.882409] (-) TimerEvent: {}
[209.983754] (-) TimerEvent: {}
[210.084995] (-) TimerEvent: {}
[210.186178] (-) TimerEvent: {}
[210.287389] (-) TimerEvent: {}
[210.388640] (-) TimerEvent: {}
[210.489780] (-) TimerEvent: {}
[210.591075] (-) TimerEvent: {}
[210.692176] (-) TimerEvent: {}
[210.793326] (-) TimerEvent: {}
[210.894616] (-) TimerEvent: {}
[210.995821] (-) TimerEvent: {}
[211.096974] (-) TimerEvent: {}
[211.198168] (-) TimerEvent: {}
[211.299379] (-) TimerEvent: {}
[211.400631] (-) TimerEvent: {}
[211.501699] (-) TimerEvent: {}
[211.602987] (-) TimerEvent: {}
[211.704143] (-) TimerEvent: {}
[211.805329] (-) TimerEvent: {}
[211.906641] (-) TimerEvent: {}
[212.007858] (-) TimerEvent: {}
[212.108720] (-) TimerEvent: {}
[212.209852] (-) TimerEvent: {}
[212.311023] (-) TimerEvent: {}
[212.412172] (-) TimerEvent: {}
[212.513377] (-) TimerEvent: {}
[212.614590] (-) TimerEvent: {}
[212.715759] (-) TimerEvent: {}
[212.816949] (-) TimerEvent: {}
[212.917978] (-) TimerEvent: {}
[213.018991] (-) TimerEvent: {}
[213.120182] (-) TimerEvent: {}
[213.221543] (-) TimerEvent: {}
[213.322381] (-) TimerEvent: {}
[213.423611] (-) TimerEvent: {}
[213.524670] (-) TimerEvent: {}
[213.626366] (-) TimerEvent: {}
[213.727548] (-) TimerEvent: {}
[213.828578] (-) TimerEvent: {}
[213.929595] (-) TimerEvent: {}
[214.030821] (-) TimerEvent: {}
[214.132314] (-) TimerEvent: {}
[214.233608] (-) TimerEvent: {}
[214.334386] (-) TimerEvent: {}
[214.435381] (-) TimerEvent: {}
[214.536967] (-) TimerEvent: {}
[214.638248] (-) TimerEvent: {}
[214.739389] (-) TimerEvent: {}
[214.840787] (-) TimerEvent: {}
[214.941942] (-) TimerEvent: {}
[215.043286] (-) TimerEvent: {}
[215.144226] (-) TimerEvent: {}
[215.245568] (-) TimerEvent: {}
[215.346734] (-) TimerEvent: {}
[215.447598] (-) TimerEvent: {}
[215.548866] (-) TimerEvent: {}
[215.649959] (-) TimerEvent: {}
[215.750855] (-) TimerEvent: {}
[215.852450] (-) TimerEvent: {}
[215.953775] (-) TimerEvent: {}
[216.054783] (-) TimerEvent: {}
[216.156197] (-) TimerEvent: {}
[216.257760] (-) TimerEvent: {}
[216.359119] (-) TimerEvent: {}
[216.460219] (-) TimerEvent: {}
[216.561294] (-) TimerEvent: {}
[216.662357] (-) TimerEvent: {}
[216.763755] (-) TimerEvent: {}
[216.865098] (-) TimerEvent: {}
[216.966263] (-) TimerEvent: {}
[217.067409] (-) TimerEvent: {}
[217.168857] (-) TimerEvent: {}
[217.270355] (-) TimerEvent: {}
[217.371202] (-) TimerEvent: {}
[217.472127] (-) TimerEvent: {}
[217.573173] (-) TimerEvent: {}
[217.674343] (-) TimerEvent: {}
[217.775318] (-) TimerEvent: {}
[217.876361] (-) TimerEvent: {}
[217.977373] (-) TimerEvent: {}
[218.078579] (-) TimerEvent: {}
[218.179532] (-) TimerEvent: {}
[218.280747] (-) TimerEvent: {}
[218.382078] (-) TimerEvent: {}
[218.483876] (-) TimerEvent: {}
[218.584685] (-) TimerEvent: {}
[218.685668] (-) TimerEvent: {}
[218.786910] (-) TimerEvent: {}
[218.887800] (-) TimerEvent: {}
[218.989935] (-) TimerEvent: {}
[219.090887] (-) TimerEvent: {}
[219.192376] (-) TimerEvent: {}
[219.294348] (-) TimerEvent: {}
[219.395381] (-) TimerEvent: {}
[219.497030] (-) TimerEvent: {}
[219.598003] (-) TimerEvent: {}
[219.698881] (-) TimerEvent: {}
[219.800753] (-) TimerEvent: {}
[219.901887] (-) TimerEvent: {}
[220.003782] (-) TimerEvent: {}
[220.104946] (-) TimerEvent: {}
[220.206181] (-) TimerEvent: {}
[220.307779] (-) TimerEvent: {}
[220.409029] (-) TimerEvent: {}
[220.512408] (-) TimerEvent: {}
[220.615025] (-) TimerEvent: {}
[220.715847] (-) TimerEvent: {}
[220.816804] (-) TimerEvent: {}
[220.918047] (-) TimerEvent: {}
[221.019118] (-) TimerEvent: {}
[221.120247] (-) TimerEvent: {}
[221.221108] (-) TimerEvent: {}
[221.343908] (image_transport) StdoutLine: {'line': b'[ 53%] \x1b[32m\x1b[1mLinking CXX executable list_transports\x1b[0m\n'}
[221.401404] (-) TimerEvent: {}
[221.502443] (-) TimerEvent: {}
[221.603389] (-) TimerEvent: {}
[221.704715] (-) TimerEvent: {}
[221.805775] (-) TimerEvent: {}
[221.906962] (-) TimerEvent: {}
[222.008642] (-) TimerEvent: {}
[222.109746] (-) TimerEvent: {}
[222.210708] (-) TimerEvent: {}
[222.312005] (-) TimerEvent: {}
[222.413915] (-) TimerEvent: {}
[222.515441] (-) TimerEvent: {}
[222.617580] (-) TimerEvent: {}
[222.719743] (-) TimerEvent: {}
[222.821681] (-) TimerEvent: {}
[222.923423] (-) TimerEvent: {}
[223.024821] (-) TimerEvent: {}
[223.127685] (-) TimerEvent: {}
[223.230012] (-) TimerEvent: {}
[223.332251] (-) TimerEvent: {}
[223.436385] (-) TimerEvent: {}
[223.538644] (-) TimerEvent: {}
[223.640809] (-) TimerEvent: {}
[223.742804] (-) TimerEvent: {}
[223.845274] (-) TimerEvent: {}
[223.947998] (-) TimerEvent: {}
[224.051043] (-) TimerEvent: {}
[224.153143] (-) TimerEvent: {}
[224.254474] (-) TimerEvent: {}
[224.355816] (-) TimerEvent: {}
[224.381997] (image_transport) StdoutLine: {'line': b'[ 53%] Built target list_transports\n'}
[224.456099] (-) TimerEvent: {}
[224.557079] (-) TimerEvent: {}
[224.658025] (-) TimerEvent: {}
[224.758994] (-) TimerEvent: {}
[224.860348] (-) TimerEvent: {}
[224.961700] (-) TimerEvent: {}
[225.063046] (-) TimerEvent: {}
[225.164391] (-) TimerEvent: {}
[225.265387] (-) TimerEvent: {}
[225.366233] (-) TimerEvent: {}
[225.467260] (-) TimerEvent: {}
[225.568412] (-) TimerEvent: {}
[225.670140] (-) TimerEvent: {}
[225.771085] (-) TimerEvent: {}
[225.872042] (-) TimerEvent: {}
[225.973019] (-) TimerEvent: {}
[226.073908] (-) TimerEvent: {}
[226.174824] (-) TimerEvent: {}
[226.275653] (-) TimerEvent: {}
[226.376715] (-) TimerEvent: {}
[226.477847] (-) TimerEvent: {}
[226.579448] (-) TimerEvent: {}
[226.680593] (-) TimerEvent: {}
[226.781599] (-) TimerEvent: {}
[226.882564] (-) TimerEvent: {}
[226.983454] (-) TimerEvent: {}
[227.084418] (-) TimerEvent: {}
[227.185509] (-) TimerEvent: {}
[227.287270] (-) TimerEvent: {}
[227.395208] (-) TimerEvent: {}
[227.517119] (-) TimerEvent: {}
[227.618342] (-) TimerEvent: {}
[227.719673] (-) TimerEvent: {}
[227.820602] (-) TimerEvent: {}
[227.921483] (-) TimerEvent: {}
[228.022396] (-) TimerEvent: {}
[228.123342] (-) TimerEvent: {}
[228.224217] (-) TimerEvent: {}
[228.325146] (-) TimerEvent: {}
[228.426103] (-) TimerEvent: {}
[228.526996] (-) TimerEvent: {}
[228.627935] (-) TimerEvent: {}
[228.728883] (-) TimerEvent: {}
[228.829852] (-) TimerEvent: {}
[228.930811] (-) TimerEvent: {}
[229.031604] (-) TimerEvent: {}
[229.132550] (-) TimerEvent: {}
[229.233452] (-) TimerEvent: {}
[229.334305] (-) TimerEvent: {}
[229.435251] (-) TimerEvent: {}
[229.537879] (-) TimerEvent: {}
[229.640136] (-) TimerEvent: {}
[229.742793] (-) TimerEvent: {}
[229.845244] (-) TimerEvent: {}
[229.947583] (-) TimerEvent: {}
[230.050125] (-) TimerEvent: {}
[230.153193] (-) TimerEvent: {}
[230.255688] (-) TimerEvent: {}
[230.357011] (-) TimerEvent: {}
[230.457895] (-) TimerEvent: {}
[230.559280] (-) TimerEvent: {}
[230.661568] (-) TimerEvent: {}
[230.762384] (-) TimerEvent: {}
[230.863386] (-) TimerEvent: {}
[230.924924] (image_transport) StdoutLine: {'line': b'[ 56%] \x1b[32m\x1b[1mLinking CXX executable republish\x1b[0m\n'}
[230.963658] (-) TimerEvent: {}
[231.065612] (-) TimerEvent: {}
[231.168047] (-) TimerEvent: {}
[231.270280] (-) TimerEvent: {}
[231.373461] (-) TimerEvent: {}
[231.476712] (-) TimerEvent: {}
[231.579072] (-) TimerEvent: {}
[231.681791] (-) TimerEvent: {}
[231.784696] (-) TimerEvent: {}
[231.887645] (-) TimerEvent: {}
[231.989948] (-) TimerEvent: {}
[232.092171] (-) TimerEvent: {}
[232.194406] (-) TimerEvent: {}
[232.297086] (-) TimerEvent: {}
[232.400151] (-) TimerEvent: {}
[232.502160] (-) TimerEvent: {}
[232.604383] (-) TimerEvent: {}
[232.706760] (-) TimerEvent: {}
[232.809525] (-) TimerEvent: {}
[232.911131] (-) TimerEvent: {}
[233.013059] (-) TimerEvent: {}
[233.115098] (-) TimerEvent: {}
[233.202976] (image_transport) StdoutLine: {'line': b'[ 56%] Built target republish\n'}
[233.215314] (-) TimerEvent: {}
[233.316151] (-) TimerEvent: {}
[233.417003] (-) TimerEvent: {}
[233.517835] (-) TimerEvent: {}
[233.618595] (-) TimerEvent: {}
[233.719365] (-) TimerEvent: {}
[233.820127] (-) TimerEvent: {}
[233.921028] (-) TimerEvent: {}
[234.021864] (-) TimerEvent: {}
[234.122617] (-) TimerEvent: {}
[234.223511] (-) TimerEvent: {}
[234.324357] (-) TimerEvent: {}
[234.425147] (-) TimerEvent: {}
[234.525980] (-) TimerEvent: {}
[234.626776] (-) TimerEvent: {}
[234.727550] (-) TimerEvent: {}
[234.828353] (-) TimerEvent: {}
[234.929312] (-) TimerEvent: {}
[235.030191] (-) TimerEvent: {}
[235.131183] (-) TimerEvent: {}
[235.231967] (-) TimerEvent: {}
[235.332793] (-) TimerEvent: {}
[235.433657] (-) TimerEvent: {}
[235.534526] (-) TimerEvent: {}
[235.635393] (-) TimerEvent: {}
[235.736203] (-) TimerEvent: {}
[235.837105] (-) TimerEvent: {}
[235.937994] (-) TimerEvent: {}
[236.038817] (-) TimerEvent: {}
[236.139686] (-) TimerEvent: {}
[236.240564] (-) TimerEvent: {}
[236.341426] (-) TimerEvent: {}
[236.442169] (-) TimerEvent: {}
[236.542984] (-) TimerEvent: {}
[236.643813] (-) TimerEvent: {}
[236.744617] (-) TimerEvent: {}
[236.845431] (-) TimerEvent: {}
[236.946176] (-) TimerEvent: {}
[237.046940] (-) TimerEvent: {}
[237.147723] (-) TimerEvent: {}
[237.248544] (-) TimerEvent: {}
[237.349423] (-) TimerEvent: {}
[237.450262] (-) TimerEvent: {}
[237.551053] (-) TimerEvent: {}
[237.651838] (-) TimerEvent: {}
[237.752659] (-) TimerEvent: {}
[237.853470] (-) TimerEvent: {}
[237.954244] (-) TimerEvent: {}
[238.055034] (-) TimerEvent: {}
[238.155791] (-) TimerEvent: {}
[238.256636] (-) TimerEvent: {}
[238.357451] (-) TimerEvent: {}
[238.458230] (-) TimerEvent: {}
[238.559027] (-) TimerEvent: {}
[238.659821] (-) TimerEvent: {}
[238.760682] (-) TimerEvent: {}
[238.861509] (-) TimerEvent: {}
[238.962316] (-) TimerEvent: {}
[239.063181] (-) TimerEvent: {}
[239.164237] (-) TimerEvent: {}
[239.265095] (-) TimerEvent: {}
[239.365861] (-) TimerEvent: {}
[239.466692] (-) TimerEvent: {}
[239.567503] (-) TimerEvent: {}
[239.668304] (-) TimerEvent: {}
[239.769286] (-) TimerEvent: {}
[239.870102] (-) TimerEvent: {}
[239.970901] (-) TimerEvent: {}
[240.071786] (-) TimerEvent: {}
[240.172620] (-) TimerEvent: {}
[240.273436] (-) TimerEvent: {}
[240.374587] (-) TimerEvent: {}
[240.475421] (-) TimerEvent: {}
[240.576185] (-) TimerEvent: {}
[240.677102] (-) TimerEvent: {}
[240.777891] (-) TimerEvent: {}
[240.878723] (-) TimerEvent: {}
[240.979571] (-) TimerEvent: {}
[241.080402] (-) TimerEvent: {}
[241.181271] (-) TimerEvent: {}
[241.282092] (-) TimerEvent: {}
[241.382924] (-) TimerEvent: {}
[241.483740] (-) TimerEvent: {}
[241.585197] (-) TimerEvent: {}
[241.686481] (-) TimerEvent: {}
[241.787712] (-) TimerEvent: {}
[241.888853] (-) TimerEvent: {}
[241.989927] (-) TimerEvent: {}
[242.091120] (-) TimerEvent: {}
[242.192386] (-) TimerEvent: {}
[242.293694] (-) TimerEvent: {}
[242.394839] (-) TimerEvent: {}
[242.496094] (-) TimerEvent: {}
[242.597883] (-) TimerEvent: {}
[242.699109] (-) TimerEvent: {}
[242.799964] (-) TimerEvent: {}
[242.900840] (-) TimerEvent: {}
[243.001809] (-) TimerEvent: {}
[243.102628] (-) TimerEvent: {}
[243.203616] (-) TimerEvent: {}
[243.304828] (-) TimerEvent: {}
[243.406326] (-) TimerEvent: {}
[243.507660] (-) TimerEvent: {}
[243.608553] (-) TimerEvent: {}
[243.709374] (-) TimerEvent: {}
[243.810131] (-) TimerEvent: {}
[243.910924] (-) TimerEvent: {}
[244.011783] (-) TimerEvent: {}
[244.112590] (-) TimerEvent: {}
[244.213356] (-) TimerEvent: {}
[244.314147] (-) TimerEvent: {}
[244.414905] (-) TimerEvent: {}
[244.515763] (-) TimerEvent: {}
[244.616623] (-) TimerEvent: {}
[244.717397] (-) TimerEvent: {}
[244.818182] (-) TimerEvent: {}
[244.919003] (-) TimerEvent: {}
[245.019848] (-) TimerEvent: {}
[245.120724] (-) TimerEvent: {}
[245.221937] (-) TimerEvent: {}
[245.325137] (-) TimerEvent: {}
[245.427071] (-) TimerEvent: {}
[245.514505] (image_transport) StdoutLine: {'line': b'[ 60%] \x1b[32mBuilding CXX object CMakeFiles/image_transport-subscriber.dir/test/test_subscriber.cpp.o\x1b[0m\n'}
[245.527339] (-) TimerEvent: {}
[245.628724] (-) TimerEvent: {}
[245.729990] (-) TimerEvent: {}
[245.830949] (-) TimerEvent: {}
[245.931886] (-) TimerEvent: {}
[246.032956] (-) TimerEvent: {}
[246.111052] (image_transport) StdoutLine: {'line': b'[ 63%] \x1b[32m\x1b[1mLinking CXX shared library libimage_transport_plugins.so\x1b[0m\n'}
[246.133201] (-) TimerEvent: {}
[246.234716] (-) TimerEvent: {}
[246.335784] (-) TimerEvent: {}
[246.438024] (-) TimerEvent: {}
[246.539711] (-) TimerEvent: {}
[246.614861] (image_transport) StdoutLine: {'line': b'[ 66%] \x1b[32mBuilding CXX object CMakeFiles/image_transport-publisher.dir/test/test_publisher.cpp.o\x1b[0m\n'}
[246.641170] (-) TimerEvent: {}
[246.744157] (-) TimerEvent: {}
[246.848802] (-) TimerEvent: {}
[246.951813] (-) TimerEvent: {}
[247.060776] (-) TimerEvent: {}
[247.164348] (-) TimerEvent: {}
[247.267299] (-) TimerEvent: {}
[247.369848] (-) TimerEvent: {}
[247.473022] (-) TimerEvent: {}
[247.574003] (-) TimerEvent: {}
[247.679322] (-) TimerEvent: {}
[247.715998] (image_transport) StdoutLine: {'line': b'[ 70%] \x1b[32mBuilding CXX object CMakeFiles/image_transport-camera_common.dir/test/test_camera_common.cpp.o\x1b[0m\n'}
[247.779756] (-) TimerEvent: {}
[247.881251] (-) TimerEvent: {}
[247.982553] (-) TimerEvent: {}
[248.083447] (-) TimerEvent: {}
[248.184576] (-) TimerEvent: {}
[248.285771] (-) TimerEvent: {}
[248.387004] (-) TimerEvent: {}
[248.488279] (-) TimerEvent: {}
[248.589575] (-) TimerEvent: {}
[248.690596] (-) TimerEvent: {}
[248.791371] (-) TimerEvent: {}
[248.892160] (-) TimerEvent: {}
[248.993325] (-) TimerEvent: {}
[249.037209] (image_transport) StdoutLine: {'line': b'[ 70%] Built target image_transport_plugins\n'}
[249.094646] (-) TimerEvent: {}
[249.166715] (image_transport) StdoutLine: {'line': b'[ 73%] \x1b[32mBuilding CXX object CMakeFiles/image_transport-message_passing.dir/test/test_message_passing.cpp.o\x1b[0m\n'}
[249.195092] (-) TimerEvent: {}
[249.296613] (-) TimerEvent: {}
[249.398179] (-) TimerEvent: {}
[249.499929] (-) TimerEvent: {}
[249.601759] (-) TimerEvent: {}
[249.703365] (-) TimerEvent: {}
[249.805066] (-) TimerEvent: {}
[249.907070] (-) TimerEvent: {}
[250.008803] (-) TimerEvent: {}
[250.110955] (-) TimerEvent: {}
[250.212858] (-) TimerEvent: {}
[250.315013] (-) TimerEvent: {}
[250.417428] (-) TimerEvent: {}
[250.520237] (-) TimerEvent: {}
[250.622948] (-) TimerEvent: {}
[250.725472] (-) TimerEvent: {}
[250.827188] (-) TimerEvent: {}
[250.929088] (-) TimerEvent: {}
[251.030890] (-) TimerEvent: {}
[251.132780] (-) TimerEvent: {}
[251.234841] (-) TimerEvent: {}
[251.337091] (-) TimerEvent: {}
[251.439867] (-) TimerEvent: {}
[251.542064] (-) TimerEvent: {}
[251.644231] (-) TimerEvent: {}
[251.745994] (-) TimerEvent: {}
[251.856834] (-) TimerEvent: {}
[251.959326] (-) TimerEvent: {}
[252.062250] (-) TimerEvent: {}
[252.164972] (-) TimerEvent: {}
[252.267690] (-) TimerEvent: {}
[252.370450] (-) TimerEvent: {}
[252.472956] (-) TimerEvent: {}
[252.574062] (-) TimerEvent: {}
[252.675517] (-) TimerEvent: {}
[252.776853] (-) TimerEvent: {}
[252.879863] (-) TimerEvent: {}
[252.983176] (-) TimerEvent: {}
[253.086085] (-) TimerEvent: {}
[253.187716] (-) TimerEvent: {}
[253.289885] (-) TimerEvent: {}
[253.391940] (-) TimerEvent: {}
[253.493880] (-) TimerEvent: {}
[253.595690] (-) TimerEvent: {}
[253.697404] (-) TimerEvent: {}
[253.799560] (-) TimerEvent: {}
[253.901782] (-) TimerEvent: {}
[254.004033] (-) TimerEvent: {}
[254.106149] (-) TimerEvent: {}
[254.208243] (-) TimerEvent: {}
[254.310253] (-) TimerEvent: {}
[254.412408] (-) TimerEvent: {}
[254.514572] (-) TimerEvent: {}
[254.616809] (-) TimerEvent: {}
[254.718903] (-) TimerEvent: {}
[254.820918] (-) TimerEvent: {}
[254.922913] (-) TimerEvent: {}
[255.024801] (-) TimerEvent: {}
[255.126799] (-) TimerEvent: {}
[255.228596] (-) TimerEvent: {}
[255.330555] (-) TimerEvent: {}
[255.432330] (-) TimerEvent: {}
[255.534214] (-) TimerEvent: {}
[255.636275] (-) TimerEvent: {}
[255.738251] (-) TimerEvent: {}
[255.840022] (-) TimerEvent: {}
[255.941519] (-) TimerEvent: {}
[256.043475] (-) TimerEvent: {}
[256.145686] (-) TimerEvent: {}
[256.248655] (-) TimerEvent: {}
[256.351593] (-) TimerEvent: {}
[256.454988] (-) TimerEvent: {}
[256.558017] (-) TimerEvent: {}
[256.659856] (-) TimerEvent: {}
[256.761914] (-) TimerEvent: {}
[256.863977] (-) TimerEvent: {}
[256.965835] (-) TimerEvent: {}
[257.067824] (-) TimerEvent: {}
[257.169917] (-) TimerEvent: {}
[257.271926] (-) TimerEvent: {}
[257.373918] (-) TimerEvent: {}
[257.475962] (-) TimerEvent: {}
[257.578673] (-) TimerEvent: {}
[257.680432] (-) TimerEvent: {}
[257.782237] (-) TimerEvent: {}
[257.884018] (-) TimerEvent: {}
[257.985787] (-) TimerEvent: {}
[258.087263] (-) TimerEvent: {}
[258.195238] (-) TimerEvent: {}
[258.296821] (-) TimerEvent: {}
[258.398495] (-) TimerEvent: {}
[258.501821] (-) TimerEvent: {}
[258.605066] (-) TimerEvent: {}
[258.707713] (-) TimerEvent: {}
[258.811193] (-) TimerEvent: {}
[258.914410] (-) TimerEvent: {}
[259.017102] (-) TimerEvent: {}
[259.120267] (-) TimerEvent: {}
[259.224317] (-) TimerEvent: {}
[259.327877] (-) TimerEvent: {}
[259.431508] (-) TimerEvent: {}
[259.535081] (-) TimerEvent: {}
[259.636981] (-) TimerEvent: {}
[259.705417] (image_transport) StdoutLine: {'line': b'[ 76%] \x1b[32m\x1b[1mLinking CXX executable image_transport-camera_common\x1b[0m\n'}
[259.737373] (-) TimerEvent: {}
[259.839228] (-) TimerEvent: {}
[259.941219] (-) TimerEvent: {}
[260.042980] (-) TimerEvent: {}
[260.147402] (-) TimerEvent: {}
[260.251165] (-) TimerEvent: {}
[260.355474] (-) TimerEvent: {}
[260.460461] (-) TimerEvent: {}
[260.564852] (-) TimerEvent: {}
[260.668949] (-) TimerEvent: {}
[260.771450] (-) TimerEvent: {}
[260.873768] (-) TimerEvent: {}
[260.976155] (-) TimerEvent: {}
[261.078485] (-) TimerEvent: {}
[261.180181] (-) TimerEvent: {}
[261.282623] (-) TimerEvent: {}
[261.384785] (-) TimerEvent: {}
[261.486428] (-) TimerEvent: {}
[261.588297] (-) TimerEvent: {}
[261.690177] (-) TimerEvent: {}
[261.792268] (-) TimerEvent: {}
[261.894695] (-) TimerEvent: {}
[261.996778] (-) TimerEvent: {}
[262.099217] (-) TimerEvent: {}
[262.201689] (-) TimerEvent: {}
[262.305268] (-) TimerEvent: {}
[262.407931] (-) TimerEvent: {}
[262.509958] (-) TimerEvent: {}
[262.612794] (-) TimerEvent: {}
[262.717553] (-) TimerEvent: {}
[262.818879] (-) TimerEvent: {}
[262.920018] (-) TimerEvent: {}
[263.021688] (-) TimerEvent: {}
[263.123097] (-) TimerEvent: {}
[263.236166] (-) TimerEvent: {}
[263.337906] (-) TimerEvent: {}
[263.439354] (-) TimerEvent: {}
[263.541074] (image_transport) StdoutLine: {'line': b'[ 76%] Built target image_transport-camera_common\n'}
[263.546906] (-) TimerEvent: {}
[263.648119] (-) TimerEvent: {}
[263.750674] (-) TimerEvent: {}
[263.853086] (-) TimerEvent: {}
[263.956760] (-) TimerEvent: {}
[264.060144] (-) TimerEvent: {}
[264.162724] (-) TimerEvent: {}
[264.265536] (-) TimerEvent: {}
[264.368824] (-) TimerEvent: {}
[264.472095] (-) TimerEvent: {}
[264.575257] (-) TimerEvent: {}
[264.678799] (-) TimerEvent: {}
[264.781370] (-) TimerEvent: {}
[264.884309] (-) TimerEvent: {}
[264.987195] (-) TimerEvent: {}
[265.089740] (-) TimerEvent: {}
[265.192685] (-) TimerEvent: {}
[265.294959] (-) TimerEvent: {}
[265.397402] (-) TimerEvent: {}
[265.500188] (-) TimerEvent: {}
[265.601986] (-) TimerEvent: {}
[265.703653] (-) TimerEvent: {}
[265.805328] (-) TimerEvent: {}
[265.908199] (-) TimerEvent: {}
[266.011265] (-) TimerEvent: {}
[266.114784] (-) TimerEvent: {}
[266.217830] (-) TimerEvent: {}
[266.321144] (-) TimerEvent: {}
[266.424660] (-) TimerEvent: {}
[266.527518] (-) TimerEvent: {}
[266.630848] (-) TimerEvent: {}
[266.732922] (-) TimerEvent: {}
[266.834809] (-) TimerEvent: {}
[266.935848] (-) TimerEvent: {}
[267.036808] (-) TimerEvent: {}
[267.138187] (-) TimerEvent: {}
[267.239849] (-) TimerEvent: {}
[267.340858] (-) TimerEvent: {}
[267.443339] (-) TimerEvent: {}
[267.545517] (-) TimerEvent: {}
[267.647602] (-) TimerEvent: {}
[267.749574] (-) TimerEvent: {}
[267.851192] (-) TimerEvent: {}
[267.952171] (-) TimerEvent: {}
[268.055112] (-) TimerEvent: {}
[268.158322] (-) TimerEvent: {}
[268.266359] (-) TimerEvent: {}
[268.368099] (-) TimerEvent: {}
[268.470388] (-) TimerEvent: {}
[268.573005] (-) TimerEvent: {}
[268.675758] (-) TimerEvent: {}
[268.778627] (-) TimerEvent: {}
[268.881436] (-) TimerEvent: {}
[268.984613] (-) TimerEvent: {}
[269.087205] (-) TimerEvent: {}
[269.189595] (-) TimerEvent: {}
[269.291948] (-) TimerEvent: {}
[269.394358] (-) TimerEvent: {}
[269.497452] (-) TimerEvent: {}
[269.600167] (-) TimerEvent: {}
[269.702651] (-) TimerEvent: {}
[269.804763] (-) TimerEvent: {}
[269.906466] (-) TimerEvent: {}
[270.007424] (-) TimerEvent: {}
[270.108447] (-) TimerEvent: {}
[270.209636] (-) TimerEvent: {}
[270.310693] (-) TimerEvent: {}
[270.411712] (-) TimerEvent: {}
[270.512699] (-) TimerEvent: {}
[270.613764] (-) TimerEvent: {}
[270.728897] (-) TimerEvent: {}
[270.821880] (image_transport) StdoutLine: {'line': b'[ 80%] \x1b[32mBuilding CXX object CMakeFiles/image_transport-remapping.dir/test/test_remapping.cpp.o\x1b[0m\n'}
[270.829133] (-) TimerEvent: {}
[270.936886] (-) TimerEvent: {}
[271.038120] (-) TimerEvent: {}
[271.140817] (-) TimerEvent: {}
[271.242084] (-) TimerEvent: {}
[271.343187] (-) TimerEvent: {}
[271.444174] (-) TimerEvent: {}
[271.545590] (-) TimerEvent: {}
[271.646643] (-) TimerEvent: {}
[271.748369] (-) TimerEvent: {}
[271.851104] (-) TimerEvent: {}
[271.952459] (-) TimerEvent: {}
[272.053538] (-) TimerEvent: {}
[272.154473] (-) TimerEvent: {}
[272.264552] (-) TimerEvent: {}
[272.365858] (-) TimerEvent: {}
[272.467176] (-) TimerEvent: {}
[272.568322] (-) TimerEvent: {}
[272.669513] (-) TimerEvent: {}
[272.770518] (-) TimerEvent: {}
[272.872686] (-) TimerEvent: {}
[272.974731] (-) TimerEvent: {}
[273.076644] (-) TimerEvent: {}
[273.178738] (-) TimerEvent: {}
[273.290204] (-) TimerEvent: {}
[273.392068] (-) TimerEvent: {}
[273.493701] (-) TimerEvent: {}
[273.595515] (-) TimerEvent: {}
[273.697387] (-) TimerEvent: {}
[273.799096] (-) TimerEvent: {}
[273.901115] (-) TimerEvent: {}
[274.003577] (-) TimerEvent: {}
[274.105674] (-) TimerEvent: {}
[274.208665] (-) TimerEvent: {}
[274.312335] (-) TimerEvent: {}
[274.414967] (-) TimerEvent: {}
[274.517325] (-) TimerEvent: {}
[274.621040] (-) TimerEvent: {}
[274.722889] (-) TimerEvent: {}
[274.825352] (-) TimerEvent: {}
[274.927671] (-) TimerEvent: {}
[275.030086] (-) TimerEvent: {}
[275.131177] (-) TimerEvent: {}
[275.232356] (-) TimerEvent: {}
[275.333744] (-) TimerEvent: {}
[275.435859] (-) TimerEvent: {}
[275.538794] (-) TimerEvent: {}
[275.641007] (-) TimerEvent: {}
[275.743178] (-) TimerEvent: {}
[275.845160] (-) TimerEvent: {}
[275.946997] (-) TimerEvent: {}
[276.049242] (-) TimerEvent: {}
[276.151808] (-) TimerEvent: {}
[276.254150] (-) TimerEvent: {}
[276.356630] (-) TimerEvent: {}
[276.458729] (-) TimerEvent: {}
[276.560940] (-) TimerEvent: {}
[276.663291] (-) TimerEvent: {}
[276.765619] (-) TimerEvent: {}
[276.867525] (-) TimerEvent: {}
[276.969917] (-) TimerEvent: {}
[277.072147] (-) TimerEvent: {}
[277.173844] (-) TimerEvent: {}
[277.275377] (-) TimerEvent: {}
[277.376850] (-) TimerEvent: {}
[277.478296] (-) TimerEvent: {}
[277.579628] (-) TimerEvent: {}
[277.680977] (-) TimerEvent: {}
[277.782149] (-) TimerEvent: {}
[277.883232] (-) TimerEvent: {}
[277.984253] (-) TimerEvent: {}
[278.085554] (-) TimerEvent: {}
[278.186683] (-) TimerEvent: {}
[280.842046] (-) TimerEvent: {}
[280.952925] (-) TimerEvent: {}
[281.054166] (-) TimerEvent: {}
[281.155316] (-) TimerEvent: {}
[281.256579] (-) TimerEvent: {}
[281.357776] (-) TimerEvent: {}
[281.458928] (-) TimerEvent: {}
[281.560130] (-) TimerEvent: {}
[281.661433] (-) TimerEvent: {}
[281.762618] (-) TimerEvent: {}
[281.863791] (-) TimerEvent: {}
[281.965015] (-) TimerEvent: {}
[282.066277] (-) TimerEvent: {}
[282.167347] (-) TimerEvent: {}
[282.268431] (-) TimerEvent: {}
[282.369696] (-) TimerEvent: {}
[282.471012] (-) TimerEvent: {}
[282.572319] (-) TimerEvent: {}
[282.673640] (-) TimerEvent: {}
[282.775021] (-) TimerEvent: {}
[282.876394] (-) TimerEvent: {}
[282.977703] (-) TimerEvent: {}
[283.078917] (-) TimerEvent: {}
[283.180125] (-) TimerEvent: {}
[283.281323] (-) TimerEvent: {}
[283.382566] (-) TimerEvent: {}
[283.543363] (-) TimerEvent: {}
[283.644306] (-) TimerEvent: {}
[283.745713] (-) TimerEvent: {}
[283.847404] (-) TimerEvent: {}
[283.948415] (-) TimerEvent: {}
[284.049762] (-) TimerEvent: {}
[284.151316] (-) TimerEvent: {}
[284.253010] (-) TimerEvent: {}
[284.354429] (-) TimerEvent: {}
[284.455977] (-) TimerEvent: {}
[284.557331] (-) TimerEvent: {}
[284.658546] (-) TimerEvent: {}
[284.759852] (-) TimerEvent: {}
[284.861177] (-) TimerEvent: {}
[284.962447] (-) TimerEvent: {}
[285.063815] (-) TimerEvent: {}
[285.165097] (-) TimerEvent: {}
[285.266229] (-) TimerEvent: {}
[285.367337] (-) TimerEvent: {}
[285.468591] (-) TimerEvent: {}
[285.569775] (-) TimerEvent: {}
[285.670919] (-) TimerEvent: {}
[285.771999] (-) TimerEvent: {}
[285.872999] (-) TimerEvent: {}
[285.974084] (-) TimerEvent: {}
[286.075272] (-) TimerEvent: {}
[286.176470] (-) TimerEvent: {}
[286.277692] (-) TimerEvent: {}
[286.378811] (-) TimerEvent: {}
[286.480082] (-) TimerEvent: {}
[286.581321] (-) TimerEvent: {}
[286.682506] (-) TimerEvent: {}
[286.783938] (-) TimerEvent: {}
[286.885298] (-) TimerEvent: {}
[286.986627] (-) TimerEvent: {}
[287.087552] (-) TimerEvent: {}
[287.188772] (-) TimerEvent: {}
[287.289956] (-) TimerEvent: {}
[287.391077] (-) TimerEvent: {}
[287.492250] (-) TimerEvent: {}
[288.002174] (-) TimerEvent: {}
[288.423295] (-) TimerEvent: {}
[288.525138] (-) TimerEvent: {}
[288.625882] (-) TimerEvent: {}
[288.727164] (-) TimerEvent: {}
[288.829979] (-) TimerEvent: {}
[288.931441] (-) TimerEvent: {}
[289.033077] (-) TimerEvent: {}
[289.134303] (-) TimerEvent: {}
[289.235355] (-) TimerEvent: {}
[289.336178] (-) TimerEvent: {}
[289.437742] (-) TimerEvent: {}
[289.538915] (-) TimerEvent: {}
[289.640020] (-) TimerEvent: {}
[289.741075] (-) TimerEvent: {}
[289.841982] (-) TimerEvent: {}
[289.943312] (-) TimerEvent: {}
[290.044584] (-) TimerEvent: {}
[290.145730] (-) TimerEvent: {}
[290.247029] (-) TimerEvent: {}
[290.348419] (-) TimerEvent: {}
[290.449736] (-) TimerEvent: {}
[290.551000] (-) TimerEvent: {}
[290.652238] (-) TimerEvent: {}
[290.753503] (-) TimerEvent: {}
[290.854486] (-) TimerEvent: {}
[290.955960] (-) TimerEvent: {}
[291.057223] (-) TimerEvent: {}
[291.158724] (-) TimerEvent: {}
[291.260152] (-) TimerEvent: {}
[291.361404] (-) TimerEvent: {}
[291.462241] (-) TimerEvent: {}
[291.563892] (-) TimerEvent: {}
[291.665413] (-) TimerEvent: {}
[291.766402] (-) TimerEvent: {}
[291.867514] (-) TimerEvent: {}
[291.968885] (-) TimerEvent: {}
[292.070253] (-) TimerEvent: {}
[292.171444] (-) TimerEvent: {}
[292.272438] (-) TimerEvent: {}
[292.373757] (-) TimerEvent: {}
[292.475140] (-) TimerEvent: {}
[292.575918] (-) TimerEvent: {}
[292.677435] (-) TimerEvent: {}
[292.778896] (-) TimerEvent: {}
[292.880042] (-) TimerEvent: {}
[292.981185] (-) TimerEvent: {}
[293.082329] (-) TimerEvent: {}
[293.183646] (-) TimerEvent: {}
[293.284962] (-) TimerEvent: {}
[293.386063] (-) TimerEvent: {}
[293.487641] (-) TimerEvent: {}
[293.589288] (-) TimerEvent: {}
[293.690138] (-) TimerEvent: {}
[293.791491] (-) TimerEvent: {}
[293.893109] (-) TimerEvent: {}
[293.994824] (-) TimerEvent: {}
[294.095750] (-) TimerEvent: {}
[294.196984] (-) TimerEvent: {}
[294.297841] (-) TimerEvent: {}
[294.398868] (-) TimerEvent: {}
[294.500087] (-) TimerEvent: {}
[294.601208] (-) TimerEvent: {}
[294.701990] (-) TimerEvent: {}
[294.802859] (-) TimerEvent: {}
[294.903926] (-) TimerEvent: {}
[295.004831] (-) TimerEvent: {}
[295.106409] (-) TimerEvent: {}
[295.207490] (-) TimerEvent: {}
[295.308600] (-) TimerEvent: {}
[295.409670] (-) TimerEvent: {}
[295.510470] (-) TimerEvent: {}
[295.611570] (-) TimerEvent: {}
[295.712825] (-) TimerEvent: {}
[295.814101] (-) TimerEvent: {}
[295.915149] (-) TimerEvent: {}
[296.016274] (-) TimerEvent: {}
[296.117807] (-) TimerEvent: {}
[296.219004] (-) TimerEvent: {}
[296.320118] (-) TimerEvent: {}
[296.421046] (-) TimerEvent: {}
[296.521938] (-) TimerEvent: {}
[296.622948] (-) TimerEvent: {}
[296.724031] (-) TimerEvent: {}
[296.825117] (-) TimerEvent: {}
[296.926095] (-) TimerEvent: {}
[297.026874] (-) TimerEvent: {}
[297.127969] (-) TimerEvent: {}
[297.229286] (-) TimerEvent: {}
[297.330975] (-) TimerEvent: {}
[297.432089] (-) TimerEvent: {}
[297.533049] (-) TimerEvent: {}
[297.634172] (-) TimerEvent: {}
[297.942671] (-) TimerEvent: {}
[298.043492] (-) TimerEvent: {}
[298.144371] (-) TimerEvent: {}
[298.245622] (-) TimerEvent: {}
[298.346831] (-) TimerEvent: {}
[298.448011] (-) TimerEvent: {}
[298.549166] (-) TimerEvent: {}
[298.650555] (-) TimerEvent: {}
[298.751696] (-) TimerEvent: {}
[298.852926] (-) TimerEvent: {}
[298.954004] (-) TimerEvent: {}
[299.054785] (-) TimerEvent: {}
[299.155971] (-) TimerEvent: {}
[299.257317] (-) TimerEvent: {}
[299.358605] (-) TimerEvent: {}
[299.459677] (-) TimerEvent: {}
[299.560716] (-) TimerEvent: {}
[299.661899] (-) TimerEvent: {}
[299.763131] (-) TimerEvent: {}
[299.864144] (-) TimerEvent: {}
[299.965461] (-) TimerEvent: {}
[300.066730] (-) TimerEvent: {}
[300.168131] (-) TimerEvent: {}
[300.269584] (-) TimerEvent: {}
[300.370794] (-) TimerEvent: {}
[300.471933] (-) TimerEvent: {}
[300.572934] (-) TimerEvent: {}
[300.674057] (-) TimerEvent: {}
[300.775628] (-) TimerEvent: {}
[300.876933] (-) TimerEvent: {}
[300.978109] (-) TimerEvent: {}
[301.079283] (-) TimerEvent: {}
[301.180560] (-) TimerEvent: {}
[301.281788] (-) TimerEvent: {}
[301.383100] (-) TimerEvent: {}
[301.536725] (-) TimerEvent: {}
[301.637582] (-) TimerEvent: {}
[301.738936] (-) TimerEvent: {}
[301.840105] (-) TimerEvent: {}
[301.941341] (-) TimerEvent: {}
[302.042383] (-) TimerEvent: {}
[302.143944] (-) TimerEvent: {}
[302.245268] (-) TimerEvent: {}
[302.346154] (-) TimerEvent: {}
[302.447298] (-) TimerEvent: {}
[302.548107] (-) TimerEvent: {}
[302.649213] (-) TimerEvent: {}
[302.750155] (-) TimerEvent: {}
[302.852830] (-) TimerEvent: {}
[302.953974] (-) TimerEvent: {}
[303.054928] (-) TimerEvent: {}
[303.156114] (-) TimerEvent: {}
[303.257343] (-) TimerEvent: {}
[303.358456] (-) TimerEvent: {}
[303.459684] (-) TimerEvent: {}
[303.560862] (-) TimerEvent: {}
[303.661928] (-) TimerEvent: {}
[303.762917] (-) TimerEvent: {}
[303.864117] (-) TimerEvent: {}
[303.965416] (-) TimerEvent: {}
[304.066621] (-) TimerEvent: {}
[304.167758] (-) TimerEvent: {}
[304.269470] (-) TimerEvent: {}
[304.370826] (-) TimerEvent: {}
[304.471621] (-) TimerEvent: {}
[304.572648] (-) TimerEvent: {}
[304.673968] (-) TimerEvent: {}
[304.775116] (-) TimerEvent: {}
[304.875935] (-) TimerEvent: {}
[304.977067] (-) TimerEvent: {}
[305.078166] (-) TimerEvent: {}
[305.179149] (-) TimerEvent: {}
[305.280011] (-) TimerEvent: {}
[305.380958] (-) TimerEvent: {}
[305.481965] (-) TimerEvent: {}
[305.583263] (-) TimerEvent: {}
[305.684398] (-) TimerEvent: {}
[305.785827] (-) TimerEvent: {}
[305.887100] (-) TimerEvent: {}
[305.988378] (-) TimerEvent: {}
[306.089545] (-) TimerEvent: {}
[306.190524] (-) TimerEvent: {}
[306.291623] (-) TimerEvent: {}
[306.393032] (-) TimerEvent: {}
[306.494316] (-) TimerEvent: {}
[306.595515] (-) TimerEvent: {}
[306.696723] (-) TimerEvent: {}
[306.798033] (-) TimerEvent: {}
[306.899292] (-) TimerEvent: {}
[307.000609] (-) TimerEvent: {}
[307.101820] (-) TimerEvent: {}
[307.202704] (-) TimerEvent: {}
[307.304319] (-) TimerEvent: {}
[307.405656] (-) TimerEvent: {}
[307.506520] (-) TimerEvent: {}
[307.607494] (-) TimerEvent: {}
[307.708590] (-) TimerEvent: {}
[307.809965] (-) TimerEvent: {}
[307.910797] (-) TimerEvent: {}
[308.011724] (-) TimerEvent: {}
[308.113009] (-) TimerEvent: {}
[308.214278] (-) TimerEvent: {}
[308.315300] (-) TimerEvent: {}
[308.416695] (-) TimerEvent: {}
[308.517659] (-) TimerEvent: {}
[308.618914] (-) TimerEvent: {}
[308.720115] (-) TimerEvent: {}
[308.821280] (-) TimerEvent: {}
[308.922371] (-) TimerEvent: {}
[309.023437] (-) TimerEvent: {}
[309.124532] (-) TimerEvent: {}
[309.225716] (-) TimerEvent: {}
[309.327553] (-) TimerEvent: {}
[309.428634] (-) TimerEvent: {}
[309.529812] (-) TimerEvent: {}
[309.631327] (-) TimerEvent: {}
[309.733375] (-) TimerEvent: {}
[310.420823] (-) TimerEvent: {}
[311.643088] (-) TimerEvent: {}
[312.475938] (-) TimerEvent: {}
[312.577509] (-) TimerEvent: {}
[312.678710] (-) TimerEvent: {}
[312.780016] (-) TimerEvent: {}
[312.881367] (-) TimerEvent: {}
[312.982551] (-) TimerEvent: {}
[313.083712] (-) TimerEvent: {}
[313.185135] (-) TimerEvent: {}
[313.286291] (-) TimerEvent: {}
[313.387099] (-) TimerEvent: {}
[313.487968] (-) TimerEvent: {}
[313.589249] (-) TimerEvent: {}
[313.690423] (-) TimerEvent: {}
[313.791867] (-) TimerEvent: {}
[313.893278] (-) TimerEvent: {}
[313.994064] (-) TimerEvent: {}
[314.095165] (-) TimerEvent: {}
[314.196397] (-) TimerEvent: {}
[314.297509] (-) TimerEvent: {}
[314.398703] (-) TimerEvent: {}
[314.500122] (-) TimerEvent: {}
[314.601037] (-) TimerEvent: {}
[314.702167] (-) TimerEvent: {}
[314.803271] (-) TimerEvent: {}
[314.905685] (-) TimerEvent: {}
[315.007226] (-) TimerEvent: {}
[315.108594] (-) TimerEvent: {}
[315.209798] (-) TimerEvent: {}
[315.311019] (-) TimerEvent: {}
[315.412011] (-) TimerEvent: {}
[315.513171] (-) TimerEvent: {}
[315.614095] (-) TimerEvent: {}
[315.715503] (-) TimerEvent: {}
[315.817529] (-) TimerEvent: {}
[315.918731] (-) TimerEvent: {}
[316.019768] (-) TimerEvent: {}
[316.309041] (-) TimerEvent: {}
[316.460407] (-) TimerEvent: {}
[316.561480] (-) TimerEvent: {}
[316.662768] (-) TimerEvent: {}
[317.560169] (-) TimerEvent: {}
[349.259240] (-) TimerEvent: {}
[350.412706] (-) TimerEvent: {}
[350.801154] (-) TimerEvent: {}
[352.425060] (-) TimerEvent: {}
[352.526505] (-) TimerEvent: {}
[352.807091] (-) TimerEvent: {}
[352.909270] (-) TimerEvent: {}
[353.011270] (-) TimerEvent: {}
[353.112430] (-) TimerEvent: {}
[353.213574] (-) TimerEvent: {}
[353.314528] (-) TimerEvent: {}
[353.696443] (-) TimerEvent: {}
[354.785990] (-) TimerEvent: {}
[357.104266] (-) TimerEvent: {}
[359.513252] (-) TimerEvent: {}
[380.866652] (-) TimerEvent: {}
[388.093025] (-) TimerEvent: {}
[392.472084] (-) TimerEvent: {}
[526.417407] (-) TimerEvent: {}
[538.015286] (-) TimerEvent: {}
[541.583198] (-) TimerEvent: {}
[547.172079] (-) TimerEvent: {}
[552.703723] (-) TimerEvent: {}
[553.369566] (-) TimerEvent: {}
[553.470578] (-) TimerEvent: {}
[553.571862] (-) TimerEvent: {}
[553.672783] (-) TimerEvent: {}
[553.773812] (-) TimerEvent: {}
[553.874766] (-) TimerEvent: {}
[553.975610] (-) TimerEvent: {}
[554.076633] (-) TimerEvent: {}
[554.177993] (-) TimerEvent: {}
[554.279035] (-) TimerEvent: {}
[554.380018] (-) TimerEvent: {}
[554.481077] (-) TimerEvent: {}
[554.582287] (-) TimerEvent: {}
[554.683810] (-) TimerEvent: {}
[554.784963] (-) TimerEvent: {}
[554.885920] (-) TimerEvent: {}
[554.987453] (-) TimerEvent: {}
[555.088635] (-) TimerEvent: {}
[555.189702] (-) TimerEvent: {}
[555.291121] (-) TimerEvent: {}
[555.392066] (-) TimerEvent: {}
[555.493325] (-) TimerEvent: {}
[555.594262] (-) TimerEvent: {}
[555.695633] (-) TimerEvent: {}
[555.796950] (-) TimerEvent: {}
[555.897953] (-) TimerEvent: {}
[555.999846] (-) TimerEvent: {}
[556.100714] (-) TimerEvent: {}
[556.201632] (-) TimerEvent: {}
[556.302408] (-) TimerEvent: {}
[556.403426] (-) TimerEvent: {}
[556.504647] (-) TimerEvent: {}
[556.605713] (-) TimerEvent: {}
[556.706749] (-) TimerEvent: {}
[556.807662] (-) TimerEvent: {}
[556.908749] (-) TimerEvent: {}
[557.010811] (-) TimerEvent: {}
[557.112161] (-) TimerEvent: {}
[557.214038] (-) TimerEvent: {}
[557.314969] (-) TimerEvent: {}
[557.428732] (-) TimerEvent: {}
[557.542007] (-) TimerEvent: {}
[557.643610] (-) TimerEvent: {}
[557.745614] (-) TimerEvent: {}
[557.846706] (-) TimerEvent: {}
[557.947790] (-) TimerEvent: {}
[558.048834] (-) TimerEvent: {}
[558.149966] (-) TimerEvent: {}
[558.251965] (-) TimerEvent: {}
[558.353688] (-) TimerEvent: {}
[558.455582] (-) TimerEvent: {}
[558.557217] (-) TimerEvent: {}
[558.658935] (-) TimerEvent: {}
[558.761040] (-) TimerEvent: {}
[558.891387] (-) TimerEvent: {}
[558.992504] (-) TimerEvent: {}
[559.093557] (-) TimerEvent: {}
[559.194866] (-) TimerEvent: {}
[559.296185] (-) TimerEvent: {}
[559.397258] (-) TimerEvent: {}
[559.498564] (-) TimerEvent: {}
[559.599988] (-) TimerEvent: {}
[559.701247] (-) TimerEvent: {}
[559.802513] (-) TimerEvent: {}
[559.903825] (-) TimerEvent: {}
[560.005969] (-) TimerEvent: {}
[560.107211] (-) TimerEvent: {}
[560.208116] (-) TimerEvent: {}
[560.308981] (-) TimerEvent: {}
[560.410469] (-) TimerEvent: {}
[560.511917] (-) TimerEvent: {}
[560.613168] (-) TimerEvent: {}
[560.714171] (-) TimerEvent: {}
[560.815223] (-) TimerEvent: {}
[560.916074] (-) TimerEvent: {}
[561.017451] (-) TimerEvent: {}
[561.118860] (-) TimerEvent: {}
[561.225974] (-) TimerEvent: {}
[561.327208] (-) TimerEvent: {}
[561.428592] (-) TimerEvent: {}
[561.529963] (-) TimerEvent: {}
[561.631146] (-) TimerEvent: {}
[561.732306] (-) TimerEvent: {}
[561.833539] (-) TimerEvent: {}
[561.934778] (-) TimerEvent: {}
[562.110774] (-) TimerEvent: {}
[562.211803] (-) TimerEvent: {}
[562.313017] (-) TimerEvent: {}
[562.413996] (-) TimerEvent: {}
[562.515102] (-) TimerEvent: {}
[562.616252] (-) TimerEvent: {}
[562.717367] (-) TimerEvent: {}
[562.818181] (-) TimerEvent: {}
[562.995738] (-) TimerEvent: {}
[563.096958] (-) TimerEvent: {}
[563.198020] (-) TimerEvent: {}
[563.299148] (-) TimerEvent: {}
[563.400139] (-) TimerEvent: {}
[563.501394] (-) TimerEvent: {}
[563.602614] (-) TimerEvent: {}
[563.703733] (-) TimerEvent: {}
[563.804912] (-) TimerEvent: {}
[563.919552] (-) TimerEvent: {}
[564.021383] (-) TimerEvent: {}
[564.122304] (-) TimerEvent: {}
[564.223427] (-) TimerEvent: {}
[564.324463] (-) TimerEvent: {}
[564.425586] (-) TimerEvent: {}
[564.552038] (-) TimerEvent: {}
[564.664912] (-) TimerEvent: {}
[564.766144] (-) TimerEvent: {}
[564.867380] (-) TimerEvent: {}
[564.968562] (-) TimerEvent: {}
[565.069557] (-) TimerEvent: {}
[565.170530] (-) TimerEvent: {}
[565.271484] (-) TimerEvent: {}
[565.372534] (-) TimerEvent: {}
[565.473758] (-) TimerEvent: {}
[565.574932] (-) TimerEvent: {}
[565.677007] (-) TimerEvent: {}
[565.778133] (-) TimerEvent: {}
[565.879483] (-) TimerEvent: {}
[565.980749] (-) TimerEvent: {}
[566.081864] (-) TimerEvent: {}
[566.185348] (-) TimerEvent: {}
[566.286390] (-) TimerEvent: {}
[566.389713] (-) TimerEvent: {}
[566.495434] (-) TimerEvent: {}
[566.604352] (-) TimerEvent: {}
[566.709693] (-) TimerEvent: {}
[566.811346] (-) TimerEvent: {}
[566.912319] (-) TimerEvent: {}
[567.014018] (-) TimerEvent: {}
[567.115728] (-) TimerEvent: {}
[567.216957] (-) TimerEvent: {}
[567.318626] (-) TimerEvent: {}
[567.420922] (-) TimerEvent: {}
[567.522251] (-) TimerEvent: {}
[567.623880] (-) TimerEvent: {}
[567.724937] (-) TimerEvent: {}
[567.826023] (-) TimerEvent: {}
[567.927073] (-) TimerEvent: {}
[568.028083] (-) TimerEvent: {}
[568.129008] (-) TimerEvent: {}
[568.234359] (-) TimerEvent: {}
[568.337118] (-) TimerEvent: {}
[568.438488] (-) TimerEvent: {}
[568.540181] (-) TimerEvent: {}
[568.641065] (-) TimerEvent: {}
[568.742299] (-) TimerEvent: {}
[568.843668] (-) TimerEvent: {}
[568.944917] (-) TimerEvent: {}
[569.046341] (-) TimerEvent: {}
[569.147214] (-) TimerEvent: {}
[569.248308] (-) TimerEvent: {}
[569.349951] (-) TimerEvent: {}
[569.451520] (-) TimerEvent: {}
[569.552591] (-) TimerEvent: {}
[569.653377] (-) TimerEvent: {}
[569.755850] (-) TimerEvent: {}
[569.857527] (-) TimerEvent: {}
[569.959392] (-) TimerEvent: {}
[570.060831] (-) TimerEvent: {}
[570.161886] (-) TimerEvent: {}
[570.262700] (-) TimerEvent: {}
[570.363836] (-) TimerEvent: {}
[570.465475] (-) TimerEvent: {}
[570.566441] (-) TimerEvent: {}
[570.667376] (-) TimerEvent: {}
[570.768670] (-) TimerEvent: {}
[570.869461] (-) TimerEvent: {}
[570.970278] (-) TimerEvent: {}
[571.071222] (-) TimerEvent: {}
[571.174008] (-) TimerEvent: {}
[571.274828] (-) TimerEvent: {}
[571.375586] (-) TimerEvent: {}
[571.476701] (-) TimerEvent: {}
[571.578248] (-) TimerEvent: {}
[571.679330] (-) TimerEvent: {}
[571.780289] (-) TimerEvent: {}
[571.881301] (-) TimerEvent: {}
[571.982129] (-) TimerEvent: {}
[572.083215] (-) TimerEvent: {}
[572.184105] (-) TimerEvent: {}
[572.285448] (-) TimerEvent: {}
[572.386832] (-) TimerEvent: {}
[572.488315] (-) TimerEvent: {}
[572.589675] (-) TimerEvent: {}
[572.690671] (-) TimerEvent: {}
[572.791553] (-) TimerEvent: {}
[572.892543] (-) TimerEvent: {}
[572.993585] (-) TimerEvent: {}
[573.094807] (-) TimerEvent: {}
[573.195601] (-) TimerEvent: {}
[573.296688] (-) TimerEvent: {}
[573.397647] (-) TimerEvent: {}
[573.498847] (-) TimerEvent: {}
[573.599742] (-) TimerEvent: {}
[573.701551] (-) TimerEvent: {}
[573.802569] (-) TimerEvent: {}
[573.903345] (-) TimerEvent: {}
[574.005044] (-) TimerEvent: {}
[574.106106] (-) TimerEvent: {}
[574.207711] (-) TimerEvent: {}
[574.309263] (-) TimerEvent: {}
[574.410401] (-) TimerEvent: {}
[574.511514] (-) TimerEvent: {}
[574.612463] (-) TimerEvent: {}
[574.713558] (-) TimerEvent: {}
[574.814765] (-) TimerEvent: {}
[574.915739] (-) TimerEvent: {}
[575.016978] (-) TimerEvent: {}
[575.118933] (-) TimerEvent: {}
[575.223609] (-) TimerEvent: {}
[575.324703] (-) TimerEvent: {}
[575.425588] (-) TimerEvent: {}
[575.526394] (-) TimerEvent: {}
[575.627579] (-) TimerEvent: {}
[575.728552] (-) TimerEvent: {}
[575.829565] (-) TimerEvent: {}
[575.930802] (-) TimerEvent: {}
[576.031861] (-) TimerEvent: {}
[576.133080] (-) TimerEvent: {}
[576.234364] (-) TimerEvent: {}
[576.335446] (-) TimerEvent: {}
[576.436448] (-) TimerEvent: {}
[576.537685] (-) TimerEvent: {}
[576.638999] (-) TimerEvent: {}
[576.740352] (-) TimerEvent: {}
[576.841312] (-) TimerEvent: {}
[576.942632] (-) TimerEvent: {}
[577.043796] (-) TimerEvent: {}
[577.144893] (-) TimerEvent: {}
[577.245896] (-) TimerEvent: {}
[577.346959] (-) TimerEvent: {}
[577.448120] (-) TimerEvent: {}
[577.549396] (-) TimerEvent: {}
[577.650630] (-) TimerEvent: {}
[577.751704] (-) TimerEvent: {}
[577.852845] (-) TimerEvent: {}
[577.953621] (-) TimerEvent: {}
[578.054708] (-) TimerEvent: {}
[578.155792] (-) TimerEvent: {}
[578.256746] (-) TimerEvent: {}
[578.357491] (-) TimerEvent: {}
[578.458522] (-) TimerEvent: {}
[578.559718] (-) TimerEvent: {}
[578.664255] (-) TimerEvent: {}
[578.765205] (-) TimerEvent: {}
[578.866279] (-) TimerEvent: {}
[578.967361] (-) TimerEvent: {}
[579.068268] (-) TimerEvent: {}
[579.169426] (-) TimerEvent: {}
[579.270246] (-) TimerEvent: {}
[579.371187] (-) TimerEvent: {}
[579.472017] (-) TimerEvent: {}
[579.573581] (-) TimerEvent: {}
[579.674530] (-) TimerEvent: {}
[579.775476] (-) TimerEvent: {}
[579.876417] (-) TimerEvent: {}
[579.977828] (-) TimerEvent: {}
[580.079266] (-) TimerEvent: {}
[580.180785] (-) TimerEvent: {}
[580.281773] (-) TimerEvent: {}
[580.382916] (-) TimerEvent: {}
[580.484235] (-) TimerEvent: {}
[580.586014] (-) TimerEvent: {}
[580.689469] (-) TimerEvent: {}
[580.791521] (-) TimerEvent: {}
[580.892720] (-) TimerEvent: {}
[580.993670] (-) TimerEvent: {}
[581.094787] (-) TimerEvent: {}
[581.196603] (-) TimerEvent: {}
[581.297424] (-) TimerEvent: {}
[581.398620] (-) TimerEvent: {}
[581.499784] (-) TimerEvent: {}
[581.608744] (-) TimerEvent: {}
[581.709807] (-) TimerEvent: {}
[581.811569] (-) TimerEvent: {}
[581.913843] (-) TimerEvent: {}
[582.015920] (-) TimerEvent: {}
[582.118601] (-) TimerEvent: {}
[582.220717] (-) TimerEvent: {}
[582.321644] (-) TimerEvent: {}
[582.422557] (-) TimerEvent: {}
[582.524575] (-) TimerEvent: {}
[582.626820] (-) TimerEvent: {}
[582.731239] (-) TimerEvent: {}
[582.834224] (-) TimerEvent: {}
[582.935283] (-) TimerEvent: {}
[583.039238] (-) TimerEvent: {}
[583.140152] (-) TimerEvent: {}
[583.241619] (-) TimerEvent: {}
[583.342508] (-) TimerEvent: {}
[583.451517] (-) TimerEvent: {}
[583.552959] (-) TimerEvent: {}
[583.654322] (-) TimerEvent: {}
[583.755300] (-) TimerEvent: {}
[583.856116] (-) TimerEvent: {}
[583.957398] (-) TimerEvent: {}
[584.058563] (-) TimerEvent: {}
[584.159537] (-) TimerEvent: {}
[584.260847] (-) TimerEvent: {}
[584.361859] (-) TimerEvent: {}
[584.462841] (-) TimerEvent: {}
[584.564061] (-) TimerEvent: {}
[584.665070] (-) TimerEvent: {}
[584.767655] (-) TimerEvent: {}
[584.869711] (-) TimerEvent: {}
[584.970588] (-) TimerEvent: {}
[585.071880] (-) TimerEvent: {}
[585.172740] (-) TimerEvent: {}
[585.273809] (-) TimerEvent: {}
[585.375017] (-) TimerEvent: {}
[585.476031] (-) TimerEvent: {}
[585.577009] (-) TimerEvent: {}
[585.680733] (-) TimerEvent: {}
[585.784766] (-) TimerEvent: {}
[585.885726] (-) TimerEvent: {}
[585.986704] (-) TimerEvent: {}
[586.087471] (-) TimerEvent: {}
[586.188317] (-) TimerEvent: {}
[586.290256] (-) TimerEvent: {}
[586.392704] (-) TimerEvent: {}
[586.494697] (-) TimerEvent: {}
[586.596148] (-) TimerEvent: {}
[586.698178] (-) TimerEvent: {}
[586.800206] (-) TimerEvent: {}
[586.901208] (-) TimerEvent: {}
[587.002372] (-) TimerEvent: {}
[587.103326] (-) TimerEvent: {}
[587.205420] (-) TimerEvent: {}
[587.307482] (-) TimerEvent: {}
[587.408630] (-) TimerEvent: {}
[587.510515] (-) TimerEvent: {}
[587.614690] (-) TimerEvent: {}
[587.720990] (-) TimerEvent: {}
[587.823691] (-) TimerEvent: {}
[587.926611] (-) TimerEvent: {}
[588.028420] (-) TimerEvent: {}
[588.144151] (-) TimerEvent: {}
[588.247844] (-) TimerEvent: {}
[588.349889] (-) TimerEvent: {}
[588.450911] (-) TimerEvent: {}
[588.555169] (-) TimerEvent: {}
[588.656842] (-) TimerEvent: {}
[588.837140] (-) TimerEvent: {}
[588.937993] (-) TimerEvent: {}
[589.039414] (-) TimerEvent: {}
[589.140593] (-) TimerEvent: {}
[589.241929] (-) TimerEvent: {}
[589.343239] (-) TimerEvent: {}
[589.444276] (-) TimerEvent: {}
[589.545443] (-) TimerEvent: {}
[589.646688] (-) TimerEvent: {}
[589.747702] (-) TimerEvent: {}
[589.848846] (-) TimerEvent: {}
[589.950248] (-) TimerEvent: {}
[590.051320] (-) TimerEvent: {}
[590.153231] (-) TimerEvent: {}
[590.254096] (-) TimerEvent: {}
[590.356918] (-) TimerEvent: {}
[590.459705] (-) TimerEvent: {}
[590.560870] (-) TimerEvent: {}
[590.661945] (-) TimerEvent: {}
[590.763452] (-) TimerEvent: {}
[590.864462] (-) TimerEvent: {}
[590.965726] (-) TimerEvent: {}
[591.067821] (-) TimerEvent: {}
[591.169623] (-) TimerEvent: {}
[591.271448] (-) TimerEvent: {}
[591.373261] (-) TimerEvent: {}
[591.474709] (-) TimerEvent: {}
[591.577870] (-) TimerEvent: {}
[591.679001] (-) TimerEvent: {}
[591.779817] (-) TimerEvent: {}
[591.881430] (-) TimerEvent: {}
[591.982639] (-) TimerEvent: {}
[592.084002] (-) TimerEvent: {}
[592.185255] (-) TimerEvent: {}
[592.286313] (-) TimerEvent: {}
[592.387543] (-) TimerEvent: {}
[592.488790] (-) TimerEvent: {}
[592.589852] (-) TimerEvent: {}
[592.690989] (-) TimerEvent: {}
[592.791924] (-) TimerEvent: {}
[592.893112] (-) TimerEvent: {}
[592.994291] (-) TimerEvent: {}
[593.095421] (-) TimerEvent: {}
[593.196614] (-) TimerEvent: {}
[593.297745] (-) TimerEvent: {}
[593.399029] (-) TimerEvent: {}
[593.500054] (-) TimerEvent: {}
[593.601108] (-) TimerEvent: {}
[593.702095] (-) TimerEvent: {}
[593.803048] (-) TimerEvent: {}
[593.904124] (-) TimerEvent: {}
[594.005231] (-) TimerEvent: {}
[594.106224] (-) TimerEvent: {}
[594.207258] (-) TimerEvent: {}
[594.308427] (-) TimerEvent: {}
[594.409543] (-) TimerEvent: {}
[594.510449] (-) TimerEvent: {}
[594.611648] (-) TimerEvent: {}
[594.712903] (-) TimerEvent: {}
[594.813869] (-) TimerEvent: {}
[594.914877] (-) TimerEvent: {}
[595.016019] (-) TimerEvent: {}
[595.117158] (-) TimerEvent: {}
[595.218273] (-) TimerEvent: {}
[595.319633] (-) TimerEvent: {}
[595.420968] (-) TimerEvent: {}
[595.522041] (-) TimerEvent: {}
[595.623126] (-) TimerEvent: {}
[595.724097] (-) TimerEvent: {}
[595.825553] (-) TimerEvent: {}
[595.926695] (-) TimerEvent: {}
[596.027830] (-) TimerEvent: {}
[596.128907] (-) TimerEvent: {}
[596.229985] (-) TimerEvent: {}
[596.331017] (-) TimerEvent: {}
[596.431998] (-) TimerEvent: {}
[596.533125] (-) TimerEvent: {}
[596.634325] (-) TimerEvent: {}
[596.735385] (-) TimerEvent: {}
[597.012951] (-) TimerEvent: {}
[597.259772] (-) TimerEvent: {}
[597.362591] (-) TimerEvent: {}
[597.463393] (-) TimerEvent: {}
[597.564396] (-) TimerEvent: {}
[597.665427] (-) TimerEvent: {}
[597.823765] (-) TimerEvent: {}
[597.925039] (-) TimerEvent: {}
[598.026203] (-) TimerEvent: {}
[598.127470] (-) TimerEvent: {}
[598.228629] (-) TimerEvent: {}
[598.329624] (-) TimerEvent: {}
[598.430681] (-) TimerEvent: {}
[598.531780] (-) TimerEvent: {}
[598.632923] (-) TimerEvent: {}
[598.733977] (-) TimerEvent: {}
[598.834852] (-) TimerEvent: {}
[598.935955] (-) TimerEvent: {}
[599.037022] (-) TimerEvent: {}
[599.138066] (-) TimerEvent: {}
[599.239199] (-) TimerEvent: {}
[599.340431] (-) TimerEvent: {}
[599.441918] (-) TimerEvent: {}
[599.543054] (-) TimerEvent: {}
[599.644148] (-) TimerEvent: {}
[599.745273] (-) TimerEvent: {}
[599.846405] (-) TimerEvent: {}
[599.947526] (-) TimerEvent: {}
[600.048570] (-) TimerEvent: {}
[600.149555] (-) TimerEvent: {}
[600.251131] (-) TimerEvent: {}
[600.352296] (-) TimerEvent: {}
[600.453484] (-) TimerEvent: {}
[600.554580] (-) TimerEvent: {}
[600.655653] (-) TimerEvent: {}
[600.756671] (-) TimerEvent: {}
[600.857617] (-) TimerEvent: {}
[600.958676] (-) TimerEvent: {}
[601.059580] (-) TimerEvent: {}
[601.160672] (-) TimerEvent: {}
[601.261732] (-) TimerEvent: {}
[601.362772] (-) TimerEvent: {}
[601.463729] (-) TimerEvent: {}
[601.564721] (-) TimerEvent: {}
[601.665830] (-) TimerEvent: {}
[601.767012] (-) TimerEvent: {}
[601.868068] (-) TimerEvent: {}
[601.968983] (-) TimerEvent: {}
[602.070026] (-) TimerEvent: {}
[602.171034] (-) TimerEvent: {}
[602.272147] (-) TimerEvent: {}
[602.373032] (-) TimerEvent: {}
[602.473915] (-) TimerEvent: {}
[602.574891] (-) TimerEvent: {}
[602.676166] (-) TimerEvent: {}
[602.777454] (-) TimerEvent: {}
[602.879053] (-) TimerEvent: {}
[602.980422] (-) TimerEvent: {}
[603.081457] (-) TimerEvent: {}
[603.182833] (-) TimerEvent: {}
[603.284207] (-) TimerEvent: {}
[603.385326] (-) TimerEvent: {}
[603.486099] (-) TimerEvent: {}
[603.586934] (-) TimerEvent: {}
[603.687705] (-) TimerEvent: {}
[603.788538] (-) TimerEvent: {}
[603.889590] (-) TimerEvent: {}
[603.990668] (-) TimerEvent: {}
[604.091691] (-) TimerEvent: {}
[604.192778] (-) TimerEvent: {}
[604.293802] (-) TimerEvent: {}
[604.394911] (-) TimerEvent: {}
[604.495975] (-) TimerEvent: {}
[604.596929] (-) TimerEvent: {}
[604.697935] (-) TimerEvent: {}
[604.798986] (-) TimerEvent: {}
[604.900122] (-) TimerEvent: {}
[605.001248] (-) TimerEvent: {}
[605.102247] (-) TimerEvent: {}
[605.203185] (-) TimerEvent: {}
[605.304247] (-) TimerEvent: {}
[605.405215] (-) TimerEvent: {}
[605.506163] (-) TimerEvent: {}
[605.607072] (-) TimerEvent: {}
[605.708291] (-) TimerEvent: {}
[605.809525] (-) TimerEvent: {}
[605.911033] (-) TimerEvent: {}
[606.012518] (-) TimerEvent: {}
[606.113732] (-) TimerEvent: {}
[606.214721] (-) TimerEvent: {}
[606.315717] (-) TimerEvent: {}
[606.416767] (-) TimerEvent: {}
[606.517831] (-) TimerEvent: {}
[606.619037] (-) TimerEvent: {}
[606.720182] (-) TimerEvent: {}
[606.821293] (-) TimerEvent: {}
[606.922379] (-) TimerEvent: {}
[607.023473] (-) TimerEvent: {}
[607.125111] (-) TimerEvent: {}
[607.226421] (-) TimerEvent: {}
[607.327647] (-) TimerEvent: {}
[607.428810] (-) TimerEvent: {}
[607.530077] (-) TimerEvent: {}
[607.630967] (-) TimerEvent: {}
[607.732209] (-) TimerEvent: {}
[607.833296] (-) TimerEvent: {}
[607.934361] (-) TimerEvent: {}
[608.035509] (-) TimerEvent: {}
[608.136884] (-) TimerEvent: {}
[608.238011] (-) TimerEvent: {}
[608.339180] (-) TimerEvent: {}
[608.440355] (-) TimerEvent: {}
[608.541662] (-) TimerEvent: {}
[608.642770] (-) TimerEvent: {}
[608.744468] (-) TimerEvent: {}
[608.845836] (-) TimerEvent: {}
[608.946893] (-) TimerEvent: {}
[609.048164] (-) TimerEvent: {}
[609.149420] (-) TimerEvent: {}
[609.250505] (-) TimerEvent: {}
[609.351527] (-) TimerEvent: {}
[609.452894] (-) TimerEvent: {}
[609.554216] (-) TimerEvent: {}
[609.655310] (-) TimerEvent: {}
[609.756624] (-) TimerEvent: {}
[609.857630] (-) TimerEvent: {}
[609.958786] (-) TimerEvent: {}
[610.059895] (-) TimerEvent: {}
[610.161170] (-) TimerEvent: {}
[610.261959] (-) TimerEvent: {}
[610.363427] (-) TimerEvent: {}
[610.464625] (-) TimerEvent: {}
[610.565704] (-) TimerEvent: {}
[610.666845] (-) TimerEvent: {}
[610.768068] (-) TimerEvent: {}
[610.869381] (-) TimerEvent: {}
[610.970628] (-) TimerEvent: {}
[611.071518] (-) TimerEvent: {}
[611.172550] (-) TimerEvent: {}
[611.273605] (-) TimerEvent: {}
[611.374409] (-) TimerEvent: {}
[611.475309] (-) TimerEvent: {}
[611.576450] (-) TimerEvent: {}
[611.677649] (-) TimerEvent: {}
[611.778800] (-) TimerEvent: {}
[611.879956] (-) TimerEvent: {}
[611.981127] (-) TimerEvent: {}
[612.082045] (-) TimerEvent: {}
[612.183266] (-) TimerEvent: {}
[612.284416] (-) TimerEvent: {}
[612.385627] (-) TimerEvent: {}
[612.487099] (-) TimerEvent: {}
[612.588762] (-) TimerEvent: {}
[612.690205] (-) TimerEvent: {}
[612.791844] (-) TimerEvent: {}
[612.894189] (-) TimerEvent: {}
[612.995105] (-) TimerEvent: {}
[613.096557] (-) TimerEvent: {}
[613.197456] (-) TimerEvent: {}
[613.298346] (-) TimerEvent: {}
[613.399113] (-) TimerEvent: {}
[613.494445] (image_transport) StdoutLine: {'line': b'[ 83%] \x1b[32m\x1b[1mLinking CXX executable image_transport-remapping\x1b[0m\n'}
[613.628079] (-) TimerEvent: {}
[613.729185] (-) TimerEvent: {}
[613.836960] (-) TimerEvent: {}
[613.942265] (-) TimerEvent: {}
[614.043406] (-) TimerEvent: {}
[614.144266] (-) TimerEvent: {}
[614.245252] (-) TimerEvent: {}
[614.346330] (-) TimerEvent: {}
[614.447227] (-) TimerEvent: {}
[614.548034] (-) TimerEvent: {}
[614.649159] (-) TimerEvent: {}
[614.750471] (-) TimerEvent: {}
[614.851352] (-) TimerEvent: {}
[614.953033] (-) TimerEvent: {}
[615.054153] (-) TimerEvent: {}
[615.155804] (-) TimerEvent: {}
[615.259006] (-) TimerEvent: {}
[615.363661] (-) TimerEvent: {}
[615.465615] (-) TimerEvent: {}
[615.567803] (-) TimerEvent: {}
[615.670486] (-) TimerEvent: {}
[615.774997] (-) TimerEvent: {}
[615.876089] (-) TimerEvent: {}
[615.979806] (-) TimerEvent: {}
[616.080923] (-) TimerEvent: {}
[616.188840] (-) TimerEvent: {}
[616.291044] (-) TimerEvent: {}
[616.396124] (-) TimerEvent: {}
[616.504428] (-) TimerEvent: {}
[616.605333] (-) TimerEvent: {}
[616.706170] (-) TimerEvent: {}
[616.806933] (-) TimerEvent: {}
[616.907834] (-) TimerEvent: {}
[617.008782] (-) TimerEvent: {}
[617.109747] (-) TimerEvent: {}
[617.211476] (-) TimerEvent: {}
[617.315512] (-) TimerEvent: {}
[617.417470] (-) TimerEvent: {}
[617.518426] (-) TimerEvent: {}
[617.620133] (-) TimerEvent: {}
[617.722294] (-) TimerEvent: {}
[617.823460] (-) TimerEvent: {}
[617.924347] (-) TimerEvent: {}
[618.025234] (-) TimerEvent: {}
[618.126301] (-) TimerEvent: {}
[618.227262] (-) TimerEvent: {}
[618.328131] (-) TimerEvent: {}
[618.428946] (-) TimerEvent: {}
[618.520951] (image_transport) StdoutLine: {'line': b'[ 83%] Built target image_transport-remapping\n'}
[618.529213] (-) TimerEvent: {}
[618.630775] (-) TimerEvent: {}
[618.731531] (-) TimerEvent: {}
[618.832637] (-) TimerEvent: {}
[618.933851] (-) TimerEvent: {}
[619.035214] (-) TimerEvent: {}
[619.136600] (-) TimerEvent: {}
[619.237791] (-) TimerEvent: {}
[619.339141] (-) TimerEvent: {}
[619.440060] (-) TimerEvent: {}
[619.541406] (-) TimerEvent: {}
[619.642583] (-) TimerEvent: {}
[619.743866] (-) TimerEvent: {}
[619.844852] (-) TimerEvent: {}
[619.945906] (-) TimerEvent: {}
[620.046810] (-) TimerEvent: {}
[620.147870] (-) TimerEvent: {}
[620.248917] (-) TimerEvent: {}
[620.349951] (-) TimerEvent: {}
[620.450818] (-) TimerEvent: {}
[620.552064] (-) TimerEvent: {}
[620.653217] (-) TimerEvent: {}
[620.754452] (-) TimerEvent: {}
[620.855711] (-) TimerEvent: {}
[620.957147] (-) TimerEvent: {}
[621.058345] (-) TimerEvent: {}
[621.159330] (-) TimerEvent: {}
[621.260325] (-) TimerEvent: {}
[621.361432] (-) TimerEvent: {}
[621.462531] (-) TimerEvent: {}
[621.563480] (-) TimerEvent: {}
[621.664459] (-) TimerEvent: {}
[621.765698] (-) TimerEvent: {}
[621.867222] (-) TimerEvent: {}
[621.968205] (-) TimerEvent: {}
[622.069325] (-) TimerEvent: {}
[622.170632] (-) TimerEvent: {}
[622.271703] (-) TimerEvent: {}
[622.373027] (-) TimerEvent: {}
[622.474438] (-) TimerEvent: {}
[622.575357] (-) TimerEvent: {}
[622.676317] (-) TimerEvent: {}
[622.777372] (-) TimerEvent: {}
[622.878788] (-) TimerEvent: {}
[622.979747] (-) TimerEvent: {}
[623.080760] (-) TimerEvent: {}
[623.182011] (-) TimerEvent: {}
[623.283335] (-) TimerEvent: {}
[623.384609] (-) TimerEvent: {}
[623.485664] (-) TimerEvent: {}
[623.587217] (-) TimerEvent: {}
[623.688804] (-) TimerEvent: {}
[623.789883] (-) TimerEvent: {}
[623.891044] (-) TimerEvent: {}
[623.992181] (-) TimerEvent: {}
[624.093583] (-) TimerEvent: {}
[624.194703] (-) TimerEvent: {}
[624.295709] (-) TimerEvent: {}
[624.396832] (-) TimerEvent: {}
[624.497966] (-) TimerEvent: {}
[624.599147] (-) TimerEvent: {}
[624.700088] (-) TimerEvent: {}
[624.801408] (-) TimerEvent: {}
[624.902717] (-) TimerEvent: {}
[625.003569] (-) TimerEvent: {}
[625.104450] (-) TimerEvent: {}
[625.205619] (-) TimerEvent: {}
[625.306510] (-) TimerEvent: {}
[625.407306] (-) TimerEvent: {}
[625.508331] (-) TimerEvent: {}
[625.609250] (-) TimerEvent: {}
[625.710427] (-) TimerEvent: {}
[625.812301] (-) TimerEvent: {}
[625.913412] (-) TimerEvent: {}
[626.014816] (-) TimerEvent: {}
[626.116381] (-) TimerEvent: {}
[626.218107] (-) TimerEvent: {}
[626.319013] (-) TimerEvent: {}
[626.420126] (-) TimerEvent: {}
[626.521271] (-) TimerEvent: {}
[626.622617] (-) TimerEvent: {}
[626.723477] (-) TimerEvent: {}
[626.824540] (-) TimerEvent: {}
[626.925541] (-) TimerEvent: {}
[627.026611] (-) TimerEvent: {}
[627.128273] (-) TimerEvent: {}
[627.229142] (-) TimerEvent: {}
[627.444194] (-) TimerEvent: {}
[627.571979] (-) TimerEvent: {}
[627.673058] (-) TimerEvent: {}
[627.774584] (-) TimerEvent: {}
[627.875780] (-) TimerEvent: {}
[627.977154] (-) TimerEvent: {}
[628.078578] (-) TimerEvent: {}
[628.179402] (-) TimerEvent: {}
[628.280282] (-) TimerEvent: {}
[628.381148] (-) TimerEvent: {}
[628.482345] (-) TimerEvent: {}
[628.583255] (-) TimerEvent: {}
[628.684139] (-) TimerEvent: {}
[628.785107] (-) TimerEvent: {}
[628.885920] (-) TimerEvent: {}
[628.987041] (-) TimerEvent: {}
[629.088299] (-) TimerEvent: {}
[629.189194] (-) TimerEvent: {}
[629.289998] (-) TimerEvent: {}
[629.390961] (-) TimerEvent: {}
[629.492696] (-) TimerEvent: {}
[629.593892] (-) TimerEvent: {}
[629.695034] (-) TimerEvent: {}
[629.796299] (-) TimerEvent: {}
[629.897553] (-) TimerEvent: {}
[629.998538] (-) TimerEvent: {}
[630.099590] (-) TimerEvent: {}
[630.200473] (-) TimerEvent: {}
[630.301678] (-) TimerEvent: {}
[630.403628] (-) TimerEvent: {}
[630.505625] (-) TimerEvent: {}
[630.606688] (-) TimerEvent: {}
[630.707914] (-) TimerEvent: {}
[630.809085] (-) TimerEvent: {}
[630.910098] (-) TimerEvent: {}
[631.011025] (-) TimerEvent: {}
[631.112025] (-) TimerEvent: {}
[631.213258] (-) TimerEvent: {}
[631.314510] (-) TimerEvent: {}
[631.415445] (-) TimerEvent: {}
[631.516651] (-) TimerEvent: {}
[631.617898] (-) TimerEvent: {}
[631.719428] (-) TimerEvent: {}
[631.820380] (-) TimerEvent: {}
[631.921434] (-) TimerEvent: {}
[632.022503] (-) TimerEvent: {}
[632.123609] (-) TimerEvent: {}
[632.224712] (-) TimerEvent: {}
[632.325642] (-) TimerEvent: {}
[632.427121] (-) TimerEvent: {}
[632.529543] (-) TimerEvent: {}
[632.631573] (-) TimerEvent: {}
[632.732446] (-) TimerEvent: {}
[632.833845] (-) TimerEvent: {}
[632.935677] (-) TimerEvent: {}
[633.036846] (-) TimerEvent: {}
[633.138743] (-) TimerEvent: {}
[633.239970] (-) TimerEvent: {}
[633.342477] (-) TimerEvent: {}
[633.444441] (-) TimerEvent: {}
[633.546725] (-) TimerEvent: {}
[633.648848] (-) TimerEvent: {}
[633.750913] (-) TimerEvent: {}
[633.852841] (-) TimerEvent: {}
[633.956128] (-) TimerEvent: {}
[634.058493] (-) TimerEvent: {}
[634.159276] (-) TimerEvent: {}
[634.260166] (-) TimerEvent: {}
[634.361514] (-) TimerEvent: {}
[634.463236] (-) TimerEvent: {}
[634.565625] (-) TimerEvent: {}
[634.667674] (-) TimerEvent: {}
[634.774684] (-) TimerEvent: {}
[634.875746] (-) TimerEvent: {}
[634.976717] (-) TimerEvent: {}
[635.078534] (-) TimerEvent: {}
[635.180585] (-) TimerEvent: {}
[635.282725] (-) TimerEvent: {}
[635.385282] (-) TimerEvent: {}
[635.486755] (-) TimerEvent: {}
[635.588603] (-) TimerEvent: {}
[635.691543] (-) TimerEvent: {}
[635.792520] (-) TimerEvent: {}
[635.893641] (-) TimerEvent: {}
[635.994685] (-) TimerEvent: {}
[636.095920] (-) TimerEvent: {}
[636.197286] (-) TimerEvent: {}
[636.298347] (-) TimerEvent: {}
[636.399731] (-) TimerEvent: {}
[636.500788] (-) TimerEvent: {}
[636.603190] (-) TimerEvent: {}
[636.705352] (-) TimerEvent: {}
[636.807919] (-) TimerEvent: {}
[636.908968] (-) TimerEvent: {}
[637.010259] (-) TimerEvent: {}
[637.112786] (-) TimerEvent: {}
[637.215196] (-) TimerEvent: {}
[637.317424] (-) TimerEvent: {}
[637.420161] (-) TimerEvent: {}
[637.522406] (-) TimerEvent: {}
[637.623496] (-) TimerEvent: {}
[637.724655] (-) TimerEvent: {}
[637.826243] (-) TimerEvent: {}
[637.927618] (-) TimerEvent: {}
[638.028603] (-) TimerEvent: {}
[638.129474] (-) TimerEvent: {}
[638.231895] (-) TimerEvent: {}
[638.334298] (-) TimerEvent: {}
[638.437112] (-) TimerEvent: {}
[638.539434] (-) TimerEvent: {}
[638.642138] (-) TimerEvent: {}
[638.743240] (-) TimerEvent: {}
[638.845990] (-) TimerEvent: {}
[638.948086] (-) TimerEvent: {}
[639.050582] (-) TimerEvent: {}
[639.153384] (-) TimerEvent: {}
[639.255339] (-) TimerEvent: {}
[639.356279] (-) TimerEvent: {}
[639.457347] (-) TimerEvent: {}
[639.559310] (-) TimerEvent: {}
[639.661339] (-) TimerEvent: {}
[639.762435] (-) TimerEvent: {}
[639.842008] (image_transport) StdoutLine: {'line': b'[ 86%] \x1b[32m\x1b[1mLinking CXX executable image_transport-message_passing\x1b[0m\n'}
[639.896290] (-) TimerEvent: {}
[639.997618] (-) TimerEvent: {}
[640.098636] (-) TimerEvent: {}
[640.199638] (-) TimerEvent: {}
[640.300654] (-) TimerEvent: {}
[640.401644] (-) TimerEvent: {}
[640.502724] (-) TimerEvent: {}
[640.603707] (-) TimerEvent: {}
[640.705098] (-) TimerEvent: {}
[640.807813] (-) TimerEvent: {}
[640.909312] (-) TimerEvent: {}
[641.011539] (-) TimerEvent: {}
[641.112759] (-) TimerEvent: {}
[641.216877] (-) TimerEvent: {}
[641.319953] (-) TimerEvent: {}
[641.335163] (image_transport) StdoutLine: {'line': b'[ 90%] \x1b[32m\x1b[1mLinking CXX executable image_transport-publisher\x1b[0m\n'}
[641.420311] (-) TimerEvent: {}
[641.522346] (-) TimerEvent: {}
[641.625189] (-) TimerEvent: {}
[641.727106] (-) TimerEvent: {}
[641.810782] (image_transport) StdoutLine: {'line': b'[ 93%] \x1b[32m\x1b[1mLinking CXX executable image_transport-subscriber\x1b[0m\n'}
[641.827503] (-) TimerEvent: {}
[641.930994] (-) TimerEvent: {}
[642.034359] (-) TimerEvent: {}
[642.138149] (-) TimerEvent: {}
[642.242631] (-) TimerEvent: {}
[642.347545] (-) TimerEvent: {}
[642.453245] (-) TimerEvent: {}
[642.557674] (-) TimerEvent: {}
[642.662724] (-) TimerEvent: {}
[642.768936] (-) TimerEvent: {}
[642.874489] (-) TimerEvent: {}
[642.980418] (-) TimerEvent: {}
[643.085775] (-) TimerEvent: {}
[643.189096] (-) TimerEvent: {}
[643.291909] (-) TimerEvent: {}
[643.395292] (-) TimerEvent: {}
[643.499781] (-) TimerEvent: {}
[643.605537] (-) TimerEvent: {}
[643.711235] (-) TimerEvent: {}
[643.813053] (-) TimerEvent: {}
[643.914642] (-) TimerEvent: {}
[644.016422] (-) TimerEvent: {}
[644.118086] (-) TimerEvent: {}
[644.222701] (-) TimerEvent: {}
[644.327111] (-) TimerEvent: {}
[644.446098] (-) TimerEvent: {}
[644.564051] (-) TimerEvent: {}
[644.651052] (image_transport) StdoutLine: {'line': b'[ 93%] Built target image_transport-message_passing\n'}
[644.664284] (-) TimerEvent: {}
[644.765817] (-) TimerEvent: {}
[644.866803] (-) TimerEvent: {}
[644.967640] (-) TimerEvent: {}
[645.067067] (image_transport) StdoutLine: {'line': b'[ 93%] Built target image_transport-publisher\n'}
[645.067980] (-) TimerEvent: {}
[645.168922] (-) TimerEvent: {}
[645.269779] (-) TimerEvent: {}
[645.370483] (-) TimerEvent: {}
[645.389202] (image_transport) StdoutLine: {'line': b'[ 93%] Built target image_transport-subscriber\n'}
[645.470768] (-) TimerEvent: {}
[645.556816] (image_transport) StdoutLine: {'line': b'[ 96%] \x1b[32mBuilding CXX object CMakeFiles/image_transport-single_subscriber_publisher.dir/test/test_single_subscriber_publisher.cpp.o\x1b[0m\n'}
[645.570951] (-) TimerEvent: {}
[645.671821] (-) TimerEvent: {}
[645.772828] (-) TimerEvent: {}
[645.873745] (-) TimerEvent: {}
[645.974690] (-) TimerEvent: {}
[646.075470] (-) TimerEvent: {}
[646.176273] (-) TimerEvent: {}
[646.277227] (-) TimerEvent: {}
[646.378085] (-) TimerEvent: {}
[646.478819] (-) TimerEvent: {}
[646.579547] (-) TimerEvent: {}
[646.680269] (-) TimerEvent: {}
[646.781090] (-) TimerEvent: {}
[646.881927] (-) TimerEvent: {}
[646.982715] (-) TimerEvent: {}
[647.083485] (-) TimerEvent: {}
[647.184198] (-) TimerEvent: {}
[647.284961] (-) TimerEvent: {}
[647.386028] (-) TimerEvent: {}
[647.486797] (-) TimerEvent: {}
[647.587673] (-) TimerEvent: {}
[647.688555] (-) TimerEvent: {}
[647.789360] (-) TimerEvent: {}
[647.890184] (-) TimerEvent: {}
[647.990985] (-) TimerEvent: {}
[648.091814] (-) TimerEvent: {}
[648.192761] (-) TimerEvent: {}
[648.293558] (-) TimerEvent: {}
[648.394367] (-) TimerEvent: {}
[648.495184] (-) TimerEvent: {}
[648.595926] (-) TimerEvent: {}
[648.696650] (-) TimerEvent: {}
[648.797434] (-) TimerEvent: {}
[648.898243] (-) TimerEvent: {}
[648.999056] (-) TimerEvent: {}
[649.099873] (-) TimerEvent: {}
[649.200733] (-) TimerEvent: {}
[649.301686] (-) TimerEvent: {}
[649.402564] (-) TimerEvent: {}
[649.503347] (-) TimerEvent: {}
[649.604142] (-) TimerEvent: {}
[649.705086] (-) TimerEvent: {}
[649.806032] (-) TimerEvent: {}
[649.906881] (-) TimerEvent: {}
[650.007812] (-) TimerEvent: {}
[650.108671] (-) TimerEvent: {}
[650.209490] (-) TimerEvent: {}
[650.310332] (-) TimerEvent: {}
[650.411116] (-) TimerEvent: {}
[650.511847] (-) TimerEvent: {}
[650.612641] (-) TimerEvent: {}
[650.713456] (-) TimerEvent: {}
[650.814231] (-) TimerEvent: {}
[650.915109] (-) TimerEvent: {}
[651.015907] (-) TimerEvent: {}
[651.116711] (-) TimerEvent: {}
[651.217572] (-) TimerEvent: {}
[651.318520] (-) TimerEvent: {}
[651.419621] (-) TimerEvent: {}
[651.520828] (-) TimerEvent: {}
[651.622006] (-) TimerEvent: {}
[651.723163] (-) TimerEvent: {}
[651.824444] (-) TimerEvent: {}
[651.925772] (-) TimerEvent: {}
[652.027083] (-) TimerEvent: {}
[652.128282] (-) TimerEvent: {}
[652.229075] (-) TimerEvent: {}
[652.330043] (-) TimerEvent: {}
[652.430965] (-) TimerEvent: {}
[652.531785] (-) TimerEvent: {}
[652.632709] (-) TimerEvent: {}
[652.733500] (-) TimerEvent: {}
[652.834276] (-) TimerEvent: {}
[652.935240] (-) TimerEvent: {}
[653.036208] (-) TimerEvent: {}
[653.137170] (-) TimerEvent: {}
[653.238048] (-) TimerEvent: {}
[653.338840] (-) TimerEvent: {}
[653.439708] (-) TimerEvent: {}
[653.540460] (-) TimerEvent: {}
[653.641274] (-) TimerEvent: {}
[653.742320] (-) TimerEvent: {}
[653.843147] (-) TimerEvent: {}
[653.943963] (-) TimerEvent: {}
[654.044811] (-) TimerEvent: {}
[654.145642] (-) TimerEvent: {}
[654.246426] (-) TimerEvent: {}
[654.347270] (-) TimerEvent: {}
[654.448027] (-) TimerEvent: {}
[654.548797] (-) TimerEvent: {}
[654.649545] (-) TimerEvent: {}
[654.750394] (-) TimerEvent: {}
[654.851240] (-) TimerEvent: {}
[654.952035] (-) TimerEvent: {}
[655.053017] (-) TimerEvent: {}
[655.153868] (-) TimerEvent: {}
[655.254712] (-) TimerEvent: {}
[655.355530] (-) TimerEvent: {}
[655.456317] (-) TimerEvent: {}
[655.557163] (-) TimerEvent: {}
[655.658036] (-) TimerEvent: {}
[655.758928] (-) TimerEvent: {}
[655.859736] (-) TimerEvent: {}
[655.960676] (-) TimerEvent: {}
[656.061552] (-) TimerEvent: {}
[656.162380] (-) TimerEvent: {}
[656.263162] (-) TimerEvent: {}
[656.363964] (-) TimerEvent: {}
[656.465067] (-) TimerEvent: {}
[656.565985] (-) TimerEvent: {}
[656.666965] (-) TimerEvent: {}
[656.767729] (-) TimerEvent: {}
[656.868529] (-) TimerEvent: {}
[656.969306] (-) TimerEvent: {}
[657.070116] (-) TimerEvent: {}
[657.170930] (-) TimerEvent: {}
[657.271829] (-) TimerEvent: {}
[657.372680] (-) TimerEvent: {}
[657.473508] (-) TimerEvent: {}
[657.574435] (-) TimerEvent: {}
[657.675301] (-) TimerEvent: {}
[657.776162] (-) TimerEvent: {}
[657.877094] (-) TimerEvent: {}
[657.977930] (-) TimerEvent: {}
[658.078809] (-) TimerEvent: {}
[658.179625] (-) TimerEvent: {}
[658.280437] (-) TimerEvent: {}
[658.381361] (-) TimerEvent: {}
[658.482170] (-) TimerEvent: {}
[658.582975] (-) TimerEvent: {}
[658.683802] (-) TimerEvent: {}
[658.785511] (-) TimerEvent: {}
[658.886332] (-) TimerEvent: {}
[658.987197] (-) TimerEvent: {}
[659.088300] (-) TimerEvent: {}
[659.189162] (-) TimerEvent: {}
[659.290127] (-) TimerEvent: {}
[659.390969] (-) TimerEvent: {}
[659.491889] (-) TimerEvent: {}
[659.592690] (-) TimerEvent: {}
[659.693470] (-) TimerEvent: {}
[659.794270] (-) TimerEvent: {}
[659.895132] (-) TimerEvent: {}
[659.995952] (-) TimerEvent: {}
[660.096807] (-) TimerEvent: {}
[660.197583] (-) TimerEvent: {}
[660.298374] (-) TimerEvent: {}
[660.399171] (-) TimerEvent: {}
[660.500051] (-) TimerEvent: {}
[660.600921] (-) TimerEvent: {}
[660.701693] (-) TimerEvent: {}
[660.802499] (-) TimerEvent: {}
[660.903315] (-) TimerEvent: {}
[661.004173] (-) TimerEvent: {}
[661.104981] (-) TimerEvent: {}
[661.206057] (-) TimerEvent: {}
[661.306824] (-) TimerEvent: {}
[661.407746] (-) TimerEvent: {}
[661.508673] (-) TimerEvent: {}
[661.609459] (-) TimerEvent: {}
[661.710236] (-) TimerEvent: {}
[661.811049] (-) TimerEvent: {}
[661.911983] (-) TimerEvent: {}
[662.012850] (-) TimerEvent: {}
[662.113814] (-) TimerEvent: {}
[662.214615] (-) TimerEvent: {}
[662.315483] (-) TimerEvent: {}
[662.416394] (-) TimerEvent: {}
[662.517272] (-) TimerEvent: {}
[662.618311] (-) TimerEvent: {}
[662.719173] (-) TimerEvent: {}
[662.820001] (-) TimerEvent: {}
[662.920839] (-) TimerEvent: {}
[663.021645] (-) TimerEvent: {}
[663.122501] (-) TimerEvent: {}
[663.223369] (-) TimerEvent: {}
[663.324184] (-) TimerEvent: {}
[663.425016] (-) TimerEvent: {}
[663.525817] (-) TimerEvent: {}
[663.626645] (-) TimerEvent: {}
[663.727434] (-) TimerEvent: {}
[663.828267] (-) TimerEvent: {}
[663.929112] (-) TimerEvent: {}
[664.029943] (-) TimerEvent: {}
[664.130797] (-) TimerEvent: {}
[664.231825] (-) TimerEvent: {}
[664.332856] (-) TimerEvent: {}
[664.433669] (-) TimerEvent: {}
[664.534617] (-) TimerEvent: {}
[664.635409] (-) TimerEvent: {}
[664.736243] (-) TimerEvent: {}
[664.837087] (-) TimerEvent: {}
[664.937872] (-) TimerEvent: {}
[665.038677] (-) TimerEvent: {}
[665.139651] (-) TimerEvent: {}
[665.240659] (-) TimerEvent: {}
[665.341656] (-) TimerEvent: {}
[665.442706] (-) TimerEvent: {}
[665.497233] (image_transport) StdoutLine: {'line': b'[100%] \x1b[32m\x1b[1mLinking CXX executable image_transport-single_subscriber_publisher\x1b[0m\n'}
[665.542883] (-) TimerEvent: {}
[665.643709] (-) TimerEvent: {}
[665.744682] (-) TimerEvent: {}
[665.845808] (-) TimerEvent: {}
[665.946899] (-) TimerEvent: {}
[666.048625] (-) TimerEvent: {}
[666.150036] (-) TimerEvent: {}
[666.251168] (-) TimerEvent: {}
[666.352208] (-) TimerEvent: {}
[666.453579] (-) TimerEvent: {}
[666.554644] (-) TimerEvent: {}
[666.656297] (-) TimerEvent: {}
[666.757480] (-) TimerEvent: {}
[666.858276] (-) TimerEvent: {}
[666.959368] (-) TimerEvent: {}
[667.060731] (-) TimerEvent: {}
[667.161705] (-) TimerEvent: {}
[667.262671] (-) TimerEvent: {}
[667.364048] (-) TimerEvent: {}
[667.464956] (-) TimerEvent: {}
[667.565821] (-) TimerEvent: {}
[667.666727] (-) TimerEvent: {}
[667.767493] (-) TimerEvent: {}
[667.868400] (-) TimerEvent: {}
[667.969647] (-) TimerEvent: {}
[668.042914] (image_transport) StdoutLine: {'line': b'[100%] Built target image_transport-single_subscriber_publisher\n'}
[668.069906] (-) TimerEvent: {}
[668.177567] (-) TimerEvent: {}
[668.191503] (image_transport) CommandEnded: {'returncode': 0}
[668.231206] (image_transport) JobProgress: {'identifier': 'image_transport', 'progress': 'install'}
[668.243094] (image_transport) Command: {'cmd': ['/usr/bin/cmake', '--install', '/home/xavier/Developer/aquas-ROS-apriltags/build/image_transport'], 'cwd': '/home/xavier/Developer/aquas-ROS-apriltags/build/image_transport', 'env': OrderedDict([('LESSOPEN', '| /usr/bin/lesspipe %s'), ('USER', 'xavier'), ('SSH_CLIENT', '10.207.118.216 33162 22'), ('XDG_SESSION_TYPE', 'tty'), ('SHLVL', '1'), ('LD_LIBRARY_PATH', '/opt/ros/humble/opt/rviz_ogre_vendor/lib:/opt/ros/humble/lib/aarch64-linux-gnu:/opt/ros/humble/lib'), ('MOTD_SHOWN', 'pam'), ('HOME', '/home/xavier'), ('OLDPWD', '/home/xavier/Developer'), ('SSH_TTY', '/dev/pts/0'), ('ROS_PYTHON_VERSION', '3'), ('DBUS_SESSION_BUS_ADDRESS', 'unix:path=/run/user/1002/bus'), ('ROS_DISTRO', 'humble'), ('LOGNAME', 'xavier'), ('_', '/usr/bin/colcon'), ('ROS_VERSION', '2'), ('XDG_SESSION_CLASS', 'user'), ('TERM', 'xterm-kitty'), ('XDG_SESSION_ID', '10'), ('ROS_LOCALHOST_ONLY', '0'), ('PATH', '/opt/ros/humble/bin:/usr/local/sbin:/usr/local/bin:/usr/sbin:/usr/bin:/sbin:/bin:/usr/games:/usr/local/games:/snap/bin'), ('XDG_RUNTIME_DIR', '/run/user/1002'), ('LANG', 'en_US.UTF-8'), ('LS_COLORS', 'rs=0:di=01;34:ln=01;36:mh=00:pi=40;33:so=01;35:do=01;35:bd=40;33;01:cd=40;33;01:or=40;31;01:mi=00:su=37;41:sg=30;43:ca=30;41:tw=30;42:ow=34;42:st=37;44:ex=01;32:*.tar=01;31:*.tgz=01;31:*.arc=01;31:*.arj=01;31:*.taz=01;31:*.lha=01;31:*.lz4=01;31:*.lzh=01;31:*.lzma=01;31:*.tlz=01;31:*.txz=01;31:*.tzo=01;31:*.t7z=01;31:*.zip=01;31:*.z=01;31:*.dz=01;31:*.gz=01;31:*.lrz=01;31:*.lz=01;31:*.lzo=01;31:*.xz=01;31:*.zst=01;31:*.tzst=01;31:*.bz2=01;31:*.bz=01;31:*.tbz=01;31:*.tbz2=01;31:*.tz=01;31:*.deb=01;31:*.rpm=01;31:*.jar=01;31:*.war=01;31:*.ear=01;31:*.sar=01;31:*.rar=01;31:*.alz=01;31:*.ace=01;31:*.zoo=01;31:*.cpio=01;31:*.7z=01;31:*.rz=01;31:*.cab=01;31:*.wim=01;31:*.swm=01;31:*.dwm=01;31:*.esd=01;31:*.jpg=01;35:*.jpeg=01;35:*.mjpg=01;35:*.mjpeg=01;35:*.gif=01;35:*.bmp=01;35:*.pbm=01;35:*.pgm=01;35:*.ppm=01;35:*.tga=01;35:*.xbm=01;35:*.xpm=01;35:*.tif=01;35:*.tiff=01;35:*.png=01;35:*.svg=01;35:*.svgz=01;35:*.mng=01;35:*.pcx=01;35:*.mov=01;35:*.mpg=01;35:*.mpeg=01;35:*.m2v=01;35:*.mkv=01;35:*.webm=01;35:*.webp=01;35:*.ogm=01;35:*.mp4=01;35:*.m4v=01;35:*.mp4v=01;35:*.vob=01;35:*.qt=01;35:*.nuv=01;35:*.wmv=01;35:*.asf=01;35:*.rm=01;35:*.rmvb=01;35:*.flc=01;35:*.avi=01;35:*.fli=01;35:*.flv=01;35:*.gl=01;35:*.dl=01;35:*.xcf=01;35:*.xwd=01;35:*.yuv=01;35:*.cgm=01;35:*.emf=01;35:*.ogv=01;35:*.ogx=01;35:*.aac=00;36:*.au=00;36:*.flac=00;36:*.m4a=00;36:*.mid=00;36:*.midi=00;36:*.mka=00;36:*.mp3=00;36:*.mpc=00;36:*.ogg=00;36:*.ra=00;36:*.wav=00;36:*.oga=00;36:*.opus=00;36:*.spx=00;36:*.xspf=00;36:'), ('ROS_DOMAIN_ID', '101'), ('AMENT_PREFIX_PATH', '/opt/ros/humble'), ('SHELL', '/bin/bash'), ('LESSCLOSE', '/usr/bin/lesspipe %s %s'), ('PWD', '/home/xavier/Developer/aquas-ROS-apriltags/build/image_transport'), ('SSH_CONNECTION', '10.207.118.216 33162 10.207.26.163 22'), ('XDG_DATA_DIRS', '/usr/share/gnome:/usr/local/share:/usr/share:/var/lib/snapd/desktop'), ('PYTHONPATH', '/opt/ros/humble/lib/python3.10/site-packages:/opt/ros/humble/local/lib/python3.10/dist-packages'), ('COLCON', '1'), ('CMAKE_PREFIX_PATH', '/opt/ros/humble')]), 'shell': False}
[668.277792] (-) TimerEvent: {}
[668.313774] (image_transport) StdoutLine: {'line': b'-- Install configuration: ""\n'}
[668.325654] (image_transport) StdoutLine: {'line': b'-- Execute custom install script\n'}
[668.329722] (image_transport) StdoutLine: {'line': b'-- Symlinking: /home/xavier/Developer/aquas-ROS-apriltags/install/image_transport/share/image_transport//default_plugins.xml\n'}
[668.378030] (-) TimerEvent: {}
[668.378839] (image_transport) StdoutLine: {'line': b'-- Symlinking: /home/xavier/Developer/aquas-ROS-apriltags/install/image_transport/lib/libimage_transport.so\n'}
[668.418824] (image_transport) StdoutLine: {'line': b'-- Symlinking: /home/xavier/Developer/aquas-ROS-apriltags/install/image_transport/lib/libimage_transport_plugins.so\n'}
[668.462542] (image_transport) StdoutLine: {'line': b'-- Symlinking: /home/xavier/Developer/aquas-ROS-apriltags/install/image_transport/lib/image_transport/list_transports\n'}
[668.478226] (-) TimerEvent: {}
[668.501564] (image_transport) StdoutLine: {'line': b'-- Symlinking: /home/xavier/Developer/aquas-ROS-apriltags/install/image_transport/lib/image_transport/republish\n'}
[668.544450] (image_transport) StdoutLine: {'line': b'-- Symlinking: /home/xavier/Developer/aquas-ROS-apriltags/install/image_transport/include/image_transport/image_transport/camera_common.h\n'}
[668.578416] (-) TimerEvent: {}
[668.583223] (image_transport) StdoutLine: {'line': b'-- Symlinking: /home/xavier/Developer/aquas-ROS-apriltags/install/image_transport/include/image_transport/image_transport/camera_common.hpp\n'}
[668.621945] (image_transport) StdoutLine: {'line': b'-- Symlinking: /home/xavier/Developer/aquas-ROS-apriltags/install/image_transport/include/image_transport/image_transport/camera_publisher.h\n'}
[668.659065] (image_transport) StdoutLine: {'line': b'-- Symlinking: /home/xavier/Developer/aquas-ROS-apriltags/install/image_transport/include/image_transport/image_transport/camera_publisher.hpp\n'}
[668.678623] (-) TimerEvent: {}
[668.696426] (image_transport) StdoutLine: {'line': b'-- Symlinking: /home/xavier/Developer/aquas-ROS-apriltags/install/image_transport/include/image_transport/image_transport/camera_subscriber.h\n'}
[668.732610] (image_transport) StdoutLine: {'line': b'-- Symlinking: /home/xavier/Developer/aquas-ROS-apriltags/install/image_transport/include/image_transport/image_transport/camera_subscriber.hpp\n'}
[668.769718] (image_transport) StdoutLine: {'line': b'-- Symlinking: /home/xavier/Developer/aquas-ROS-apriltags/install/image_transport/include/image_transport/image_transport/exception.h\n'}
[668.778878] (-) TimerEvent: {}
[668.806852] (image_transport) StdoutLine: {'line': b'-- Symlinking: /home/xavier/Developer/aquas-ROS-apriltags/install/image_transport/include/image_transport/image_transport/exception.hpp\n'}
[668.843298] (image_transport) StdoutLine: {'line': b'-- Symlinking: /home/xavier/Developer/aquas-ROS-apriltags/install/image_transport/include/image_transport/image_transport/image_transport.h\n'}
[668.879100] (-) TimerEvent: {}
[668.880872] (image_transport) StdoutLine: {'line': b'-- Symlinking: /home/xavier/Developer/aquas-ROS-apriltags/install/image_transport/include/image_transport/image_transport/image_transport.hpp\n'}
[668.918913] (image_transport) StdoutLine: {'line': b'-- Symlinking: /home/xavier/Developer/aquas-ROS-apriltags/install/image_transport/include/image_transport/image_transport/loader_fwds.h\n'}
[668.956543] (image_transport) StdoutLine: {'line': b'-- Symlinking: /home/xavier/Developer/aquas-ROS-apriltags/install/image_transport/include/image_transport/image_transport/loader_fwds.hpp\n'}
[668.979357] (-) TimerEvent: {}
[668.992983] (image_transport) StdoutLine: {'line': b'-- Symlinking: /home/xavier/Developer/aquas-ROS-apriltags/install/image_transport/include/image_transport/image_transport/publisher.h\n'}
[669.029759] (image_transport) StdoutLine: {'line': b'-- Symlinking: /home/xavier/Developer/aquas-ROS-apriltags/install/image_transport/include/image_transport/image_transport/publisher.hpp\n'}
[669.069567] (image_transport) StdoutLine: {'line': b'-- Symlinking: /home/xavier/Developer/aquas-ROS-apriltags/install/image_transport/include/image_transport/image_transport/publisher_plugin.h\n'}
[669.079623] (-) TimerEvent: {}
[669.106764] (image_transport) StdoutLine: {'line': b'-- Symlinking: /home/xavier/Developer/aquas-ROS-apriltags/install/image_transport/include/image_transport/image_transport/publisher_plugin.hpp\n'}
[669.144669] (image_transport) StdoutLine: {'line': b'-- Symlinking: /home/xavier/Developer/aquas-ROS-apriltags/install/image_transport/include/image_transport/image_transport/raw_publisher.h\n'}
[669.179853] (-) TimerEvent: {}
[669.182408] (image_transport) StdoutLine: {'line': b'-- Symlinking: /home/xavier/Developer/aquas-ROS-apriltags/install/image_transport/include/image_transport/image_transport/raw_publisher.hpp\n'}
[669.220129] (image_transport) StdoutLine: {'line': b'-- Symlinking: /home/xavier/Developer/aquas-ROS-apriltags/install/image_transport/include/image_transport/image_transport/raw_subscriber.h\n'}
[669.258818] (image_transport) StdoutLine: {'line': b'-- Symlinking: /home/xavier/Developer/aquas-ROS-apriltags/install/image_transport/include/image_transport/image_transport/raw_subscriber.hpp\n'}
[669.280061] (-) TimerEvent: {}
[669.296057] (image_transport) StdoutLine: {'line': b'-- Symlinking: /home/xavier/Developer/aquas-ROS-apriltags/install/image_transport/include/image_transport/image_transport/simple_publisher_plugin.h\n'}
[669.333228] (image_transport) StdoutLine: {'line': b'-- Symlinking: /home/xavier/Developer/aquas-ROS-apriltags/install/image_transport/include/image_transport/image_transport/simple_publisher_plugin.hpp\n'}
[669.369899] (image_transport) StdoutLine: {'line': b'-- Symlinking: /home/xavier/Developer/aquas-ROS-apriltags/install/image_transport/include/image_transport/image_transport/simple_subscriber_plugin.h\n'}
[669.380339] (-) TimerEvent: {}
[669.407301] (image_transport) StdoutLine: {'line': b'-- Symlinking: /home/xavier/Developer/aquas-ROS-apriltags/install/image_transport/include/image_transport/image_transport/simple_subscriber_plugin.hpp\n'}
[669.444517] (image_transport) StdoutLine: {'line': b'-- Symlinking: /home/xavier/Developer/aquas-ROS-apriltags/install/image_transport/include/image_transport/image_transport/single_subscriber_publisher.h\n'}
[669.480629] (-) TimerEvent: {}
[669.482788] (image_transport) StdoutLine: {'line': b'-- Symlinking: /home/xavier/Developer/aquas-ROS-apriltags/install/image_transport/include/image_transport/image_transport/single_subscriber_publisher.hpp\n'}
[669.522168] (image_transport) StdoutLine: {'line': b'-- Symlinking: /home/xavier/Developer/aquas-ROS-apriltags/install/image_transport/include/image_transport/image_transport/subscriber.h\n'}
[669.558915] (image_transport) StdoutLine: {'line': b'-- Symlinking: /home/xavier/Developer/aquas-ROS-apriltags/install/image_transport/include/image_transport/image_transport/subscriber.hpp\n'}
[669.580815] (-) TimerEvent: {}
[669.597061] (image_transport) StdoutLine: {'line': b'-- Symlinking: /home/xavier/Developer/aquas-ROS-apriltags/install/image_transport/include/image_transport/image_transport/subscriber_filter.h\n'}
[669.633429] (image_transport) StdoutLine: {'line': b'-- Symlinking: /home/xavier/Developer/aquas-ROS-apriltags/install/image_transport/include/image_transport/image_transport/subscriber_filter.hpp\n'}
[669.670048] (image_transport) StdoutLine: {'line': b'-- Symlinking: /home/xavier/Developer/aquas-ROS-apriltags/install/image_transport/include/image_transport/image_transport/subscriber_plugin.h\n'}
[669.680993] (-) TimerEvent: {}
[669.706451] (image_transport) StdoutLine: {'line': b'-- Symlinking: /home/xavier/Developer/aquas-ROS-apriltags/install/image_transport/include/image_transport/image_transport/subscriber_plugin.hpp\n'}
[669.743954] (image_transport) StdoutLine: {'line': b'-- Symlinking: /home/xavier/Developer/aquas-ROS-apriltags/install/image_transport/include/image_transport/image_transport/transport_hints.h\n'}
[669.781181] (-) TimerEvent: {}
[669.781862] (image_transport) StdoutLine: {'line': b'-- Symlinking: /home/xavier/Developer/aquas-ROS-apriltags/install/image_transport/include/image_transport/image_transport/transport_hints.hpp\n'}
[669.820020] (image_transport) StdoutLine: {'line': b'-- Symlinking: /home/xavier/Developer/aquas-ROS-apriltags/install/image_transport/include/image_transport/image_transport/visibility_control.hpp\n'}
[669.866105] (image_transport) StdoutLine: {'line': b'-- Symlinking: /home/xavier/Developer/aquas-ROS-apriltags/install/image_transport/share/ament_index/resource_index/package_run_dependencies/image_transport\n'}
[669.881409] (-) TimerEvent: {}
[669.911439] (image_transport) StdoutLine: {'line': b'-- Symlinking: /home/xavier/Developer/aquas-ROS-apriltags/install/image_transport/share/ament_index/resource_index/parent_prefix_path/image_transport\n'}
[669.961517] (image_transport) StdoutLine: {'line': b'-- Symlinking: /home/xavier/Developer/aquas-ROS-apriltags/install/image_transport/share/image_transport/environment/ament_prefix_path.sh\n'}
[669.981590] (-) TimerEvent: {}
[670.007340] (image_transport) StdoutLine: {'line': b'-- Symlinking: /home/xavier/Developer/aquas-ROS-apriltags/install/image_transport/share/image_transport/environment/ament_prefix_path.dsv\n'}
[670.046967] (image_transport) StdoutLine: {'line': b'-- Symlinking: /home/xavier/Developer/aquas-ROS-apriltags/install/image_transport/share/image_transport/environment/path.sh\n'}
[670.081838] (-) TimerEvent: {}
[670.084228] (image_transport) StdoutLine: {'line': b'-- Symlinking: /home/xavier/Developer/aquas-ROS-apriltags/install/image_transport/share/image_transport/environment/path.dsv\n'}
[670.121983] (image_transport) StdoutLine: {'line': b'-- Symlinking: /home/xavier/Developer/aquas-ROS-apriltags/install/image_transport/share/image_transport/local_setup.bash\n'}
[670.159242] (image_transport) StdoutLine: {'line': b'-- Symlinking: /home/xavier/Developer/aquas-ROS-apriltags/install/image_transport/share/image_transport/local_setup.sh\n'}
[670.182027] (-) TimerEvent: {}
[670.197478] (image_transport) StdoutLine: {'line': b'-- Symlinking: /home/xavier/Developer/aquas-ROS-apriltags/install/image_transport/share/image_transport/local_setup.zsh\n'}
[670.234302] (image_transport) StdoutLine: {'line': b'-- Symlinking: /home/xavier/Developer/aquas-ROS-apriltags/install/image_transport/share/image_transport/local_setup.dsv\n'}
[670.271982] (image_transport) StdoutLine: {'line': b'-- Symlinking: /home/xavier/Developer/aquas-ROS-apriltags/install/image_transport/share/image_transport/package.dsv\n'}
[670.282226] (-) TimerEvent: {}
[670.312742] (image_transport) StdoutLine: {'line': b'-- Symlinking: /home/xavier/Developer/aquas-ROS-apriltags/install/image_transport/share/ament_index/resource_index/packages/image_transport\n'}
[670.356756] (image_transport) StdoutLine: {'line': b'-- Symlinking: /home/xavier/Developer/aquas-ROS-apriltags/install/image_transport/share/ament_index/resource_index/image_transport__pluginlib__plugin/image_transport\n'}
[670.382428] (-) TimerEvent: {}
[670.399180] (image_transport) StdoutLine: {'line': b'-- Symlinking: /home/xavier/Developer/aquas-ROS-apriltags/install/image_transport/share/image_transport/cmake/ament_cmake_export_targets-extras.cmake\n'}
[670.442095] (image_transport) StdoutLine: {'line': b'-- Symlinking: /home/xavier/Developer/aquas-ROS-apriltags/install/image_transport/share/image_transport/cmake/ament_cmake_export_dependencies-extras.cmake\n'}
[670.482607] (-) TimerEvent: {}
[670.483828] (image_transport) StdoutLine: {'line': b'-- Symlinking: /home/xavier/Developer/aquas-ROS-apriltags/install/image_transport/share/image_transport/cmake/image_transportConfig.cmake\n'}
[670.522583] (image_transport) StdoutLine: {'line': b'-- Symlinking: /home/xavier/Developer/aquas-ROS-apriltags/install/image_transport/share/image_transport/cmake/image_transportConfig-version.cmake\n'}
[670.560321] (image_transport) StdoutLine: {'line': b'-- Symlinking: /home/xavier/Developer/aquas-ROS-apriltags/install/image_transport/share/image_transport/package.xml\n'}
[670.582893] (-) TimerEvent: {}
[670.605355] (image_transport) StdoutLine: {'line': b'-- Installing: /home/xavier/Developer/aquas-ROS-apriltags/install/image_transport/share/image_transport/cmake/export_image_transportExport.cmake\n'}
[670.608402] (image_transport) StdoutLine: {'line': b'-- Installing: /home/xavier/Developer/aquas-ROS-apriltags/install/image_transport/share/image_transport/cmake/export_image_transportExport-noconfig.cmake\n'}
[670.622371] (image_transport) CommandEnded: {'returncode': 0}
[670.683047] (-) TimerEvent: {}
[670.785352] (image_transport) JobEnded: {'identifier': 'image_transport', 'rc': 0}
[670.792569] (-) TimerEvent: {}
[670.793005] (apriltag_ros) JobStarted: {'identifier': 'apriltag_ros'}
[670.823174] (image_common) JobStarted: {'identifier': 'image_common'}
[670.875338] (apriltag_ros) JobProgress: {'identifier': 'apriltag_ros', 'progress': 'cmake'}
[670.878526] (apriltag_ros) Command: {'cmd': ['/usr/bin/cmake', '/home/xavier/Developer/aquas-ROS-apriltags/src/apriltag_ros', '-DCMAKE_INSTALL_PREFIX=/home/xavier/Developer/aquas-ROS-apriltags/install/apriltag_ros'], 'cwd': '/home/xavier/Developer/aquas-ROS-apriltags/build/apriltag_ros', 'env': OrderedDict([('LESSOPEN', '| /usr/bin/lesspipe %s'), ('USER', 'xavier'), ('SSH_CLIENT', '10.207.118.216 33162 22'), ('XDG_SESSION_TYPE', 'tty'), ('SHLVL', '1'), ('LD_LIBRARY_PATH', '/home/xavier/Developer/aquas-ROS-apriltags/install/image_transport/lib:/home/xavier/Developer/aquas-ROS-apriltags/install/apriltag/lib:/opt/ros/humble/opt/rviz_ogre_vendor/lib:/opt/ros/humble/lib/aarch64-linux-gnu:/opt/ros/humble/lib'), ('MOTD_SHOWN', 'pam'), ('HOME', '/home/xavier'), ('OLDPWD', '/home/xavier/Developer'), ('SSH_TTY', '/dev/pts/0'), ('ROS_PYTHON_VERSION', '3'), ('DBUS_SESSION_BUS_ADDRESS', 'unix:path=/run/user/1002/bus'), ('ROS_DISTRO', 'humble'), ('LOGNAME', 'xavier'), ('_', '/usr/bin/colcon'), ('ROS_VERSION', '2'), ('XDG_SESSION_CLASS', 'user'), ('PKG_CONFIG_PATH', '/home/xavier/Developer/aquas-ROS-apriltags/install/apriltag/lib/aarch64-linux-gnu/pkgconfig:/home/xavier/Developer/aquas-ROS-apriltags/install/apriltag/lib/pkgconfig'), ('TERM', 'xterm-kitty'), ('XDG_SESSION_ID', '10'), ('ROS_LOCALHOST_ONLY', '0'), ('PATH', '/home/xavier/Developer/aquas-ROS-apriltags/install/apriltag/bin:/opt/ros/humble/bin:/usr/local/sbin:/usr/local/bin:/usr/sbin:/usr/bin:/sbin:/bin:/usr/games:/usr/local/games:/snap/bin'), ('XDG_RUNTIME_DIR', '/run/user/1002'), ('LANG', 'en_US.UTF-8'), ('LS_COLORS', 'rs=0:di=01;34:ln=01;36:mh=00:pi=40;33:so=01;35:do=01;35:bd=40;33;01:cd=40;33;01:or=40;31;01:mi=00:su=37;41:sg=30;43:ca=30;41:tw=30;42:ow=34;42:st=37;44:ex=01;32:*.tar=01;31:*.tgz=01;31:*.arc=01;31:*.arj=01;31:*.taz=01;31:*.lha=01;31:*.lz4=01;31:*.lzh=01;31:*.lzma=01;31:*.tlz=01;31:*.txz=01;31:*.tzo=01;31:*.t7z=01;31:*.zip=01;31:*.z=01;31:*.dz=01;31:*.gz=01;31:*.lrz=01;31:*.lz=01;31:*.lzo=01;31:*.xz=01;31:*.zst=01;31:*.tzst=01;31:*.bz2=01;31:*.bz=01;31:*.tbz=01;31:*.tbz2=01;31:*.tz=01;31:*.deb=01;31:*.rpm=01;31:*.jar=01;31:*.war=01;31:*.ear=01;31:*.sar=01;31:*.rar=01;31:*.alz=01;31:*.ace=01;31:*.zoo=01;31:*.cpio=01;31:*.7z=01;31:*.rz=01;31:*.cab=01;31:*.wim=01;31:*.swm=01;31:*.dwm=01;31:*.esd=01;31:*.jpg=01;35:*.jpeg=01;35:*.mjpg=01;35:*.mjpeg=01;35:*.gif=01;35:*.bmp=01;35:*.pbm=01;35:*.pgm=01;35:*.ppm=01;35:*.tga=01;35:*.xbm=01;35:*.xpm=01;35:*.tif=01;35:*.tiff=01;35:*.png=01;35:*.svg=01;35:*.svgz=01;35:*.mng=01;35:*.pcx=01;35:*.mov=01;35:*.mpg=01;35:*.mpeg=01;35:*.m2v=01;35:*.mkv=01;35:*.webm=01;35:*.webp=01;35:*.ogm=01;35:*.mp4=01;35:*.m4v=01;35:*.mp4v=01;35:*.vob=01;35:*.qt=01;35:*.nuv=01;35:*.wmv=01;35:*.asf=01;35:*.rm=01;35:*.rmvb=01;35:*.flc=01;35:*.avi=01;35:*.fli=01;35:*.flv=01;35:*.gl=01;35:*.dl=01;35:*.xcf=01;35:*.xwd=01;35:*.yuv=01;35:*.cgm=01;35:*.emf=01;35:*.ogv=01;35:*.ogx=01;35:*.aac=00;36:*.au=00;36:*.flac=00;36:*.m4a=00;36:*.mid=00;36:*.midi=00;36:*.mka=00;36:*.mp3=00;36:*.mpc=00;36:*.ogg=00;36:*.ra=00;36:*.wav=00;36:*.oga=00;36:*.opus=00;36:*.spx=00;36:*.xspf=00;36:'), ('ROS_DOMAIN_ID', '101'), ('AMENT_PREFIX_PATH', '/home/xavier/Developer/aquas-ROS-apriltags/install/image_transport:/opt/ros/humble'), ('SHELL', '/bin/bash'), ('LESSCLOSE', '/usr/bin/lesspipe %s %s'), ('PWD', '/home/xavier/Developer/aquas-ROS-apriltags/build/apriltag_ros'), ('SSH_CONNECTION', '10.207.118.216 33162 10.207.26.163 22'), ('XDG_DATA_DIRS', '/usr/share/gnome:/usr/local/share:/usr/share:/var/lib/snapd/desktop'), ('PYTHONPATH', '/home/xavier/Developer/aquas-ROS-apriltags/install/apriltag/lib/python3.10/site-packages:/opt/ros/humble/lib/python3.10/site-packages:/opt/ros/humble/local/lib/python3.10/dist-packages'), ('COLCON', '1'), ('CMAKE_PREFIX_PATH', '/home/xavier/Developer/aquas-ROS-apriltags/install/image_transport:/home/xavier/Developer/aquas-ROS-apriltags/install/apriltag:/opt/ros/humble')]), 'shell': False}
[670.894797] (-) TimerEvent: {}
[670.905665] (image_common) JobProgress: {'identifier': 'image_common', 'progress': 'cmake'}
[670.908442] (image_common) Command: {'cmd': ['/usr/bin/cmake', '/home/xavier/Developer/aquas-ROS-apriltags/src/image_common/image_common', '-DCMAKE_INSTALL_PREFIX=/home/xavier/Developer/aquas-ROS-apriltags/install/image_common'], 'cwd': '/home/xavier/Developer/aquas-ROS-apriltags/build/image_common', 'env': OrderedDict([('LESSOPEN', '| /usr/bin/lesspipe %s'), ('USER', 'xavier'), ('SSH_CLIENT', '10.207.118.216 33162 22'), ('XDG_SESSION_TYPE', 'tty'), ('SHLVL', '1'), ('LD_LIBRARY_PATH', '/home/xavier/Developer/aquas-ROS-apriltags/install/camera_info_manager/lib:/home/xavier/Developer/aquas-ROS-apriltags/install/image_transport/lib:/home/xavier/Developer/aquas-ROS-apriltags/install/camera_calibration_parsers/lib:/opt/ros/humble/opt/rviz_ogre_vendor/lib:/opt/ros/humble/lib/aarch64-linux-gnu:/opt/ros/humble/lib'), ('MOTD_SHOWN', 'pam'), ('HOME', '/home/xavier'), ('OLDPWD', '/home/xavier/Developer'), ('SSH_TTY', '/dev/pts/0'), ('ROS_PYTHON_VERSION', '3'), ('DBUS_SESSION_BUS_ADDRESS', 'unix:path=/run/user/1002/bus'), ('ROS_DISTRO', 'humble'), ('LOGNAME', 'xavier'), ('_', '/usr/bin/colcon'), ('ROS_VERSION', '2'), ('XDG_SESSION_CLASS', 'user'), ('TERM', 'xterm-kitty'), ('XDG_SESSION_ID', '10'), ('ROS_LOCALHOST_ONLY', '0'), ('PATH', '/opt/ros/humble/bin:/usr/local/sbin:/usr/local/bin:/usr/sbin:/usr/bin:/sbin:/bin:/usr/games:/usr/local/games:/snap/bin'), ('XDG_RUNTIME_DIR', '/run/user/1002'), ('LANG', 'en_US.UTF-8'), ('LS_COLORS', 'rs=0:di=01;34:ln=01;36:mh=00:pi=40;33:so=01;35:do=01;35:bd=40;33;01:cd=40;33;01:or=40;31;01:mi=00:su=37;41:sg=30;43:ca=30;41:tw=30;42:ow=34;42:st=37;44:ex=01;32:*.tar=01;31:*.tgz=01;31:*.arc=01;31:*.arj=01;31:*.taz=01;31:*.lha=01;31:*.lz4=01;31:*.lzh=01;31:*.lzma=01;31:*.tlz=01;31:*.txz=01;31:*.tzo=01;31:*.t7z=01;31:*.zip=01;31:*.z=01;31:*.dz=01;31:*.gz=01;31:*.lrz=01;31:*.lz=01;31:*.lzo=01;31:*.xz=01;31:*.zst=01;31:*.tzst=01;31:*.bz2=01;31:*.bz=01;31:*.tbz=01;31:*.tbz2=01;31:*.tz=01;31:*.deb=01;31:*.rpm=01;31:*.jar=01;31:*.war=01;31:*.ear=01;31:*.sar=01;31:*.rar=01;31:*.alz=01;31:*.ace=01;31:*.zoo=01;31:*.cpio=01;31:*.7z=01;31:*.rz=01;31:*.cab=01;31:*.wim=01;31:*.swm=01;31:*.dwm=01;31:*.esd=01;31:*.jpg=01;35:*.jpeg=01;35:*.mjpg=01;35:*.mjpeg=01;35:*.gif=01;35:*.bmp=01;35:*.pbm=01;35:*.pgm=01;35:*.ppm=01;35:*.tga=01;35:*.xbm=01;35:*.xpm=01;35:*.tif=01;35:*.tiff=01;35:*.png=01;35:*.svg=01;35:*.svgz=01;35:*.mng=01;35:*.pcx=01;35:*.mov=01;35:*.mpg=01;35:*.mpeg=01;35:*.m2v=01;35:*.mkv=01;35:*.webm=01;35:*.webp=01;35:*.ogm=01;35:*.mp4=01;35:*.m4v=01;35:*.mp4v=01;35:*.vob=01;35:*.qt=01;35:*.nuv=01;35:*.wmv=01;35:*.asf=01;35:*.rm=01;35:*.rmvb=01;35:*.flc=01;35:*.avi=01;35:*.fli=01;35:*.flv=01;35:*.gl=01;35:*.dl=01;35:*.xcf=01;35:*.xwd=01;35:*.yuv=01;35:*.cgm=01;35:*.emf=01;35:*.ogv=01;35:*.ogx=01;35:*.aac=00;36:*.au=00;36:*.flac=00;36:*.m4a=00;36:*.mid=00;36:*.midi=00;36:*.mka=00;36:*.mp3=00;36:*.mpc=00;36:*.ogg=00;36:*.ra=00;36:*.wav=00;36:*.oga=00;36:*.opus=00;36:*.spx=00;36:*.xspf=00;36:'), ('ROS_DOMAIN_ID', '101'), ('AMENT_PREFIX_PATH', '/home/xavier/Developer/aquas-ROS-apriltags/install/camera_info_manager:/home/xavier/Developer/aquas-ROS-apriltags/install/image_transport:/home/xavier/Developer/aquas-ROS-apriltags/install/camera_calibration_parsers:/opt/ros/humble'), ('SHELL', '/bin/bash'), ('LESSCLOSE', '/usr/bin/lesspipe %s %s'), ('PWD', '/home/xavier/Developer/aquas-ROS-apriltags/build/image_common'), ('SSH_CONNECTION', '10.207.118.216 33162 10.207.26.163 22'), ('XDG_DATA_DIRS', '/usr/share/gnome:/usr/local/share:/usr/share:/var/lib/snapd/desktop'), ('PYTHONPATH', '/opt/ros/humble/lib/python3.10/site-packages:/opt/ros/humble/local/lib/python3.10/dist-packages'), ('COLCON', '1'), ('CMAKE_PREFIX_PATH', '/home/xavier/Developer/aquas-ROS-apriltags/install/camera_info_manager:/home/xavier/Developer/aquas-ROS-apriltags/install/image_transport:/home/xavier/Developer/aquas-ROS-apriltags/install/camera_calibration_parsers:/opt/ros/humble')]), 'shell': False}
[670.995100] (-) TimerEvent: {}
[671.096562] (-) TimerEvent: {}
[671.197594] (-) TimerEvent: {}
[671.298977] (-) TimerEvent: {}
[671.400305] (-) TimerEvent: {}
[671.501879] (-) TimerEvent: {}
[671.603374] (-) TimerEvent: {}
[671.704419] (-) TimerEvent: {}
[671.733601] (image_common) StdoutLine: {'line': b'-- The C compiler identification is GNU 11.4.0\n'}
[671.734621] (apriltag_ros) StdoutLine: {'line': b'-- The C compiler identification is GNU 11.4.0\n'}
[671.804733] (-) TimerEvent: {}
[671.906213] (-) TimerEvent: {}
[672.008337] (-) TimerEvent: {}
[672.086879] (apriltag_ros) StdoutLine: {'line': b'-- The CXX compiler identification is GNU 11.4.0\n'}
[672.087703] (image_common) StdoutLine: {'line': b'-- The CXX compiler identification is GNU 11.4.0\n'}
[672.108636] (-) TimerEvent: {}
[672.144630] (image_common) StdoutLine: {'line': b'-- Detecting C compiler ABI info\n'}
[672.145472] (apriltag_ros) StdoutLine: {'line': b'-- Detecting C compiler ABI info\n'}
[672.208859] (-) TimerEvent: {}
[672.310028] (-) TimerEvent: {}
[672.411149] (-) TimerEvent: {}
[672.512228] (-) TimerEvent: {}
[672.602474] (image_common) StdoutLine: {'line': b'-- Detecting C compiler ABI info - done\n'}
[672.603162] (apriltag_ros) StdoutLine: {'line': b'-- Detecting C compiler ABI info - done\n'}
[672.612374] (-) TimerEvent: {}
[672.631596] (apriltag_ros) StdoutLine: {'line': b'-- Check for working C compiler: /usr/bin/cc - skipped\n'}
[672.632379] (image_common) StdoutLine: {'line': b'-- Check for working C compiler: /usr/bin/cc - skipped\n'}
[672.635076] (image_common) StdoutLine: {'line': b'-- Detecting C compile features\n'}
[672.635670] (apriltag_ros) StdoutLine: {'line': b'-- Detecting C compile features\n'}
[672.652314] (image_common) StdoutLine: {'line': b'-- Detecting C compile features - done\n'}
[672.653486] (apriltag_ros) StdoutLine: {'line': b'-- Detecting C compile features - done\n'}
[672.676991] (image_common) StdoutLine: {'line': b'-- Detecting CXX compiler ABI info\n'}
[672.677852] (apriltag_ros) StdoutLine: {'line': b'-- Detecting CXX compiler ABI info\n'}
[672.712675] (-) TimerEvent: {}
[672.813660] (-) TimerEvent: {}
[672.914744] (-) TimerEvent: {}
[673.015722] (-) TimerEvent: {}
[673.117342] (-) TimerEvent: {}
[673.126667] (apriltag_ros) StdoutLine: {'line': b'-- Detecting CXX compiler ABI info - done\n'}
[673.127464] (image_common) StdoutLine: {'line': b'-- Detecting CXX compiler ABI info - done\n'}
[673.157208] (apriltag_ros) StdoutLine: {'line': b'-- Check for working CXX compiler: /usr/bin/c++ - skipped\n'}
[673.157990] (image_common) StdoutLine: {'line': b'-- Check for working CXX compiler: /usr/bin/c++ - skipped\n'}
[673.158751] (image_common) StdoutLine: {'line': b'-- Detecting CXX compile features\n'}
[673.159202] (apriltag_ros) StdoutLine: {'line': b'-- Detecting CXX compile features\n'}
[673.160365] (image_common) StdoutLine: {'line': b'-- Detecting CXX compile features - done\n'}
[673.161215] (apriltag_ros) StdoutLine: {'line': b'-- Detecting CXX compile features - done\n'}
[673.217794] (-) TimerEvent: {}
[673.221692] (apriltag_ros) StdoutLine: {'line': b'-- Found rclcpp: 16.0.17 (/opt/ros/humble/share/rclcpp/cmake)\n'}
[673.267878] (image_common) StdoutLine: {'line': b'-- Found ament_cmake: 1.3.12 (/opt/ros/humble/share/ament_cmake/cmake)\n'}
[673.317982] (-) TimerEvent: {}
[673.419058] (-) TimerEvent: {}
[673.520395] (-) TimerEvent: {}
[673.622362] (-) TimerEvent: {}
[673.723294] (-) TimerEvent: {}
[673.824734] (-) TimerEvent: {}
[673.926949] (-) TimerEvent: {}
[674.027746] (-) TimerEvent: {}
[674.128620] (-) TimerEvent: {}
[674.229318] (-) TimerEvent: {}
[674.330168] (-) TimerEvent: {}
[674.431306] (-) TimerEvent: {}
[674.451999] (apriltag_ros) StdoutLine: {'line': b'-- Found Python3: /usr/bin/python3 (found version "3.10.12") found components: Interpreter \n'}
[674.454105] (image_common) StdoutLine: {'line': b'-- Found Python3: /usr/bin/python3 (found version "3.10.12") found components: Interpreter \n'}
[674.531535] (-) TimerEvent: {}
[674.632443] (-) TimerEvent: {}
[674.733698] (-) TimerEvent: {}
[674.835599] (-) TimerEvent: {}
[674.936911] (-) TimerEvent: {}
[675.038794] (-) TimerEvent: {}
[675.139641] (-) TimerEvent: {}
[675.240439] (-) TimerEvent: {}
[675.341419] (-) TimerEvent: {}
[675.442164] (-) TimerEvent: {}
[675.472733] (image_common) StdoutLine: {'line': b'-- Found ament_lint_auto: 0.12.14 (/opt/ros/humble/share/ament_lint_auto/cmake)\n'}
[675.542320] (-) TimerEvent: {}
[675.643143] (-) TimerEvent: {}
[675.744679] (-) TimerEvent: {}
[675.846076] (-) TimerEvent: {}
[675.948030] (-) TimerEvent: {}
[676.006580] (apriltag_ros) StdoutLine: {'line': b'-- Found rosidl_generator_c: 3.1.8 (/opt/ros/humble/share/rosidl_generator_c/cmake)\n'}
[676.048251] (-) TimerEvent: {}
[676.083409] (apriltag_ros) StdoutLine: {'line': b'-- Found rosidl_adapter: 3.1.8 (/opt/ros/humble/share/rosidl_adapter/cmake)\n'}
[676.148539] (-) TimerEvent: {}
[676.176013] (apriltag_ros) StdoutLine: {'line': b'-- Found rosidl_generator_cpp: 3.1.8 (/opt/ros/humble/share/rosidl_generator_cpp/cmake)\n'}
[676.188630] (image_common) StdoutLine: {'line': b"-- Added test 'copyright' to check source files copyright and LICENSE\n"}
[676.203764] (image_common) StdoutLine: {'line': b"-- Added test 'lint_cmake' to check CMake code style\n"}
[676.213324] (image_common) StdoutLine: {'line': b"-- Added test 'xmllint' to check XML markup files\n"}
[676.233953] (image_common) StdoutLine: {'line': b'-- Configuring done\n'}
[676.248708] (-) TimerEvent: {}
[676.261746] (image_common) StdoutLine: {'line': b'-- Generating done\n'}
[676.272248] (image_common) StdoutLine: {'line': b'-- Build files have been written to: /home/xavier/Developer/aquas-ROS-apriltags/build/image_common\n'}
[676.289826] (image_common) CommandEnded: {'returncode': 0}
[676.293011] (image_common) JobProgress: {'identifier': 'image_common', 'progress': 'build'}
[676.295134] (image_common) Command: {'cmd': ['/usr/bin/cmake', '--build', '/home/xavier/Developer/aquas-ROS-apriltags/build/image_common', '--', '-j4', '-l4'], 'cwd': '/home/xavier/Developer/aquas-ROS-apriltags/build/image_common', 'env': OrderedDict([('LESSOPEN', '| /usr/bin/lesspipe %s'), ('USER', 'xavier'), ('SSH_CLIENT', '10.207.118.216 33162 22'), ('XDG_SESSION_TYPE', 'tty'), ('SHLVL', '1'), ('LD_LIBRARY_PATH', '/home/xavier/Developer/aquas-ROS-apriltags/install/camera_info_manager/lib:/home/xavier/Developer/aquas-ROS-apriltags/install/image_transport/lib:/home/xavier/Developer/aquas-ROS-apriltags/install/camera_calibration_parsers/lib:/opt/ros/humble/opt/rviz_ogre_vendor/lib:/opt/ros/humble/lib/aarch64-linux-gnu:/opt/ros/humble/lib'), ('MOTD_SHOWN', 'pam'), ('HOME', '/home/xavier'), ('OLDPWD', '/home/xavier/Developer'), ('SSH_TTY', '/dev/pts/0'), ('ROS_PYTHON_VERSION', '3'), ('DBUS_SESSION_BUS_ADDRESS', 'unix:path=/run/user/1002/bus'), ('ROS_DISTRO', 'humble'), ('LOGNAME', 'xavier'), ('_', '/usr/bin/colcon'), ('ROS_VERSION', '2'), ('XDG_SESSION_CLASS', 'user'), ('TERM', 'xterm-kitty'), ('XDG_SESSION_ID', '10'), ('ROS_LOCALHOST_ONLY', '0'), ('PATH', '/opt/ros/humble/bin:/usr/local/sbin:/usr/local/bin:/usr/sbin:/usr/bin:/sbin:/bin:/usr/games:/usr/local/games:/snap/bin'), ('XDG_RUNTIME_DIR', '/run/user/1002'), ('LANG', 'en_US.UTF-8'), ('LS_COLORS', 'rs=0:di=01;34:ln=01;36:mh=00:pi=40;33:so=01;35:do=01;35:bd=40;33;01:cd=40;33;01:or=40;31;01:mi=00:su=37;41:sg=30;43:ca=30;41:tw=30;42:ow=34;42:st=37;44:ex=01;32:*.tar=01;31:*.tgz=01;31:*.arc=01;31:*.arj=01;31:*.taz=01;31:*.lha=01;31:*.lz4=01;31:*.lzh=01;31:*.lzma=01;31:*.tlz=01;31:*.txz=01;31:*.tzo=01;31:*.t7z=01;31:*.zip=01;31:*.z=01;31:*.dz=01;31:*.gz=01;31:*.lrz=01;31:*.lz=01;31:*.lzo=01;31:*.xz=01;31:*.zst=01;31:*.tzst=01;31:*.bz2=01;31:*.bz=01;31:*.tbz=01;31:*.tbz2=01;31:*.tz=01;31:*.deb=01;31:*.rpm=01;31:*.jar=01;31:*.war=01;31:*.ear=01;31:*.sar=01;31:*.rar=01;31:*.alz=01;31:*.ace=01;31:*.zoo=01;31:*.cpio=01;31:*.7z=01;31:*.rz=01;31:*.cab=01;31:*.wim=01;31:*.swm=01;31:*.dwm=01;31:*.esd=01;31:*.jpg=01;35:*.jpeg=01;35:*.mjpg=01;35:*.mjpeg=01;35:*.gif=01;35:*.bmp=01;35:*.pbm=01;35:*.pgm=01;35:*.ppm=01;35:*.tga=01;35:*.xbm=01;35:*.xpm=01;35:*.tif=01;35:*.tiff=01;35:*.png=01;35:*.svg=01;35:*.svgz=01;35:*.mng=01;35:*.pcx=01;35:*.mov=01;35:*.mpg=01;35:*.mpeg=01;35:*.m2v=01;35:*.mkv=01;35:*.webm=01;35:*.webp=01;35:*.ogm=01;35:*.mp4=01;35:*.m4v=01;35:*.mp4v=01;35:*.vob=01;35:*.qt=01;35:*.nuv=01;35:*.wmv=01;35:*.asf=01;35:*.rm=01;35:*.rmvb=01;35:*.flc=01;35:*.avi=01;35:*.fli=01;35:*.flv=01;35:*.gl=01;35:*.dl=01;35:*.xcf=01;35:*.xwd=01;35:*.yuv=01;35:*.cgm=01;35:*.emf=01;35:*.ogv=01;35:*.ogx=01;35:*.aac=00;36:*.au=00;36:*.flac=00;36:*.m4a=00;36:*.mid=00;36:*.midi=00;36:*.mka=00;36:*.mp3=00;36:*.mpc=00;36:*.ogg=00;36:*.ra=00;36:*.wav=00;36:*.oga=00;36:*.opus=00;36:*.spx=00;36:*.xspf=00;36:'), ('ROS_DOMAIN_ID', '101'), ('AMENT_PREFIX_PATH', '/home/xavier/Developer/aquas-ROS-apriltags/install/camera_info_manager:/home/xavier/Developer/aquas-ROS-apriltags/install/image_transport:/home/xavier/Developer/aquas-ROS-apriltags/install/camera_calibration_parsers:/opt/ros/humble'), ('SHELL', '/bin/bash'), ('LESSCLOSE', '/usr/bin/lesspipe %s %s'), ('PWD', '/home/xavier/Developer/aquas-ROS-apriltags/build/image_common'), ('SSH_CONNECTION', '10.207.118.216 33162 10.207.26.163 22'), ('XDG_DATA_DIRS', '/usr/share/gnome:/usr/local/share:/usr/share:/var/lib/snapd/desktop'), ('PYTHONPATH', '/opt/ros/humble/lib/python3.10/site-packages:/opt/ros/humble/local/lib/python3.10/dist-packages'), ('COLCON', '1'), ('CMAKE_PREFIX_PATH', '/home/xavier/Developer/aquas-ROS-apriltags/install/camera_info_manager:/home/xavier/Developer/aquas-ROS-apriltags/install/image_transport:/home/xavier/Developer/aquas-ROS-apriltags/install/camera_calibration_parsers:/opt/ros/humble')]), 'shell': False}
[676.318731] (apriltag_ros) StdoutLine: {'line': b'-- Using all available rosidl_typesupport_c: rosidl_typesupport_fastrtps_c;rosidl_typesupport_introspection_c\n'}
[676.348919] (-) TimerEvent: {}
[676.450063] (-) TimerEvent: {}
[676.493621] (image_common) CommandEnded: {'returncode': 0}
[676.496731] (image_common) JobProgress: {'identifier': 'image_common', 'progress': 'install'}
[676.497902] (image_common) Command: {'cmd': ['/usr/bin/cmake', '--install', '/home/xavier/Developer/aquas-ROS-apriltags/build/image_common'], 'cwd': '/home/xavier/Developer/aquas-ROS-apriltags/build/image_common', 'env': OrderedDict([('LESSOPEN', '| /usr/bin/lesspipe %s'), ('USER', 'xavier'), ('SSH_CLIENT', '10.207.118.216 33162 22'), ('XDG_SESSION_TYPE', 'tty'), ('SHLVL', '1'), ('LD_LIBRARY_PATH', '/home/xavier/Developer/aquas-ROS-apriltags/install/camera_info_manager/lib:/home/xavier/Developer/aquas-ROS-apriltags/install/image_transport/lib:/home/xavier/Developer/aquas-ROS-apriltags/install/camera_calibration_parsers/lib:/opt/ros/humble/opt/rviz_ogre_vendor/lib:/opt/ros/humble/lib/aarch64-linux-gnu:/opt/ros/humble/lib'), ('MOTD_SHOWN', 'pam'), ('HOME', '/home/xavier'), ('OLDPWD', '/home/xavier/Developer'), ('SSH_TTY', '/dev/pts/0'), ('ROS_PYTHON_VERSION', '3'), ('DBUS_SESSION_BUS_ADDRESS', 'unix:path=/run/user/1002/bus'), ('ROS_DISTRO', 'humble'), ('LOGNAME', 'xavier'), ('_', '/usr/bin/colcon'), ('ROS_VERSION', '2'), ('XDG_SESSION_CLASS', 'user'), ('TERM', 'xterm-kitty'), ('XDG_SESSION_ID', '10'), ('ROS_LOCALHOST_ONLY', '0'), ('PATH', '/opt/ros/humble/bin:/usr/local/sbin:/usr/local/bin:/usr/sbin:/usr/bin:/sbin:/bin:/usr/games:/usr/local/games:/snap/bin'), ('XDG_RUNTIME_DIR', '/run/user/1002'), ('LANG', 'en_US.UTF-8'), ('LS_COLORS', 'rs=0:di=01;34:ln=01;36:mh=00:pi=40;33:so=01;35:do=01;35:bd=40;33;01:cd=40;33;01:or=40;31;01:mi=00:su=37;41:sg=30;43:ca=30;41:tw=30;42:ow=34;42:st=37;44:ex=01;32:*.tar=01;31:*.tgz=01;31:*.arc=01;31:*.arj=01;31:*.taz=01;31:*.lha=01;31:*.lz4=01;31:*.lzh=01;31:*.lzma=01;31:*.tlz=01;31:*.txz=01;31:*.tzo=01;31:*.t7z=01;31:*.zip=01;31:*.z=01;31:*.dz=01;31:*.gz=01;31:*.lrz=01;31:*.lz=01;31:*.lzo=01;31:*.xz=01;31:*.zst=01;31:*.tzst=01;31:*.bz2=01;31:*.bz=01;31:*.tbz=01;31:*.tbz2=01;31:*.tz=01;31:*.deb=01;31:*.rpm=01;31:*.jar=01;31:*.war=01;31:*.ear=01;31:*.sar=01;31:*.rar=01;31:*.alz=01;31:*.ace=01;31:*.zoo=01;31:*.cpio=01;31:*.7z=01;31:*.rz=01;31:*.cab=01;31:*.wim=01;31:*.swm=01;31:*.dwm=01;31:*.esd=01;31:*.jpg=01;35:*.jpeg=01;35:*.mjpg=01;35:*.mjpeg=01;35:*.gif=01;35:*.bmp=01;35:*.pbm=01;35:*.pgm=01;35:*.ppm=01;35:*.tga=01;35:*.xbm=01;35:*.xpm=01;35:*.tif=01;35:*.tiff=01;35:*.png=01;35:*.svg=01;35:*.svgz=01;35:*.mng=01;35:*.pcx=01;35:*.mov=01;35:*.mpg=01;35:*.mpeg=01;35:*.m2v=01;35:*.mkv=01;35:*.webm=01;35:*.webp=01;35:*.ogm=01;35:*.mp4=01;35:*.m4v=01;35:*.mp4v=01;35:*.vob=01;35:*.qt=01;35:*.nuv=01;35:*.wmv=01;35:*.asf=01;35:*.rm=01;35:*.rmvb=01;35:*.flc=01;35:*.avi=01;35:*.fli=01;35:*.flv=01;35:*.gl=01;35:*.dl=01;35:*.xcf=01;35:*.xwd=01;35:*.yuv=01;35:*.cgm=01;35:*.emf=01;35:*.ogv=01;35:*.ogx=01;35:*.aac=00;36:*.au=00;36:*.flac=00;36:*.m4a=00;36:*.mid=00;36:*.midi=00;36:*.mka=00;36:*.mp3=00;36:*.mpc=00;36:*.ogg=00;36:*.ra=00;36:*.wav=00;36:*.oga=00;36:*.opus=00;36:*.spx=00;36:*.xspf=00;36:'), ('ROS_DOMAIN_ID', '101'), ('AMENT_PREFIX_PATH', '/home/xavier/Developer/aquas-ROS-apriltags/install/camera_info_manager:/home/xavier/Developer/aquas-ROS-apriltags/install/image_transport:/home/xavier/Developer/aquas-ROS-apriltags/install/camera_calibration_parsers:/opt/ros/humble'), ('SHELL', '/bin/bash'), ('LESSCLOSE', '/usr/bin/lesspipe %s %s'), ('PWD', '/home/xavier/Developer/aquas-ROS-apriltags/build/image_common'), ('SSH_CONNECTION', '10.207.118.216 33162 10.207.26.163 22'), ('XDG_DATA_DIRS', '/usr/share/gnome:/usr/local/share:/usr/share:/var/lib/snapd/desktop'), ('PYTHONPATH', '/opt/ros/humble/lib/python3.10/site-packages:/opt/ros/humble/local/lib/python3.10/dist-packages'), ('COLCON', '1'), ('CMAKE_PREFIX_PATH', '/home/xavier/Developer/aquas-ROS-apriltags/install/camera_info_manager:/home/xavier/Developer/aquas-ROS-apriltags/install/image_transport:/home/xavier/Developer/aquas-ROS-apriltags/install/camera_calibration_parsers:/opt/ros/humble')]), 'shell': False}
[676.508915] (apriltag_ros) StdoutLine: {'line': b'-- Using all available rosidl_typesupport_cpp: rosidl_typesupport_fastrtps_cpp;rosidl_typesupport_introspection_cpp\n'}
[676.541259] (image_common) StdoutLine: {'line': b'-- Install configuration: ""\n'}
[676.542658] (image_common) StdoutLine: {'line': b'-- Installing: /home/xavier/Developer/aquas-ROS-apriltags/install/image_common/share/ament_index/resource_index/package_run_dependencies/image_common\n'}
[676.545089] (image_common) StdoutLine: {'line': b'-- Installing: /home/xavier/Developer/aquas-ROS-apriltags/install/image_common/share/ament_index/resource_index/parent_prefix_path/image_common\n'}
[676.547049] (image_common) StdoutLine: {'line': b'-- Installing: /home/xavier/Developer/aquas-ROS-apriltags/install/image_common/share/image_common/environment/ament_prefix_path.sh\n'}
[676.548674] (image_common) StdoutLine: {'line': b'-- Installing: /home/xavier/Developer/aquas-ROS-apriltags/install/image_common/share/image_common/environment/ament_prefix_path.dsv\n'}
[676.550328] (image_common) StdoutLine: {'line': b'-- Installing: /home/xavier/Developer/aquas-ROS-apriltags/install/image_common/share/image_common/environment/path.sh\n'}
[676.550894] (-) TimerEvent: {}
[676.551852] (image_common) StdoutLine: {'line': b'-- Installing: /home/xavier/Developer/aquas-ROS-apriltags/install/image_common/share/image_common/environment/path.dsv\n'}
[676.554317] (image_common) StdoutLine: {'line': b'-- Installing: /home/xavier/Developer/aquas-ROS-apriltags/install/image_common/share/image_common/local_setup.bash\n'}
[676.555420] (image_common) StdoutLine: {'line': b'-- Installing: /home/xavier/Developer/aquas-ROS-apriltags/install/image_common/share/image_common/local_setup.sh\n'}
[676.557102] (image_common) StdoutLine: {'line': b'-- Installing: /home/xavier/Developer/aquas-ROS-apriltags/install/image_common/share/image_common/local_setup.zsh\n'}
[676.558595] (image_common) StdoutLine: {'line': b'-- Installing: /home/xavier/Developer/aquas-ROS-apriltags/install/image_common/share/image_common/local_setup.dsv\n'}
[676.560182] (image_common) StdoutLine: {'line': b'-- Installing: /home/xavier/Developer/aquas-ROS-apriltags/install/image_common/share/image_common/package.dsv\n'}
[676.562316] (image_common) StdoutLine: {'line': b'-- Installing: /home/xavier/Developer/aquas-ROS-apriltags/install/image_common/share/ament_index/resource_index/packages/image_common\n'}
[676.564214] (image_common) StdoutLine: {'line': b'-- Installing: /home/xavier/Developer/aquas-ROS-apriltags/install/image_common/share/image_common/cmake/image_commonConfig.cmake\n'}
[676.565623] (image_common) StdoutLine: {'line': b'-- Installing: /home/xavier/Developer/aquas-ROS-apriltags/install/image_common/share/image_common/cmake/image_commonConfig-version.cmake\n'}
[676.567191] (image_common) StdoutLine: {'line': b'-- Installing: /home/xavier/Developer/aquas-ROS-apriltags/install/image_common/share/image_common/package.xml\n'}
[676.574187] (image_common) CommandEnded: {'returncode': 0}
[676.647333] (image_common) JobEnded: {'identifier': 'image_common', 'rc': 0}
[676.651041] (-) TimerEvent: {}
[676.751624] (-) TimerEvent: {}
[676.852380] (-) TimerEvent: {}
[676.953210] (-) TimerEvent: {}
[677.011995] (apriltag_ros) StdoutLine: {'line': b'-- Found rmw_implementation_cmake: 6.1.2 (/opt/ros/humble/share/rmw_implementation_cmake/cmake)\n'}
[677.051634] (apriltag_ros) StdoutLine: {'line': b'-- Found rmw_fastrtps_cpp: 6.2.9 (/opt/ros/humble/share/rmw_fastrtps_cpp/cmake)\n'}
[677.053337] (-) TimerEvent: {}
[677.154073] (-) TimerEvent: {}
[677.254826] (-) TimerEvent: {}
[677.355577] (-) TimerEvent: {}
[677.456281] (-) TimerEvent: {}
[677.557020] (-) TimerEvent: {}
[677.657781] (-) TimerEvent: {}
[677.759058] (-) TimerEvent: {}
[677.859955] (-) TimerEvent: {}
[677.960777] (-) TimerEvent: {}
[677.974058] (apriltag_ros) StdoutLine: {'line': b'-- Found OpenSSL: /usr/lib/aarch64-linux-gnu/libcrypto.so (found version "3.0.2")  \n'}
[678.060964] (-) TimerEvent: {}
[678.161703] (-) TimerEvent: {}
[678.262428] (-) TimerEvent: {}
[678.301709] (apriltag_ros) StdoutLine: {'line': b'-- Found FastRTPS: /opt/ros/humble/include  \n'}
[678.362601] (-) TimerEvent: {}
[678.463348] (-) TimerEvent: {}
[678.564129] (-) TimerEvent: {}
[678.664899] (-) TimerEvent: {}
[678.765604] (-) TimerEvent: {}
[678.816676] (apriltag_ros) StdoutLine: {'line': b"-- Using RMW implementation 'rmw_fastrtps_cpp' as default\n"}
[678.865778] (-) TimerEvent: {}
[678.949810] (apriltag_ros) StdoutLine: {'line': b'-- Looking for pthread.h\n'}
[678.965960] (-) TimerEvent: {}
[679.066769] (-) TimerEvent: {}
[679.167819] (-) TimerEvent: {}
[679.268728] (-) TimerEvent: {}
[679.348613] (apriltag_ros) StdoutLine: {'line': b'-- Looking for pthread.h - found\n'}
[679.350978] (apriltag_ros) StdoutLine: {'line': b'-- Performing Test CMAKE_HAVE_LIBC_PTHREAD\n'}
[679.368900] (-) TimerEvent: {}
[679.469751] (-) TimerEvent: {}
[679.570831] (-) TimerEvent: {}
[679.671775] (-) TimerEvent: {}
[679.772677] (-) TimerEvent: {}
[679.776903] (apriltag_ros) StdoutLine: {'line': b'-- Performing Test CMAKE_HAVE_LIBC_PTHREAD - Success\n'}
[679.784004] (apriltag_ros) StdoutLine: {'line': b'-- Found Threads: TRUE  \n'}
[679.872894] (-) TimerEvent: {}
[679.973666] (-) TimerEvent: {}
[680.074388] (-) TimerEvent: {}
[680.175153] (-) TimerEvent: {}
[680.227879] (apriltag_ros) StdoutLine: {'line': b'-- Found rclcpp_components: 16.0.17 (/opt/ros/humble/share/rclcpp_components/cmake)\n'}
[680.275359] (-) TimerEvent: {}
[680.376106] (-) TimerEvent: {}
[680.476875] (-) TimerEvent: {}
[680.577707] (-) TimerEvent: {}
[680.589858] (apriltag_ros) StdoutLine: {'line': b'-- Found sensor_msgs: 4.9.0 (/opt/ros/humble/share/sensor_msgs/cmake)\n'}
[680.677888] (-) TimerEvent: {}
[680.778642] (-) TimerEvent: {}
[680.841513] (apriltag_ros) StdoutLine: {'line': b'-- Found apriltag_msgs: 2.0.1 (/opt/ros/humble/share/apriltag_msgs/cmake)\n'}
[680.878820] (-) TimerEvent: {}
[680.969507] (apriltag_ros) StdoutLine: {'line': b'-- Found tf2_ros: 0.25.18 (/opt/ros/humble/share/tf2_ros/cmake)\n'}
[680.978997] (-) TimerEvent: {}
[681.079772] (-) TimerEvent: {}
[681.180460] (-) TimerEvent: {}
[681.281254] (-) TimerEvent: {}
[681.382119] (-) TimerEvent: {}
[681.482851] (-) TimerEvent: {}
[681.583684] (-) TimerEvent: {}
[681.595291] (apriltag_ros) StdoutLine: {'line': b'-- Found image_transport: 3.1.12 (/home/xavier/Developer/aquas-ROS-apriltags/install/image_transport/share/image_transport/cmake)\n'}
[681.683861] (-) TimerEvent: {}
[681.784872] (-) TimerEvent: {}
[681.885569] (-) TimerEvent: {}
[681.947186] (apriltag_ros) StdoutLine: {'line': b'-- Found cv_bridge: 3.2.1 (/opt/ros/humble/share/cv_bridge/cmake)\n'}
[681.985744] (-) TimerEvent: {}
[682.086517] (-) TimerEvent: {}
[682.187300] (-) TimerEvent: {}
[682.207633] (apriltag_ros) StdoutLine: {'line': b'-- Found OpenCV: /usr (found version "4.5.4") found components: core calib3d \n'}
[682.266230] (apriltag_ros) StdoutLine: {'line': b'-- Found ament_lint_auto: 0.12.14 (/opt/ros/humble/share/ament_lint_auto/cmake)\n'}
[682.287538] (-) TimerEvent: {}
[682.388459] (-) TimerEvent: {}
[682.489152] (-) TimerEvent: {}
[682.589901] (-) TimerEvent: {}
[682.690806] (-) TimerEvent: {}
[682.791846] (-) TimerEvent: {}
[682.892639] (-) TimerEvent: {}
[682.959216] (apriltag_ros) StdoutLine: {'line': b"-- Added test 'clang_format' to check C / C++ code style\n"}
[682.992817] (-) TimerEvent: {}
[683.020139] (apriltag_ros) StdoutLine: {'line': b"-- Added test 'cppcheck' to perform static code analysis on C / C++ code\n"}
[683.020931] (apriltag_ros) StdoutLine: {'line': b'-- Configured cppcheck include dirs: \n'}
[683.021486] (apriltag_ros) StdoutLine: {'line': b'-- Configured cppcheck exclude dirs and/or files: \n'}
[683.028982] (apriltag_ros) StdoutLine: {'line': b'-- Configuring done\n'}
[683.092983] (-) TimerEvent: {}
[683.190823] (apriltag_ros) StdoutLine: {'line': b'-- Generating done\n'}
[683.193108] (-) TimerEvent: {}
[683.227858] (apriltag_ros) StdoutLine: {'line': b'-- Build files have been written to: /home/xavier/Developer/aquas-ROS-apriltags/build/apriltag_ros\n'}
[683.280557] (apriltag_ros) CommandEnded: {'returncode': 0}
[683.282839] (apriltag_ros) JobProgress: {'identifier': 'apriltag_ros', 'progress': 'build'}
[683.284096] (apriltag_ros) Command: {'cmd': ['/usr/bin/cmake', '--build', '/home/xavier/Developer/aquas-ROS-apriltags/build/apriltag_ros', '--', '-j4', '-l4'], 'cwd': '/home/xavier/Developer/aquas-ROS-apriltags/build/apriltag_ros', 'env': OrderedDict([('LESSOPEN', '| /usr/bin/lesspipe %s'), ('USER', 'xavier'), ('SSH_CLIENT', '10.207.118.216 33162 22'), ('XDG_SESSION_TYPE', 'tty'), ('SHLVL', '1'), ('LD_LIBRARY_PATH', '/home/xavier/Developer/aquas-ROS-apriltags/install/image_transport/lib:/home/xavier/Developer/aquas-ROS-apriltags/install/apriltag/lib:/opt/ros/humble/opt/rviz_ogre_vendor/lib:/opt/ros/humble/lib/aarch64-linux-gnu:/opt/ros/humble/lib'), ('MOTD_SHOWN', 'pam'), ('HOME', '/home/xavier'), ('OLDPWD', '/home/xavier/Developer'), ('SSH_TTY', '/dev/pts/0'), ('ROS_PYTHON_VERSION', '3'), ('DBUS_SESSION_BUS_ADDRESS', 'unix:path=/run/user/1002/bus'), ('ROS_DISTRO', 'humble'), ('LOGNAME', 'xavier'), ('_', '/usr/bin/colcon'), ('ROS_VERSION', '2'), ('XDG_SESSION_CLASS', 'user'), ('PKG_CONFIG_PATH', '/home/xavier/Developer/aquas-ROS-apriltags/install/apriltag/lib/aarch64-linux-gnu/pkgconfig:/home/xavier/Developer/aquas-ROS-apriltags/install/apriltag/lib/pkgconfig'), ('TERM', 'xterm-kitty'), ('XDG_SESSION_ID', '10'), ('ROS_LOCALHOST_ONLY', '0'), ('PATH', '/home/xavier/Developer/aquas-ROS-apriltags/install/apriltag/bin:/opt/ros/humble/bin:/usr/local/sbin:/usr/local/bin:/usr/sbin:/usr/bin:/sbin:/bin:/usr/games:/usr/local/games:/snap/bin'), ('XDG_RUNTIME_DIR', '/run/user/1002'), ('LANG', 'en_US.UTF-8'), ('LS_COLORS', 'rs=0:di=01;34:ln=01;36:mh=00:pi=40;33:so=01;35:do=01;35:bd=40;33;01:cd=40;33;01:or=40;31;01:mi=00:su=37;41:sg=30;43:ca=30;41:tw=30;42:ow=34;42:st=37;44:ex=01;32:*.tar=01;31:*.tgz=01;31:*.arc=01;31:*.arj=01;31:*.taz=01;31:*.lha=01;31:*.lz4=01;31:*.lzh=01;31:*.lzma=01;31:*.tlz=01;31:*.txz=01;31:*.tzo=01;31:*.t7z=01;31:*.zip=01;31:*.z=01;31:*.dz=01;31:*.gz=01;31:*.lrz=01;31:*.lz=01;31:*.lzo=01;31:*.xz=01;31:*.zst=01;31:*.tzst=01;31:*.bz2=01;31:*.bz=01;31:*.tbz=01;31:*.tbz2=01;31:*.tz=01;31:*.deb=01;31:*.rpm=01;31:*.jar=01;31:*.war=01;31:*.ear=01;31:*.sar=01;31:*.rar=01;31:*.alz=01;31:*.ace=01;31:*.zoo=01;31:*.cpio=01;31:*.7z=01;31:*.rz=01;31:*.cab=01;31:*.wim=01;31:*.swm=01;31:*.dwm=01;31:*.esd=01;31:*.jpg=01;35:*.jpeg=01;35:*.mjpg=01;35:*.mjpeg=01;35:*.gif=01;35:*.bmp=01;35:*.pbm=01;35:*.pgm=01;35:*.ppm=01;35:*.tga=01;35:*.xbm=01;35:*.xpm=01;35:*.tif=01;35:*.tiff=01;35:*.png=01;35:*.svg=01;35:*.svgz=01;35:*.mng=01;35:*.pcx=01;35:*.mov=01;35:*.mpg=01;35:*.mpeg=01;35:*.m2v=01;35:*.mkv=01;35:*.webm=01;35:*.webp=01;35:*.ogm=01;35:*.mp4=01;35:*.m4v=01;35:*.mp4v=01;35:*.vob=01;35:*.qt=01;35:*.nuv=01;35:*.wmv=01;35:*.asf=01;35:*.rm=01;35:*.rmvb=01;35:*.flc=01;35:*.avi=01;35:*.fli=01;35:*.flv=01;35:*.gl=01;35:*.dl=01;35:*.xcf=01;35:*.xwd=01;35:*.yuv=01;35:*.cgm=01;35:*.emf=01;35:*.ogv=01;35:*.ogx=01;35:*.aac=00;36:*.au=00;36:*.flac=00;36:*.m4a=00;36:*.mid=00;36:*.midi=00;36:*.mka=00;36:*.mp3=00;36:*.mpc=00;36:*.ogg=00;36:*.ra=00;36:*.wav=00;36:*.oga=00;36:*.opus=00;36:*.spx=00;36:*.xspf=00;36:'), ('ROS_DOMAIN_ID', '101'), ('AMENT_PREFIX_PATH', '/home/xavier/Developer/aquas-ROS-apriltags/install/image_transport:/opt/ros/humble'), ('SHELL', '/bin/bash'), ('LESSCLOSE', '/usr/bin/lesspipe %s %s'), ('PWD', '/home/xavier/Developer/aquas-ROS-apriltags/build/apriltag_ros'), ('SSH_CONNECTION', '10.207.118.216 33162 10.207.26.163 22'), ('XDG_DATA_DIRS', '/usr/share/gnome:/usr/local/share:/usr/share:/var/lib/snapd/desktop'), ('PYTHONPATH', '/home/xavier/Developer/aquas-ROS-apriltags/install/apriltag/lib/python3.10/site-packages:/opt/ros/humble/lib/python3.10/site-packages:/opt/ros/humble/local/lib/python3.10/dist-packages'), ('COLCON', '1'), ('CMAKE_PREFIX_PATH', '/home/xavier/Developer/aquas-ROS-apriltags/install/image_transport:/home/xavier/Developer/aquas-ROS-apriltags/install/apriltag:/opt/ros/humble')]), 'shell': False}
[683.294418] (-) TimerEvent: {}
[683.395305] (-) TimerEvent: {}
[683.496101] (-) TimerEvent: {}
[683.556534] (apriltag_ros) StdoutLine: {'line': b'[ 10%] \x1b[32mBuilding CXX object CMakeFiles/tags.dir/src/tag_functions.cpp.o\x1b[0m\n'}
[683.596376] (-) TimerEvent: {}
[683.697361] (-) TimerEvent: {}
[683.798096] (-) TimerEvent: {}
[683.898849] (-) TimerEvent: {}
[683.999760] (-) TimerEvent: {}
[684.100597] (-) TimerEvent: {}
[684.201400] (-) TimerEvent: {}
[684.302288] (-) TimerEvent: {}
[684.403106] (-) TimerEvent: {}
[684.503959] (-) TimerEvent: {}
[684.604793] (-) TimerEvent: {}
[684.705584] (-) TimerEvent: {}
[684.806410] (-) TimerEvent: {}
[684.907387] (-) TimerEvent: {}
[685.008169] (-) TimerEvent: {}
[685.108969] (-) TimerEvent: {}
[685.161437] (apriltag_ros) StdoutLine: {'line': b'[ 20%] \x1b[32m\x1b[1mLinking CXX static library libtags.a\x1b[0m\n'}
[685.209153] (-) TimerEvent: {}
[685.309903] (-) TimerEvent: {}
[685.344245] (apriltag_ros) StdoutLine: {'line': b'[ 20%] Built target tags\n'}
[685.410141] (-) TimerEvent: {}
[685.450770] (apriltag_ros) StdoutLine: {'line': b'[ 30%] \x1b[32mBuilding CXX object CMakeFiles/apriltag_node.dir/rclcpp_components/node_main_apriltag_node.cpp.o\x1b[0m\n'}
[685.510350] (-) TimerEvent: {}
[685.611119] (-) TimerEvent: {}
[685.711847] (-) TimerEvent: {}
[685.812624] (-) TimerEvent: {}
[685.913338] (-) TimerEvent: {}
[686.014134] (-) TimerEvent: {}
[686.115137] (-) TimerEvent: {}
[686.215897] (-) TimerEvent: {}
[686.316661] (-) TimerEvent: {}
[686.417383] (-) TimerEvent: {}
[686.518088] (-) TimerEvent: {}
[686.618823] (-) TimerEvent: {}
[686.719558] (-) TimerEvent: {}
[686.820273] (-) TimerEvent: {}
[686.921079] (-) TimerEvent: {}
[687.021829] (-) TimerEvent: {}
[687.122606] (-) TimerEvent: {}
[687.223428] (-) TimerEvent: {}
[687.324172] (-) TimerEvent: {}
[687.424929] (-) TimerEvent: {}
[687.525746] (-) TimerEvent: {}
[687.626551] (-) TimerEvent: {}
[687.727317] (-) TimerEvent: {}
[687.828354] (-) TimerEvent: {}
[687.929163] (-) TimerEvent: {}
[688.029941] (-) TimerEvent: {}
[688.130801] (-) TimerEvent: {}
[688.231625] (-) TimerEvent: {}
[688.332403] (-) TimerEvent: {}
[688.433207] (-) TimerEvent: {}
[688.533966] (-) TimerEvent: {}
[688.634802] (-) TimerEvent: {}
[688.735615] (-) TimerEvent: {}
[688.836560] (-) TimerEvent: {}
[688.937319] (-) TimerEvent: {}
[689.038106] (-) TimerEvent: {}
[689.138861] (-) TimerEvent: {}
[689.239698] (-) TimerEvent: {}
[689.340605] (-) TimerEvent: {}
[689.441379] (-) TimerEvent: {}
[689.542149] (-) TimerEvent: {}
[689.643022] (-) TimerEvent: {}
[689.743866] (-) TimerEvent: {}
[689.844837] (-) TimerEvent: {}
[689.945573] (-) TimerEvent: {}
[690.046369] (-) TimerEvent: {}
[690.147239] (-) TimerEvent: {}
[690.248127] (-) TimerEvent: {}
[690.349005] (-) TimerEvent: {}
[690.449783] (-) TimerEvent: {}
[690.550664] (-) TimerEvent: {}
[690.651475] (-) TimerEvent: {}
[690.752244] (-) TimerEvent: {}
[690.853154] (-) TimerEvent: {}
[690.953893] (-) TimerEvent: {}
[691.054657] (-) TimerEvent: {}
[691.155446] (-) TimerEvent: {}
[691.256214] (-) TimerEvent: {}
[691.357077] (-) TimerEvent: {}
[691.457833] (-) TimerEvent: {}
[691.558601] (-) TimerEvent: {}
[691.659347] (-) TimerEvent: {}
[691.760171] (-) TimerEvent: {}
[691.861179] (-) TimerEvent: {}
[691.962019] (-) TimerEvent: {}
[692.062799] (-) TimerEvent: {}
[692.163577] (-) TimerEvent: {}
[692.264342] (-) TimerEvent: {}
[692.365406] (-) TimerEvent: {}
[692.466238] (-) TimerEvent: {}
[692.567033] (-) TimerEvent: {}
[692.667876] (-) TimerEvent: {}
[692.768743] (-) TimerEvent: {}
[692.869554] (-) TimerEvent: {}
[692.970555] (-) TimerEvent: {}
[693.071352] (-) TimerEvent: {}
[693.172236] (-) TimerEvent: {}
[693.273052] (-) TimerEvent: {}
[693.373816] (-) TimerEvent: {}
[693.474593] (-) TimerEvent: {}
[693.575384] (-) TimerEvent: {}
[693.676264] (-) TimerEvent: {}
[693.777112] (-) TimerEvent: {}
[693.877895] (-) TimerEvent: {}
[693.978658] (-) TimerEvent: {}
[694.079455] (-) TimerEvent: {}
[694.180309] (-) TimerEvent: {}
[694.281150] (-) TimerEvent: {}
[694.381946] (-) TimerEvent: {}
[694.482743] (-) TimerEvent: {}
[694.583602] (-) TimerEvent: {}
[694.684553] (-) TimerEvent: {}
[694.785355] (-) TimerEvent: {}
[694.886140] (-) TimerEvent: {}
[694.986933] (-) TimerEvent: {}
[695.088014] (-) TimerEvent: {}
[695.189431] (-) TimerEvent: {}
[695.290214] (-) TimerEvent: {}
[695.390995] (-) TimerEvent: {}
[695.491849] (-) TimerEvent: {}
[695.592672] (-) TimerEvent: {}
[695.693521] (-) TimerEvent: {}
[695.794328] (-) TimerEvent: {}
[695.895124] (-) TimerEvent: {}
[695.996000] (-) TimerEvent: {}
[696.096901] (-) TimerEvent: {}
[696.197676] (-) TimerEvent: {}
[696.298433] (-) TimerEvent: {}
[696.399252] (-) TimerEvent: {}
[696.500086] (-) TimerEvent: {}
[696.600912] (-) TimerEvent: {}
[696.701675] (-) TimerEvent: {}
[696.802434] (-) TimerEvent: {}
[696.903278] (-) TimerEvent: {}
[697.004051] (-) TimerEvent: {}
[697.104849] (-) TimerEvent: {}
[697.205606] (-) TimerEvent: {}
[697.306348] (-) TimerEvent: {}
[697.407111] (-) TimerEvent: {}
[697.508056] (-) TimerEvent: {}
[697.609059] (-) TimerEvent: {}
[697.709892] (-) TimerEvent: {}
[697.810677] (-) TimerEvent: {}
[697.911448] (-) TimerEvent: {}
[698.012592] (-) TimerEvent: {}
[698.113412] (-) TimerEvent: {}
[698.214323] (-) TimerEvent: {}
[698.315127] (-) TimerEvent: {}
[698.415915] (-) TimerEvent: {}
[698.516664] (-) TimerEvent: {}
[698.617384] (-) TimerEvent: {}
[698.718131] (-) TimerEvent: {}
[698.818983] (-) TimerEvent: {}
[698.919754] (-) TimerEvent: {}
[699.020675] (-) TimerEvent: {}
[699.121417] (-) TimerEvent: {}
[699.222157] (-) TimerEvent: {}
[699.322943] (-) TimerEvent: {}
[699.423691] (-) TimerEvent: {}
[699.524561] (-) TimerEvent: {}
[699.625286] (-) TimerEvent: {}
[699.726069] (-) TimerEvent: {}
[699.827002] (-) TimerEvent: {}
[699.927805] (-) TimerEvent: {}
[700.028575] (-) TimerEvent: {}
[700.065858] (apriltag_ros) StdoutLine: {'line': b'[ 40%] \x1b[32m\x1b[1mLinking CXX executable apriltag_node\x1b[0m\n'}
[700.128758] (-) TimerEvent: {}
[700.229608] (-) TimerEvent: {}
[700.330609] (-) TimerEvent: {}
[700.431755] (-) TimerEvent: {}
[700.532677] (-) TimerEvent: {}
[700.633528] (-) TimerEvent: {}
[700.734423] (-) TimerEvent: {}
[700.774766] (apriltag_ros) StdoutLine: {'line': b'[ 40%] Built target apriltag_node\n'}
[700.834619] (-) TimerEvent: {}
[700.881826] (apriltag_ros) StdoutLine: {'line': b'[ 50%] \x1b[32mBuilding CXX object CMakeFiles/conversion.dir/src/conversion.cpp.o\x1b[0m\n'}
[700.935031] (-) TimerEvent: {}
[701.036137] (-) TimerEvent: {}
[701.136931] (-) TimerEvent: {}
[701.237777] (-) TimerEvent: {}
[701.338674] (-) TimerEvent: {}
[701.439449] (-) TimerEvent: {}
[701.540195] (-) TimerEvent: {}
[701.640994] (-) TimerEvent: {}
[701.741711] (-) TimerEvent: {}
[701.842502] (-) TimerEvent: {}
[701.943313] (-) TimerEvent: {}
[702.044235] (-) TimerEvent: {}
[702.145112] (-) TimerEvent: {}
[702.245949] (-) TimerEvent: {}
[702.346725] (-) TimerEvent: {}
[702.447543] (-) TimerEvent: {}
[702.548557] (-) TimerEvent: {}
[702.649342] (-) TimerEvent: {}
[702.750202] (-) TimerEvent: {}
[702.851069] (-) TimerEvent: {}
[702.951951] (-) TimerEvent: {}
[703.053194] (-) TimerEvent: {}
[703.154027] (-) TimerEvent: {}
[703.254877] (-) TimerEvent: {}
[703.355669] (-) TimerEvent: {}
[703.456455] (-) TimerEvent: {}
[703.557263] (-) TimerEvent: {}
[703.658047] (-) TimerEvent: {}
[703.758854] (-) TimerEvent: {}
[703.859702] (-) TimerEvent: {}
[703.960545] (-) TimerEvent: {}
[704.061410] (-) TimerEvent: {}
[704.162150] (-) TimerEvent: {}
[704.262939] (-) TimerEvent: {}
[704.363707] (-) TimerEvent: {}
[704.464556] (-) TimerEvent: {}
[704.565388] (-) TimerEvent: {}
[704.666187] (-) TimerEvent: {}
[704.767000] (-) TimerEvent: {}
[704.867813] (-) TimerEvent: {}
[704.968636] (-) TimerEvent: {}
[705.069431] (-) TimerEvent: {}
[705.170238] (-) TimerEvent: {}
[705.271063] (-) TimerEvent: {}
[705.371878] (-) TimerEvent: {}
[705.472701] (-) TimerEvent: {}
[705.573492] (-) TimerEvent: {}
[705.674333] (-) TimerEvent: {}
[705.775100] (-) TimerEvent: {}
[705.875908] (-) TimerEvent: {}
[705.976697] (-) TimerEvent: {}
[706.077456] (-) TimerEvent: {}
[706.178195] (-) TimerEvent: {}
[706.278939] (-) TimerEvent: {}
[706.379721] (-) TimerEvent: {}
[706.480538] (-) TimerEvent: {}
[706.581415] (-) TimerEvent: {}
[706.682228] (-) TimerEvent: {}
[706.782968] (-) TimerEvent: {}
[706.883843] (-) TimerEvent: {}
[706.984652] (-) TimerEvent: {}
[707.085407] (-) TimerEvent: {}
[707.186163] (-) TimerEvent: {}
[707.286942] (-) TimerEvent: {}
[707.387737] (-) TimerEvent: {}
[707.488571] (-) TimerEvent: {}
[707.589340] (-) TimerEvent: {}
[707.690137] (-) TimerEvent: {}
[707.791010] (-) TimerEvent: {}
[707.891797] (-) TimerEvent: {}
[707.992672] (-) TimerEvent: {}
[708.093614] (-) TimerEvent: {}
[708.194456] (-) TimerEvent: {}
[708.295200] (-) TimerEvent: {}
[708.396027] (-) TimerEvent: {}
[708.496865] (-) TimerEvent: {}
[708.597661] (-) TimerEvent: {}
[708.698517] (-) TimerEvent: {}
[708.799305] (-) TimerEvent: {}
[708.900123] (-) TimerEvent: {}
[709.000908] (-) TimerEvent: {}
[709.101709] (-) TimerEvent: {}
[709.202635] (-) TimerEvent: {}
[709.303356] (-) TimerEvent: {}
[709.404125] (-) TimerEvent: {}
[709.504989] (-) TimerEvent: {}
[709.605784] (-) TimerEvent: {}
[709.706616] (-) TimerEvent: {}
[709.807389] (-) TimerEvent: {}
[709.908208] (-) TimerEvent: {}
[710.007788] (apriltag_ros) StdoutLine: {'line': b'[ 60%] \x1b[32m\x1b[1mLinking CXX static library libconversion.a\x1b[0m\n'}
[710.008473] (-) TimerEvent: {}
[710.109203] (-) TimerEvent: {}
[710.196678] (apriltag_ros) StdoutLine: {'line': b'[ 60%] Built target conversion\n'}
[710.209497] (-) TimerEvent: {}
[710.301461] (apriltag_ros) StdoutLine: {'line': b'[ 70%] \x1b[32mBuilding CXX object CMakeFiles/pose_estimation.dir/src/pose_estimation.cpp.o\x1b[0m\n'}
[710.309677] (-) TimerEvent: {}
[710.410414] (-) TimerEvent: {}
[710.511154] (-) TimerEvent: {}
[710.611976] (-) TimerEvent: {}
[710.712759] (-) TimerEvent: {}
[710.813505] (-) TimerEvent: {}
[710.914246] (-) TimerEvent: {}
[711.014980] (-) TimerEvent: {}
[711.115848] (-) TimerEvent: {}
[711.216658] (-) TimerEvent: {}
[711.317460] (-) TimerEvent: {}
[711.418203] (-) TimerEvent: {}
[711.518922] (-) TimerEvent: {}
[711.619834] (-) TimerEvent: {}
[711.720897] (-) TimerEvent: {}
[711.821648] (-) TimerEvent: {}
[711.922422] (-) TimerEvent: {}
[712.023257] (-) TimerEvent: {}
[712.124089] (-) TimerEvent: {}
[712.224903] (-) TimerEvent: {}
[712.325683] (-) TimerEvent: {}
[712.426470] (-) TimerEvent: {}
[712.527295] (-) TimerEvent: {}
[712.628095] (-) TimerEvent: {}
[712.728948] (-) TimerEvent: {}
[712.829716] (-) TimerEvent: {}
[712.930574] (-) TimerEvent: {}
[713.031323] (-) TimerEvent: {}
[713.132356] (-) TimerEvent: {}
[713.233223] (-) TimerEvent: {}
[713.334034] (-) TimerEvent: {}
[713.434830] (-) TimerEvent: {}
[713.535677] (-) TimerEvent: {}
[713.636537] (-) TimerEvent: {}
[713.737341] (-) TimerEvent: {}
[713.838129] (-) TimerEvent: {}
[713.938944] (-) TimerEvent: {}
[714.039722] (-) TimerEvent: {}
[714.140566] (-) TimerEvent: {}
[714.241345] (-) TimerEvent: {}
[714.342124] (-) TimerEvent: {}
[714.442944] (-) TimerEvent: {}
[714.543712] (-) TimerEvent: {}
[714.644538] (-) TimerEvent: {}
[714.745323] (-) TimerEvent: {}
[714.846130] (-) TimerEvent: {}
[714.946966] (-) TimerEvent: {}
[715.047760] (-) TimerEvent: {}
[715.148616] (-) TimerEvent: {}
[715.249372] (-) TimerEvent: {}
[715.350155] (-) TimerEvent: {}
[715.450957] (-) TimerEvent: {}
[715.551727] (-) TimerEvent: {}
[715.652588] (-) TimerEvent: {}
[715.753372] (-) TimerEvent: {}
[715.854224] (-) TimerEvent: {}
[715.954989] (-) TimerEvent: {}
[716.055756] (-) TimerEvent: {}
[716.156598] (-) TimerEvent: {}
[716.257450] (-) TimerEvent: {}
[716.358322] (-) TimerEvent: {}
[716.459136] (-) TimerEvent: {}
[716.559930] (-) TimerEvent: {}
[716.660749] (-) TimerEvent: {}
[716.761498] (-) TimerEvent: {}
[716.862278] (-) TimerEvent: {}
[716.963119] (-) TimerEvent: {}
[717.063889] (-) TimerEvent: {}
[717.164704] (-) TimerEvent: {}
[717.265517] (-) TimerEvent: {}
[717.366317] (-) TimerEvent: {}
[717.467151] (-) TimerEvent: {}
[717.567956] (-) TimerEvent: {}
[717.668764] (-) TimerEvent: {}
[717.769536] (-) TimerEvent: {}
[717.870311] (-) TimerEvent: {}
[717.971131] (-) TimerEvent: {}
[718.071940] (-) TimerEvent: {}
[718.172752] (-) TimerEvent: {}
[718.273580] (-) TimerEvent: {}
[718.374370] (-) TimerEvent: {}
[718.475208] (-) TimerEvent: {}
[718.576020] (-) TimerEvent: {}
[718.676822] (-) TimerEvent: {}
[718.777653] (-) TimerEvent: {}
[718.878429] (-) TimerEvent: {}
[718.979287] (-) TimerEvent: {}
[719.080139] (-) TimerEvent: {}
[719.173561] (apriltag_ros) StdoutLine: {'line': b'[ 80%] \x1b[32m\x1b[1mLinking CXX static library libpose_estimation.a\x1b[0m\n'}
[719.180404] (-) TimerEvent: {}
[719.281233] (-) TimerEvent: {}
[719.344325] (apriltag_ros) StdoutLine: {'line': b'[ 80%] Built target pose_estimation\n'}
[719.381467] (-) TimerEvent: {}
[719.453442] (apriltag_ros) StdoutLine: {'line': b'[ 90%] \x1b[32mBuilding CXX object CMakeFiles/AprilTagNode.dir/src/AprilTagNode.cpp.o\x1b[0m\n'}
[719.481700] (-) TimerEvent: {}
[719.582534] (-) TimerEvent: {}
[719.683286] (-) TimerEvent: {}
[719.784003] (-) TimerEvent: {}
[719.884777] (-) TimerEvent: {}
[719.985472] (-) TimerEvent: {}
[720.086160] (-) TimerEvent: {}
[720.186880] (-) TimerEvent: {}
[720.287574] (-) TimerEvent: {}
[720.388354] (-) TimerEvent: {}
[720.489086] (-) TimerEvent: {}
[720.589845] (-) TimerEvent: {}
[720.690613] (-) TimerEvent: {}
[720.791332] (-) TimerEvent: {}
[720.892034] (-) TimerEvent: {}
[720.992827] (-) TimerEvent: {}
[721.093669] (-) TimerEvent: {}
[721.194644] (-) TimerEvent: {}
[721.295330] (-) TimerEvent: {}
[721.396066] (-) TimerEvent: {}
[721.496928] (-) TimerEvent: {}
[721.597735] (-) TimerEvent: {}
[721.698433] (-) TimerEvent: {}
[721.799120] (-) TimerEvent: {}
[721.899826] (-) TimerEvent: {}
[722.000571] (-) TimerEvent: {}
[722.101304] (-) TimerEvent: {}
[722.201994] (-) TimerEvent: {}
[722.302669] (-) TimerEvent: {}
[722.403375] (-) TimerEvent: {}
[722.504064] (-) TimerEvent: {}
[722.604825] (-) TimerEvent: {}
[722.705676] (-) TimerEvent: {}
[722.806363] (-) TimerEvent: {}
[722.907070] (-) TimerEvent: {}
[723.007747] (-) TimerEvent: {}
[723.108614] (-) TimerEvent: {}
[723.209418] (-) TimerEvent: {}
[723.310180] (-) TimerEvent: {}
[723.411222] (-) TimerEvent: {}
[723.511991] (-) TimerEvent: {}
[723.612841] (-) TimerEvent: {}
[723.713616] (-) TimerEvent: {}
[723.814568] (-) TimerEvent: {}
[723.915368] (-) TimerEvent: {}
[724.016224] (-) TimerEvent: {}
[724.117103] (-) TimerEvent: {}
[724.217865] (-) TimerEvent: {}
[724.318672] (-) TimerEvent: {}
[724.419471] (-) TimerEvent: {}
[724.520246] (-) TimerEvent: {}
[724.621083] (-) TimerEvent: {}
[724.721962] (-) TimerEvent: {}
[724.822758] (-) TimerEvent: {}
[724.923560] (-) TimerEvent: {}
[725.024437] (-) TimerEvent: {}
[725.125276] (-) TimerEvent: {}
[725.226048] (-) TimerEvent: {}
[725.326845] (-) TimerEvent: {}
[725.427616] (-) TimerEvent: {}
[725.528402] (-) TimerEvent: {}
[725.629293] (-) TimerEvent: {}
[725.730085] (-) TimerEvent: {}
[725.830843] (-) TimerEvent: {}
[725.931659] (-) TimerEvent: {}
[726.032416] (-) TimerEvent: {}
[726.133261] (-) TimerEvent: {}
[726.234025] (-) TimerEvent: {}
[726.334807] (-) TimerEvent: {}
[726.435722] (-) TimerEvent: {}
[726.536664] (-) TimerEvent: {}
[726.637464] (-) TimerEvent: {}
[726.738249] (-) TimerEvent: {}
[726.839059] (-) TimerEvent: {}
[726.939868] (-) TimerEvent: {}
[727.040687] (-) TimerEvent: {}
[727.141525] (-) TimerEvent: {}
[727.242418] (-) TimerEvent: {}
[727.343222] (-) TimerEvent: {}
[727.444098] (-) TimerEvent: {}
[727.544979] (-) TimerEvent: {}
[727.645736] (-) TimerEvent: {}
[727.746507] (-) TimerEvent: {}
[727.847321] (-) TimerEvent: {}
[727.948119] (-) TimerEvent: {}
[728.048965] (-) TimerEvent: {}
[728.149733] (-) TimerEvent: {}
[728.250541] (-) TimerEvent: {}
[728.351322] (-) TimerEvent: {}
[728.452222] (-) TimerEvent: {}
[728.553244] (-) TimerEvent: {}
[728.654035] (-) TimerEvent: {}
[728.754840] (-) TimerEvent: {}
[728.855672] (-) TimerEvent: {}
[728.956533] (-) TimerEvent: {}
[729.057322] (-) TimerEvent: {}
[729.158123] (-) TimerEvent: {}
[729.258955] (-) TimerEvent: {}
[729.359775] (-) TimerEvent: {}
[729.460623] (-) TimerEvent: {}
[729.561368] (-) TimerEvent: {}
[729.662142] (-) TimerEvent: {}
[729.762969] (-) TimerEvent: {}
[729.863754] (-) TimerEvent: {}
[729.964622] (-) TimerEvent: {}
[730.065367] (-) TimerEvent: {}
[730.166177] (-) TimerEvent: {}
[730.267057] (-) TimerEvent: {}
[730.367907] (-) TimerEvent: {}
[730.468761] (-) TimerEvent: {}
[730.569541] (-) TimerEvent: {}
[730.670349] (-) TimerEvent: {}
[730.771149] (-) TimerEvent: {}
[730.871933] (-) TimerEvent: {}
[730.972822] (-) TimerEvent: {}
[731.073604] (-) TimerEvent: {}
[731.174398] (-) TimerEvent: {}
[731.275301] (-) TimerEvent: {}
[731.376063] (-) TimerEvent: {}
[731.476944] (-) TimerEvent: {}
[731.577696] (-) TimerEvent: {}
[731.678472] (-) TimerEvent: {}
[731.779269] (-) TimerEvent: {}
[731.880062] (-) TimerEvent: {}
[731.980924] (-) TimerEvent: {}
[732.081700] (-) TimerEvent: {}
[732.182467] (-) TimerEvent: {}
[732.283237] (-) TimerEvent: {}
[732.384054] (-) TimerEvent: {}
[732.484928] (-) TimerEvent: {}
[732.585719] (-) TimerEvent: {}
[732.686508] (-) TimerEvent: {}
[732.787258] (-) TimerEvent: {}
[732.888068] (-) TimerEvent: {}
[732.989027] (-) TimerEvent: {}
[733.089813] (-) TimerEvent: {}
[733.190588] (-) TimerEvent: {}
[733.291372] (-) TimerEvent: {}
[733.392255] (-) TimerEvent: {}
[733.493101] (-) TimerEvent: {}
[733.593917] (-) TimerEvent: {}
[733.694699] (-) TimerEvent: {}
[733.795475] (-) TimerEvent: {}
[733.896333] (-) TimerEvent: {}
[733.997142] (-) TimerEvent: {}
[734.097896] (-) TimerEvent: {}
[734.198666] (-) TimerEvent: {}
[734.299432] (-) TimerEvent: {}
[734.400278] (-) TimerEvent: {}
[734.501103] (-) TimerEvent: {}
[734.601906] (-) TimerEvent: {}
[734.703199] (-) TimerEvent: {}
[734.804054] (-) TimerEvent: {}
[734.904860] (-) TimerEvent: {}
[735.005661] (-) TimerEvent: {}
[735.106445] (-) TimerEvent: {}
[735.207212] (-) TimerEvent: {}
[735.308019] (-) TimerEvent: {}
[735.408797] (-) TimerEvent: {}
[735.509559] (-) TimerEvent: {}
[735.610377] (-) TimerEvent: {}
[735.711167] (-) TimerEvent: {}
[735.812114] (-) TimerEvent: {}
[735.913037] (-) TimerEvent: {}
[736.013830] (-) TimerEvent: {}
[736.114606] (-) TimerEvent: {}
[736.215386] (-) TimerEvent: {}
[736.316323] (-) TimerEvent: {}
[736.417296] (-) TimerEvent: {}
[736.518063] (-) TimerEvent: {}
[736.618857] (-) TimerEvent: {}
[736.719712] (-) TimerEvent: {}
[736.820577] (-) TimerEvent: {}
[736.921368] (-) TimerEvent: {}
[737.022150] (-) TimerEvent: {}
[737.122912] (-) TimerEvent: {}
[737.223738] (-) TimerEvent: {}
[737.324581] (-) TimerEvent: {}
[737.425362] (-) TimerEvent: {}
[737.526146] (-) TimerEvent: {}
[737.626919] (-) TimerEvent: {}
[737.727775] (-) TimerEvent: {}
[737.828592] (-) TimerEvent: {}
[737.929368] (-) TimerEvent: {}
[738.030144] (-) TimerEvent: {}
[738.130920] (-) TimerEvent: {}
[738.231767] (-) TimerEvent: {}
[738.332570] (-) TimerEvent: {}
[738.433344] (-) TimerEvent: {}
[738.534125] (-) TimerEvent: {}
[738.635148] (-) TimerEvent: {}
[738.735941] (-) TimerEvent: {}
[738.836731] (-) TimerEvent: {}
[738.937489] (-) TimerEvent: {}
[739.038251] (-) TimerEvent: {}
[739.139032] (-) TimerEvent: {}
[739.239863] (-) TimerEvent: {}
[739.340697] (-) TimerEvent: {}
[739.441482] (-) TimerEvent: {}
[739.542304] (-) TimerEvent: {}
[739.643126] (-) TimerEvent: {}
[739.743886] (-) TimerEvent: {}
[739.844664] (-) TimerEvent: {}
[739.945417] (-) TimerEvent: {}
[740.046233] (-) TimerEvent: {}
[740.147023] (-) TimerEvent: {}
[740.247881] (-) TimerEvent: {}
[740.348703] (-) TimerEvent: {}
[740.449521] (-) TimerEvent: {}
[740.550341] (-) TimerEvent: {}
[740.651241] (-) TimerEvent: {}
[740.752185] (-) TimerEvent: {}
[740.853149] (-) TimerEvent: {}
[740.953925] (-) TimerEvent: {}
[741.054706] (-) TimerEvent: {}
[741.155571] (-) TimerEvent: {}
[741.256347] (-) TimerEvent: {}
[741.357150] (-) TimerEvent: {}
[741.457892] (-) TimerEvent: {}
[741.558644] (-) TimerEvent: {}
[741.659506] (-) TimerEvent: {}
[741.760262] (-) TimerEvent: {}
[741.861076] (-) TimerEvent: {}
[741.961850] (-) TimerEvent: {}
[742.062590] (-) TimerEvent: {}
[742.163437] (-) TimerEvent: {}
[742.264227] (-) TimerEvent: {}
[742.365043] (-) TimerEvent: {}
[742.465814] (-) TimerEvent: {}
[742.566586] (-) TimerEvent: {}
[742.667430] (-) TimerEvent: {}
[742.768196] (-) TimerEvent: {}
[742.869026] (-) TimerEvent: {}
[742.969741] (-) TimerEvent: {}
[743.070520] (-) TimerEvent: {}
[743.171320] (-) TimerEvent: {}
[743.272087] (-) TimerEvent: {}
[743.372873] (-) TimerEvent: {}
[743.473679] (-) TimerEvent: {}
[743.574425] (-) TimerEvent: {}
[743.675224] (-) TimerEvent: {}
[743.776073] (-) TimerEvent: {}
[743.876875] (-) TimerEvent: {}
[743.977610] (-) TimerEvent: {}
[744.078402] (-) TimerEvent: {}
[744.179265] (-) TimerEvent: {}
[744.280063] (-) TimerEvent: {}
[744.380880] (-) TimerEvent: {}
[744.481649] (-) TimerEvent: {}
[744.582419] (-) TimerEvent: {}
[744.683163] (-) TimerEvent: {}
[744.783935] (-) TimerEvent: {}
[744.884698] (-) TimerEvent: {}
[744.985448] (-) TimerEvent: {}
[745.086222] (-) TimerEvent: {}
[745.186957] (-) TimerEvent: {}
[745.287818] (-) TimerEvent: {}
[745.388635] (-) TimerEvent: {}
[745.489398] (-) TimerEvent: {}
[745.590175] (-) TimerEvent: {}
[745.690986] (-) TimerEvent: {}
[745.791826] (-) TimerEvent: {}
[745.892625] (-) TimerEvent: {}
[745.993360] (-) TimerEvent: {}
[746.094094] (-) TimerEvent: {}
[746.194894] (-) TimerEvent: {}
[746.295617] (-) TimerEvent: {}
[746.396391] (-) TimerEvent: {}
[746.497326] (-) TimerEvent: {}
[746.598379] (-) TimerEvent: {}
[746.699222] (-) TimerEvent: {}
[746.799998] (-) TimerEvent: {}
[746.900798] (-) TimerEvent: {}
[747.001595] (-) TimerEvent: {}
[747.102381] (-) TimerEvent: {}
[747.203150] (-) TimerEvent: {}
[747.303960] (-) TimerEvent: {}
[747.404729] (-) TimerEvent: {}
[747.505518] (-) TimerEvent: {}
[747.606292] (-) TimerEvent: {}
[747.707047] (-) TimerEvent: {}
[747.807974] (-) TimerEvent: {}
[747.909248] (-) TimerEvent: {}
[748.010175] (-) TimerEvent: {}
[748.111778] (-) TimerEvent: {}
[748.163494] (apriltag_ros) StdoutLine: {'line': b'[100%] \x1b[32m\x1b[1mLinking CXX shared library libAprilTagNode.so\x1b[0m\n'}
[748.211999] (-) TimerEvent: {}
[748.313003] (-) TimerEvent: {}
[748.413941] (-) TimerEvent: {}
[748.515126] (-) TimerEvent: {}
[748.615988] (-) TimerEvent: {}
[748.716939] (-) TimerEvent: {}
[748.818053] (-) TimerEvent: {}
[748.918969] (-) TimerEvent: {}
[749.019930] (-) TimerEvent: {}
[749.120848] (-) TimerEvent: {}
[749.221812] (-) TimerEvent: {}
[749.323199] (-) TimerEvent: {}
[749.424271] (-) TimerEvent: {}
[749.525744] (-) TimerEvent: {}
[749.626807] (-) TimerEvent: {}
[749.728067] (-) TimerEvent: {}
[749.829295] (-) TimerEvent: {}
[749.930689] (-) TimerEvent: {}
[750.032199] (-) TimerEvent: {}
[750.133679] (-) TimerEvent: {}
[750.235167] (-) TimerEvent: {}
[750.336573] (-) TimerEvent: {}
[750.437538] (-) TimerEvent: {}
[750.538672] (-) TimerEvent: {}
[750.640055] (-) TimerEvent: {}
[750.741031] (-) TimerEvent: {}
[750.842048] (-) TimerEvent: {}
[750.942957] (-) TimerEvent: {}
[751.043879] (-) TimerEvent: {}
[751.144805] (-) TimerEvent: {}
[751.245768] (-) TimerEvent: {}
[751.346619] (-) TimerEvent: {}
[751.447305] (-) TimerEvent: {}
[751.548021] (-) TimerEvent: {}
[751.648852] (-) TimerEvent: {}
[751.749688] (-) TimerEvent: {}
[751.850421] (-) TimerEvent: {}
[751.937592] (apriltag_ros) StdoutLine: {'line': b'[100%] Built target AprilTagNode\n'}
[751.950626] (-) TimerEvent: {}
[751.987059] (apriltag_ros) CommandEnded: {'returncode': 0}
[751.990281] (apriltag_ros) JobProgress: {'identifier': 'apriltag_ros', 'progress': 'install'}
[751.991664] (apriltag_ros) Command: {'cmd': ['/usr/bin/cmake', '--install', '/home/xavier/Developer/aquas-ROS-apriltags/build/apriltag_ros'], 'cwd': '/home/xavier/Developer/aquas-ROS-apriltags/build/apriltag_ros', 'env': OrderedDict([('LESSOPEN', '| /usr/bin/lesspipe %s'), ('USER', 'xavier'), ('SSH_CLIENT', '10.207.118.216 33162 22'), ('XDG_SESSION_TYPE', 'tty'), ('SHLVL', '1'), ('LD_LIBRARY_PATH', '/home/xavier/Developer/aquas-ROS-apriltags/install/image_transport/lib:/home/xavier/Developer/aquas-ROS-apriltags/install/apriltag/lib:/opt/ros/humble/opt/rviz_ogre_vendor/lib:/opt/ros/humble/lib/aarch64-linux-gnu:/opt/ros/humble/lib'), ('MOTD_SHOWN', 'pam'), ('HOME', '/home/xavier'), ('OLDPWD', '/home/xavier/Developer'), ('SSH_TTY', '/dev/pts/0'), ('ROS_PYTHON_VERSION', '3'), ('DBUS_SESSION_BUS_ADDRESS', 'unix:path=/run/user/1002/bus'), ('ROS_DISTRO', 'humble'), ('LOGNAME', 'xavier'), ('_', '/usr/bin/colcon'), ('ROS_VERSION', '2'), ('XDG_SESSION_CLASS', 'user'), ('PKG_CONFIG_PATH', '/home/xavier/Developer/aquas-ROS-apriltags/install/apriltag/lib/aarch64-linux-gnu/pkgconfig:/home/xavier/Developer/aquas-ROS-apriltags/install/apriltag/lib/pkgconfig'), ('TERM', 'xterm-kitty'), ('XDG_SESSION_ID', '10'), ('ROS_LOCALHOST_ONLY', '0'), ('PATH', '/home/xavier/Developer/aquas-ROS-apriltags/install/apriltag/bin:/opt/ros/humble/bin:/usr/local/sbin:/usr/local/bin:/usr/sbin:/usr/bin:/sbin:/bin:/usr/games:/usr/local/games:/snap/bin'), ('XDG_RUNTIME_DIR', '/run/user/1002'), ('LANG', 'en_US.UTF-8'), ('LS_COLORS', 'rs=0:di=01;34:ln=01;36:mh=00:pi=40;33:so=01;35:do=01;35:bd=40;33;01:cd=40;33;01:or=40;31;01:mi=00:su=37;41:sg=30;43:ca=30;41:tw=30;42:ow=34;42:st=37;44:ex=01;32:*.tar=01;31:*.tgz=01;31:*.arc=01;31:*.arj=01;31:*.taz=01;31:*.lha=01;31:*.lz4=01;31:*.lzh=01;31:*.lzma=01;31:*.tlz=01;31:*.txz=01;31:*.tzo=01;31:*.t7z=01;31:*.zip=01;31:*.z=01;31:*.dz=01;31:*.gz=01;31:*.lrz=01;31:*.lz=01;31:*.lzo=01;31:*.xz=01;31:*.zst=01;31:*.tzst=01;31:*.bz2=01;31:*.bz=01;31:*.tbz=01;31:*.tbz2=01;31:*.tz=01;31:*.deb=01;31:*.rpm=01;31:*.jar=01;31:*.war=01;31:*.ear=01;31:*.sar=01;31:*.rar=01;31:*.alz=01;31:*.ace=01;31:*.zoo=01;31:*.cpio=01;31:*.7z=01;31:*.rz=01;31:*.cab=01;31:*.wim=01;31:*.swm=01;31:*.dwm=01;31:*.esd=01;31:*.jpg=01;35:*.jpeg=01;35:*.mjpg=01;35:*.mjpeg=01;35:*.gif=01;35:*.bmp=01;35:*.pbm=01;35:*.pgm=01;35:*.ppm=01;35:*.tga=01;35:*.xbm=01;35:*.xpm=01;35:*.tif=01;35:*.tiff=01;35:*.png=01;35:*.svg=01;35:*.svgz=01;35:*.mng=01;35:*.pcx=01;35:*.mov=01;35:*.mpg=01;35:*.mpeg=01;35:*.m2v=01;35:*.mkv=01;35:*.webm=01;35:*.webp=01;35:*.ogm=01;35:*.mp4=01;35:*.m4v=01;35:*.mp4v=01;35:*.vob=01;35:*.qt=01;35:*.nuv=01;35:*.wmv=01;35:*.asf=01;35:*.rm=01;35:*.rmvb=01;35:*.flc=01;35:*.avi=01;35:*.fli=01;35:*.flv=01;35:*.gl=01;35:*.dl=01;35:*.xcf=01;35:*.xwd=01;35:*.yuv=01;35:*.cgm=01;35:*.emf=01;35:*.ogv=01;35:*.ogx=01;35:*.aac=00;36:*.au=00;36:*.flac=00;36:*.m4a=00;36:*.mid=00;36:*.midi=00;36:*.mka=00;36:*.mp3=00;36:*.mpc=00;36:*.ogg=00;36:*.ra=00;36:*.wav=00;36:*.oga=00;36:*.opus=00;36:*.spx=00;36:*.xspf=00;36:'), ('ROS_DOMAIN_ID', '101'), ('AMENT_PREFIX_PATH', '/home/xavier/Developer/aquas-ROS-apriltags/install/image_transport:/opt/ros/humble'), ('SHELL', '/bin/bash'), ('LESSCLOSE', '/usr/bin/lesspipe %s %s'), ('PWD', '/home/xavier/Developer/aquas-ROS-apriltags/build/apriltag_ros'), ('SSH_CONNECTION', '10.207.118.216 33162 10.207.26.163 22'), ('XDG_DATA_DIRS', '/usr/share/gnome:/usr/local/share:/usr/share:/var/lib/snapd/desktop'), ('PYTHONPATH', '/home/xavier/Developer/aquas-ROS-apriltags/install/apriltag/lib/python3.10/site-packages:/opt/ros/humble/lib/python3.10/site-packages:/opt/ros/humble/local/lib/python3.10/dist-packages'), ('COLCON', '1'), ('CMAKE_PREFIX_PATH', '/home/xavier/Developer/aquas-ROS-apriltags/install/image_transport:/home/xavier/Developer/aquas-ROS-apriltags/install/apriltag:/opt/ros/humble')]), 'shell': False}
[752.032807] (apriltag_ros) StdoutLine: {'line': b'-- Install configuration: ""\n'}
[752.033855] (apriltag_ros) StdoutLine: {'line': b'-- Installing: /home/xavier/Developer/aquas-ROS-apriltags/install/apriltag_ros/lib/apriltag_ros/apriltag_node\n'}
[752.039070] (apriltag_ros) StdoutLine: {'line': b'-- Set runtime path of "/home/xavier/Developer/aquas-ROS-apriltags/install/apriltag_ros/lib/apriltag_ros/apriltag_node" to ""\n'}
[752.040026] (apriltag_ros) StdoutLine: {'line': b'-- Installing: /home/xavier/Developer/aquas-ROS-apriltags/install/apriltag_ros/share/apriltag_ros/environment/library_path.sh\n'}
[752.041961] (apriltag_ros) StdoutLine: {'line': b'-- Installing: /home/xavier/Developer/aquas-ROS-apriltags/install/apriltag_ros/share/apriltag_ros/environment/library_path.dsv\n'}
[752.043530] (apriltag_ros) StdoutLine: {'line': b'-- Installing: /home/xavier/Developer/aquas-ROS-apriltags/install/apriltag_ros/lib/libAprilTagNode.so\n'}
[752.050787] (-) TimerEvent: {}
[752.071730] (apriltag_ros) StdoutLine: {'line': b'-- Set runtime path of "/home/xavier/Developer/aquas-ROS-apriltags/install/apriltag_ros/lib/libAprilTagNode.so" to ""\n'}
[752.072373] (apriltag_ros) StdoutLine: {'line': b'-- Installing: /home/xavier/Developer/aquas-ROS-apriltags/install/apriltag_ros/share/apriltag_ros/cfg\n'}
[752.072902] (apriltag_ros) StdoutLine: {'line': b'-- Installing: /home/xavier/Developer/aquas-ROS-apriltags/install/apriltag_ros/share/apriltag_ros/cfg/tags_36h11.yaml\n'}
[752.077141] (apriltag_ros) StdoutLine: {'line': b'-- Installing: /home/xavier/Developer/aquas-ROS-apriltags/install/apriltag_ros/share/apriltag_ros/launch\n'}
[752.077906] (apriltag_ros) StdoutLine: {'line': b'-- Installing: /home/xavier/Developer/aquas-ROS-apriltags/install/apriltag_ros/share/apriltag_ros/launch/camera_36h11.launch.yml\n'}
[752.081032] (apriltag_ros) StdoutLine: {'line': b'-- Installing: /home/xavier/Developer/aquas-ROS-apriltags/install/apriltag_ros/share/ament_index/resource_index/package_run_dependencies/apriltag_ros\n'}
[752.084031] (apriltag_ros) StdoutLine: {'line': b'-- Installing: /home/xavier/Developer/aquas-ROS-apriltags/install/apriltag_ros/share/ament_index/resource_index/parent_prefix_path/apriltag_ros\n'}
[752.086464] (apriltag_ros) StdoutLine: {'line': b'-- Installing: /home/xavier/Developer/aquas-ROS-apriltags/install/apriltag_ros/share/apriltag_ros/environment/ament_prefix_path.sh\n'}
[752.088770] (apriltag_ros) StdoutLine: {'line': b'-- Installing: /home/xavier/Developer/aquas-ROS-apriltags/install/apriltag_ros/share/apriltag_ros/environment/ament_prefix_path.dsv\n'}
[752.090793] (apriltag_ros) StdoutLine: {'line': b'-- Installing: /home/xavier/Developer/aquas-ROS-apriltags/install/apriltag_ros/share/apriltag_ros/environment/path.sh\n'}
[752.092190] (apriltag_ros) StdoutLine: {'line': b'-- Installing: /home/xavier/Developer/aquas-ROS-apriltags/install/apriltag_ros/share/apriltag_ros/environment/path.dsv\n'}
[752.093681] (apriltag_ros) StdoutLine: {'line': b'-- Installing: /home/xavier/Developer/aquas-ROS-apriltags/install/apriltag_ros/share/apriltag_ros/local_setup.bash\n'}
[752.095085] (apriltag_ros) StdoutLine: {'line': b'-- Installing: /home/xavier/Developer/aquas-ROS-apriltags/install/apriltag_ros/share/apriltag_ros/local_setup.sh\n'}
[752.096559] (apriltag_ros) StdoutLine: {'line': b'-- Installing: /home/xavier/Developer/aquas-ROS-apriltags/install/apriltag_ros/share/apriltag_ros/local_setup.zsh\n'}
[752.097983] (apriltag_ros) StdoutLine: {'line': b'-- Installing: /home/xavier/Developer/aquas-ROS-apriltags/install/apriltag_ros/share/apriltag_ros/local_setup.dsv\n'}
[752.099401] (apriltag_ros) StdoutLine: {'line': b'-- Installing: /home/xavier/Developer/aquas-ROS-apriltags/install/apriltag_ros/share/apriltag_ros/package.dsv\n'}
[752.101217] (apriltag_ros) StdoutLine: {'line': b'-- Installing: /home/xavier/Developer/aquas-ROS-apriltags/install/apriltag_ros/share/ament_index/resource_index/packages/apriltag_ros\n'}
[752.103090] (apriltag_ros) StdoutLine: {'line': b'-- Installing: /home/xavier/Developer/aquas-ROS-apriltags/install/apriltag_ros/share/ament_index/resource_index/rclcpp_components/apriltag_ros\n'}
[752.105008] (apriltag_ros) StdoutLine: {'line': b'-- Installing: /home/xavier/Developer/aquas-ROS-apriltags/install/apriltag_ros/share/apriltag_ros/cmake/apriltag_rosConfig.cmake\n'}
[752.106299] (apriltag_ros) StdoutLine: {'line': b'-- Installing: /home/xavier/Developer/aquas-ROS-apriltags/install/apriltag_ros/share/apriltag_ros/cmake/apriltag_rosConfig-version.cmake\n'}
[752.107780] (apriltag_ros) StdoutLine: {'line': b'-- Installing: /home/xavier/Developer/aquas-ROS-apriltags/install/apriltag_ros/share/apriltag_ros/package.xml\n'}
[752.114656] (apriltag_ros) CommandEnded: {'returncode': 0}
[752.150939] (-) TimerEvent: {}
[752.203570] (apriltag_ros) JobEnded: {'identifier': 'apriltag_ros', 'rc': 0}
[752.209609] (-) EventReactorShutdown: {}
