[1.354s] DEBUG:colcon:Command line arguments: ['/usr/bin/colcon', 'build']
[1.355s] DEBUG:colcon:Parsed command line arguments: Namespace(log_base=None, log_level=None, verb_name='build', build_base='build', install_base='install', merge_install=False, symlink_install=False, test_result_base=None, continue_on_error=False, executor='parallel', parallel_workers=4, event_handlers=None, ignore_user_meta=False, metas=['./colcon.meta'], base_paths=['.'], packages_ignore=None, packages_ignore_regex=None, paths=None, packages_up_to=None, packages_up_to_regex=None, packages_above=None, packages_above_and_dependencies=None, packages_above_depth=None, packages_select_by_dep=None, packages_skip_by_dep=None, packages_skip_up_to=None, packages_select_build_failed=False, packages_skip_build_finished=False, packages_select_test_failures=False, packages_skip_test_passed=False, packages_select=None, packages_skip=None, packages_select_regex=None, packages_skip_regex=None, packages_start=None, packages_end=None, allow_overriding=[], cmake_args=None, cmake_target=None, cmake_target_skip_unavailable=False, cmake_clean_cache=False, cmake_clean_first=False, cmake_force_configure=False, ament_cmake_args=None, catkin_cmake_args=None, catkin_skip_building_tests=False, verb_parser=<colcon_defaults.argument_parser.defaults.DefaultArgumentsDecorator object at 0xffff93aa7010>, verb_extension=<colcon_core.verb.build.BuildVerb object at 0xffff93c9c400>, main=<bound method BuildVerb.main of <colcon_core.verb.build.BuildVerb object at 0xffff93c9c400>>)
[2.795s] Level 1:colcon.colcon_core.package_discovery:discover_packages(colcon_meta) check parameters
[2.796s] Level 1:colcon.colcon_core.package_discovery:discover_packages(recursive) check parameters
[2.796s] Level 1:colcon.colcon_core.package_discovery:discover_packages(ignore) check parameters
[2.796s] Level 1:colcon.colcon_core.package_discovery:discover_packages(path) check parameters
[2.796s] Level 1:colcon.colcon_core.package_discovery:discover_packages(colcon_meta) discover
[2.797s] Level 1:colcon.colcon_core.package_discovery:discover_packages(recursive) discover
[2.797s] INFO:colcon.colcon_core.package_discovery:Crawling recursively for packages in '/home/xavier/Developer/aquas-ROS-apriltags'
[2.798s] Level 1:colcon.colcon_core.package_identification:_identify(.) by extensions ['ignore', 'ignore_ament_install']
[2.798s] Level 1:colcon.colcon_core.package_identification:_identify(.) by extension 'ignore'
[2.798s] Level 1:colcon.colcon_core.package_identification:_identify(.) by extension 'ignore_ament_install'
[2.799s] Level 1:colcon.colcon_core.package_identification:_identify(.) by extensions ['colcon_pkg']
[2.799s] Level 1:colcon.colcon_core.package_identification:_identify(.) by extension 'colcon_pkg'
[2.799s] Level 1:colcon.colcon_core.package_identification:_identify(.) by extensions ['colcon_meta']
[2.799s] Level 1:colcon.colcon_core.package_identification:_identify(.) by extension 'colcon_meta'
[2.800s] Level 1:colcon.colcon_core.package_identification:_identify(.) by extensions ['ros']
[2.800s] Level 1:colcon.colcon_core.package_identification:_identify(.) by extension 'ros'
[2.884s] Level 1:colcon.colcon_core.package_identification:_identify(.) by extensions ['cmake', 'python']
[2.884s] Level 1:colcon.colcon_core.package_identification:_identify(.) by extension 'cmake'
[2.885s] Level 1:colcon.colcon_core.package_identification:_identify(.) by extension 'python'
[2.885s] Level 1:colcon.colcon_core.package_identification:_identify(.) by extensions ['python_setup_py']
[2.885s] Level 1:colcon.colcon_core.package_identification:_identify(.) by extension 'python_setup_py'
[2.886s] Level 1:colcon.colcon_core.package_identification:_identify(build) by extensions ['ignore', 'ignore_ament_install']
[2.886s] Level 1:colcon.colcon_core.package_identification:_identify(build) by extension 'ignore'
[2.886s] Level 1:colcon.colcon_core.package_identification:_identify(build) ignored
[2.887s] Level 1:colcon.colcon_core.package_identification:_identify(install) by extensions ['ignore', 'ignore_ament_install']
[2.887s] Level 1:colcon.colcon_core.package_identification:_identify(install) by extension 'ignore'
[2.888s] Level 1:colcon.colcon_core.package_identification:_identify(install) ignored
[2.888s] Level 1:colcon.colcon_core.package_identification:_identify(log) by extensions ['ignore', 'ignore_ament_install']
[2.889s] Level 1:colcon.colcon_core.package_identification:_identify(log) by extension 'ignore'
[2.889s] Level 1:colcon.colcon_core.package_identification:_identify(log) ignored
[2.889s] Level 1:colcon.colcon_core.package_identification:_identify(src) by extensions ['ignore', 'ignore_ament_install']
[2.890s] Level 1:colcon.colcon_core.package_identification:_identify(src) by extension 'ignore'
[2.890s] Level 1:colcon.colcon_core.package_identification:_identify(src) by extension 'ignore_ament_install'
[2.890s] Level 1:colcon.colcon_core.package_identification:_identify(src) by extensions ['colcon_pkg']
[2.890s] Level 1:colcon.colcon_core.package_identification:_identify(src) by extension 'colcon_pkg'
[2.890s] Level 1:colcon.colcon_core.package_identification:_identify(src) by extensions ['colcon_meta']
[2.891s] Level 1:colcon.colcon_core.package_identification:_identify(src) by extension 'colcon_meta'
[2.891s] Level 1:colcon.colcon_core.package_identification:_identify(src) by extensions ['ros']
[2.891s] Level 1:colcon.colcon_core.package_identification:_identify(src) by extension 'ros'
[2.891s] Level 1:colcon.colcon_core.package_identification:_identify(src) by extensions ['cmake', 'python']
[2.891s] Level 1:colcon.colcon_core.package_identification:_identify(src) by extension 'cmake'
[2.892s] Level 1:colcon.colcon_core.package_identification:_identify(src) by extension 'python'
[2.892s] Level 1:colcon.colcon_core.package_identification:_identify(src) by extensions ['python_setup_py']
[2.892s] Level 1:colcon.colcon_core.package_identification:_identify(src) by extension 'python_setup_py'
[2.896s] Level 1:colcon.colcon_core.package_identification:_identify(src/apriltag) by extensions ['ignore', 'ignore_ament_install']
[2.897s] Level 1:colcon.colcon_core.package_identification:_identify(src/apriltag) by extension 'ignore'
[2.897s] Level 1:colcon.colcon_core.package_identification:_identify(src/apriltag) by extension 'ignore_ament_install'
[2.897s] Level 1:colcon.colcon_core.package_identification:_identify(src/apriltag) by extensions ['colcon_pkg']
[2.897s] Level 1:colcon.colcon_core.package_identification:_identify(src/apriltag) by extension 'colcon_pkg'
[2.898s] Level 1:colcon.colcon_core.package_identification:_identify(src/apriltag) by extensions ['colcon_meta']
[2.898s] Level 1:colcon.colcon_core.package_identification:_identify(src/apriltag) by extension 'colcon_meta'
[2.898s] Level 1:colcon.colcon_core.package_identification:_identify(src/apriltag) by extensions ['ros']
[2.898s] Level 1:colcon.colcon_core.package_identification:_identify(src/apriltag) by extension 'ros'
[2.923s] DEBUG:colcon.colcon_core.package_identification:Package 'src/apriltag' with type 'ros.cmake' and name 'apriltag'
[2.926s] Level 1:colcon.colcon_core.package_identification:_identify(src/apriltag_ros) by extensions ['ignore', 'ignore_ament_install']
[2.927s] Level 1:colcon.colcon_core.package_identification:_identify(src/apriltag_ros) by extension 'ignore'
[2.927s] Level 1:colcon.colcon_core.package_identification:_identify(src/apriltag_ros) by extension 'ignore_ament_install'
[2.927s] Level 1:colcon.colcon_core.package_identification:_identify(src/apriltag_ros) by extensions ['colcon_pkg']
[2.928s] Level 1:colcon.colcon_core.package_identification:_identify(src/apriltag_ros) by extension 'colcon_pkg'
[2.928s] Level 1:colcon.colcon_core.package_identification:_identify(src/apriltag_ros) by extensions ['colcon_meta']
[2.928s] Level 1:colcon.colcon_core.package_identification:_identify(src/apriltag_ros) by extension 'colcon_meta'
[2.928s] Level 1:colcon.colcon_core.package_identification:_identify(src/apriltag_ros) by extensions ['ros']
[2.928s] Level 1:colcon.colcon_core.package_identification:_identify(src/apriltag_ros) by extension 'ros'
[2.938s] DEBUG:colcon.colcon_core.package_identification:Package 'src/apriltag_ros' with type 'ros.ament_cmake' and name 'apriltag_ros'
[2.939s] Level 1:colcon.colcon_core.package_identification:_identify(src/aquas_apriltag_bringup) by extensions ['ignore', 'ignore_ament_install']
[2.939s] Level 1:colcon.colcon_core.package_identification:_identify(src/aquas_apriltag_bringup) by extension 'ignore'
[2.939s] Level 1:colcon.colcon_core.package_identification:_identify(src/aquas_apriltag_bringup) by extension 'ignore_ament_install'
[2.940s] Level 1:colcon.colcon_core.package_identification:_identify(src/aquas_apriltag_bringup) by extensions ['colcon_pkg']
[2.940s] Level 1:colcon.colcon_core.package_identification:_identify(src/aquas_apriltag_bringup) by extension 'colcon_pkg'
[2.940s] Level 1:colcon.colcon_core.package_identification:_identify(src/aquas_apriltag_bringup) by extensions ['colcon_meta']
[2.940s] Level 1:colcon.colcon_core.package_identification:_identify(src/aquas_apriltag_bringup) by extension 'colcon_meta'
[2.941s] Level 1:colcon.colcon_core.package_identification:_identify(src/aquas_apriltag_bringup) by extensions ['ros']
[2.941s] Level 1:colcon.colcon_core.package_identification:_identify(src/aquas_apriltag_bringup) by extension 'ros'
[2.946s] DEBUG:colcon.colcon_core.package_identification:Package 'src/aquas_apriltag_bringup' with type 'ros.ament_python' and name 'aquas_apriltag_bringup'
[2.948s] Level 1:colcon.colcon_core.package_identification:_identify(src/aquas_camera_bringup) by extensions ['ignore', 'ignore_ament_install']
[2.948s] Level 1:colcon.colcon_core.package_identification:_identify(src/aquas_camera_bringup) by extension 'ignore'
[2.948s] Level 1:colcon.colcon_core.package_identification:_identify(src/aquas_camera_bringup) by extension 'ignore_ament_install'
[2.949s] Level 1:colcon.colcon_core.package_identification:_identify(src/aquas_camera_bringup) by extensions ['colcon_pkg']
[2.949s] Level 1:colcon.colcon_core.package_identification:_identify(src/aquas_camera_bringup) by extension 'colcon_pkg'
[2.949s] Level 1:colcon.colcon_core.package_identification:_identify(src/aquas_camera_bringup) by extensions ['colcon_meta']
[2.949s] Level 1:colcon.colcon_core.package_identification:_identify(src/aquas_camera_bringup) by extension 'colcon_meta'
[2.949s] Level 1:colcon.colcon_core.package_identification:_identify(src/aquas_camera_bringup) by extensions ['ros']
[2.950s] Level 1:colcon.colcon_core.package_identification:_identify(src/aquas_camera_bringup) by extension 'ros'
[2.953s] DEBUG:colcon.colcon_core.package_identification:Package 'src/aquas_camera_bringup' with type 'ros.ament_python' and name 'aquas_camera_bringup'
[2.955s] Level 1:colcon.colcon_core.package_identification:_identify(src/aquas_dock_align) by extensions ['ignore', 'ignore_ament_install']
[2.955s] Level 1:colcon.colcon_core.package_identification:_identify(src/aquas_dock_align) by extension 'ignore'
[2.956s] Level 1:colcon.colcon_core.package_identification:_identify(src/aquas_dock_align) by extension 'ignore_ament_install'
[2.956s] Level 1:colcon.colcon_core.package_identification:_identify(src/aquas_dock_align) by extensions ['colcon_pkg']
[2.956s] Level 1:colcon.colcon_core.package_identification:_identify(src/aquas_dock_align) by extension 'colcon_pkg'
[2.957s] Level 1:colcon.colcon_core.package_identification:_identify(src/aquas_dock_align) by extensions ['colcon_meta']
[2.957s] Level 1:colcon.colcon_core.package_identification:_identify(src/aquas_dock_align) by extension 'colcon_meta'
[2.957s] Level 1:colcon.colcon_core.package_identification:_identify(src/aquas_dock_align) by extensions ['ros']
[2.957s] Level 1:colcon.colcon_core.package_identification:_identify(src/aquas_dock_align) by extension 'ros'
[2.962s] DEBUG:colcon.colcon_core.package_identification:Package 'src/aquas_dock_align' with type 'ros.ament_python' and name 'aquas_dock_align'
[2.963s] Level 1:colcon.colcon_core.package_identification:_identify(src/image_common) by extensions ['ignore', 'ignore_ament_install']
[2.964s] Level 1:colcon.colcon_core.package_identification:_identify(src/image_common) by extension 'ignore'
[2.964s] Level 1:colcon.colcon_core.package_identification:_identify(src/image_common) by extension 'ignore_ament_install'
[2.965s] Level 1:colcon.colcon_core.package_identification:_identify(src/image_common) by extensions ['colcon_pkg']
[2.965s] Level 1:colcon.colcon_core.package_identification:_identify(src/image_common) by extension 'colcon_pkg'
[2.965s] Level 1:colcon.colcon_core.package_identification:_identify(src/image_common) by extensions ['colcon_meta']
[2.965s] Level 1:colcon.colcon_core.package_identification:_identify(src/image_common) by extension 'colcon_meta'
[2.965s] Level 1:colcon.colcon_core.package_identification:_identify(src/image_common) by extensions ['ros']
[2.966s] Level 1:colcon.colcon_core.package_identification:_identify(src/image_common) by extension 'ros'
[2.966s] Level 1:colcon.colcon_core.package_identification:_identify(src/image_common) by extensions ['cmake', 'python']
[2.966s] Level 1:colcon.colcon_core.package_identification:_identify(src/image_common) by extension 'cmake'
[2.967s] Level 1:colcon.colcon_core.package_identification:_identify(src/image_common) by extension 'python'
[2.967s] Level 1:colcon.colcon_core.package_identification:_identify(src/image_common) by extensions ['python_setup_py']
[2.967s] Level 1:colcon.colcon_core.package_identification:_identify(src/image_common) by extension 'python_setup_py'
[2.968s] Level 1:colcon.colcon_core.package_identification:_identify(src/image_common/camera_calibration_parsers) by extensions ['ignore', 'ignore_ament_install']
[2.969s] Level 1:colcon.colcon_core.package_identification:_identify(src/image_common/camera_calibration_parsers) by extension 'ignore'
[2.969s] Level 1:colcon.colcon_core.package_identification:_identify(src/image_common/camera_calibration_parsers) by extension 'ignore_ament_install'
[2.969s] Level 1:colcon.colcon_core.package_identification:_identify(src/image_common/camera_calibration_parsers) by extensions ['colcon_pkg']
[2.970s] Level 1:colcon.colcon_core.package_identification:_identify(src/image_common/camera_calibration_parsers) by extension 'colcon_pkg'
[2.970s] Level 1:colcon.colcon_core.package_identification:_identify(src/image_common/camera_calibration_parsers) by extensions ['colcon_meta']
[2.970s] Level 1:colcon.colcon_core.package_identification:_identify(src/image_common/camera_calibration_parsers) by extension 'colcon_meta'
[2.970s] Level 1:colcon.colcon_core.package_identification:_identify(src/image_common/camera_calibration_parsers) by extensions ['ros']
[2.970s] Level 1:colcon.colcon_core.package_identification:_identify(src/image_common/camera_calibration_parsers) by extension 'ros'
[2.975s] DEBUG:colcon.colcon_core.package_identification:Package 'src/image_common/camera_calibration_parsers' with type 'ros.ament_cmake' and name 'camera_calibration_parsers'
[2.977s] Level 1:colcon.colcon_core.package_identification:_identify(src/image_common/camera_info_manager) by extensions ['ignore', 'ignore_ament_install']
[2.978s] Level 1:colcon.colcon_core.package_identification:_identify(src/image_common/camera_info_manager) by extension 'ignore'
[2.978s] Level 1:colcon.colcon_core.package_identification:_identify(src/image_common/camera_info_manager) by extension 'ignore_ament_install'
[2.978s] Level 1:colcon.colcon_core.package_identification:_identify(src/image_common/camera_info_manager) by extensions ['colcon_pkg']
[2.978s] Level 1:colcon.colcon_core.package_identification:_identify(src/image_common/camera_info_manager) by extension 'colcon_pkg'
[2.979s] Level 1:colcon.colcon_core.package_identification:_identify(src/image_common/camera_info_manager) by extensions ['colcon_meta']
[2.979s] Level 1:colcon.colcon_core.package_identification:_identify(src/image_common/camera_info_manager) by extension 'colcon_meta'
[2.979s] Level 1:colcon.colcon_core.package_identification:_identify(src/image_common/camera_info_manager) by extensions ['ros']
[2.979s] Level 1:colcon.colcon_core.package_identification:_identify(src/image_common/camera_info_manager) by extension 'ros'
[2.985s] DEBUG:colcon.colcon_core.package_identification:Package 'src/image_common/camera_info_manager' with type 'ros.ament_cmake' and name 'camera_info_manager'
[2.987s] Level 1:colcon.colcon_core.package_identification:_identify(src/image_common/camera_info_manager_py) by extensions ['ignore', 'ignore_ament_install']
[2.988s] Level 1:colcon.colcon_core.package_identification:_identify(src/image_common/camera_info_manager_py) by extension 'ignore'
[2.988s] Level 1:colcon.colcon_core.package_identification:_identify(src/image_common/camera_info_manager_py) by extension 'ignore_ament_install'
[2.988s] Level 1:colcon.colcon_core.package_identification:_identify(src/image_common/camera_info_manager_py) by extensions ['colcon_pkg']
[2.988s] Level 1:colcon.colcon_core.package_identification:_identify(src/image_common/camera_info_manager_py) by extension 'colcon_pkg'
[2.989s] Level 1:colcon.colcon_core.package_identification:_identify(src/image_common/camera_info_manager_py) by extensions ['colcon_meta']
[2.989s] Level 1:colcon.colcon_core.package_identification:_identify(src/image_common/camera_info_manager_py) by extension 'colcon_meta'
[2.989s] Level 1:colcon.colcon_core.package_identification:_identify(src/image_common/camera_info_manager_py) by extensions ['ros']
[2.989s] Level 1:colcon.colcon_core.package_identification:_identify(src/image_common/camera_info_manager_py) by extension 'ros'
[2.994s] DEBUG:colcon.colcon_core.package_identification:Package 'src/image_common/camera_info_manager_py' with type 'ros.ament_python' and name 'camera_info_manager_py'
[2.996s] Level 1:colcon.colcon_core.package_identification:_identify(src/image_common/image_common) by extensions ['ignore', 'ignore_ament_install']
[2.996s] Level 1:colcon.colcon_core.package_identification:_identify(src/image_common/image_common) by extension 'ignore'
[2.997s] Level 1:colcon.colcon_core.package_identification:_identify(src/image_common/image_common) by extension 'ignore_ament_install'
[2.997s] Level 1:colcon.colcon_core.package_identification:_identify(src/image_common/image_common) by extensions ['colcon_pkg']
[2.997s] Level 1:colcon.colcon_core.package_identification:_identify(src/image_common/image_common) by extension 'colcon_pkg'
[2.997s] Level 1:colcon.colcon_core.package_identification:_identify(src/image_common/image_common) by extensions ['colcon_meta']
[2.998s] Level 1:colcon.colcon_core.package_identification:_identify(src/image_common/image_common) by extension 'colcon_meta'
[2.998s] Level 1:colcon.colcon_core.package_identification:_identify(src/image_common/image_common) by extensions ['ros']
[2.998s] Level 1:colcon.colcon_core.package_identification:_identify(src/image_common/image_common) by extension 'ros'
[3.002s] DEBUG:colcon.colcon_core.package_identification:Package 'src/image_common/image_common' with type 'ros.ament_cmake' and name 'image_common'
[3.004s] Level 1:colcon.colcon_core.package_identification:_identify(src/image_common/image_transport) by extensions ['ignore', 'ignore_ament_install']
[3.004s] Level 1:colcon.colcon_core.package_identification:_identify(src/image_common/image_transport) by extension 'ignore'
[3.004s] Level 1:colcon.colcon_core.package_identification:_identify(src/image_common/image_transport) by extension 'ignore_ament_install'
[3.005s] Level 1:colcon.colcon_core.package_identification:_identify(src/image_common/image_transport) by extensions ['colcon_pkg']
[3.005s] Level 1:colcon.colcon_core.package_identification:_identify(src/image_common/image_transport) by extension 'colcon_pkg'
[3.005s] Level 1:colcon.colcon_core.package_identification:_identify(src/image_common/image_transport) by extensions ['colcon_meta']
[3.005s] Level 1:colcon.colcon_core.package_identification:_identify(src/image_common/image_transport) by extension 'colcon_meta'
[3.006s] Level 1:colcon.colcon_core.package_identification:_identify(src/image_common/image_transport) by extensions ['ros']
[3.006s] Level 1:colcon.colcon_core.package_identification:_identify(src/image_common/image_transport) by extension 'ros'
[3.011s] DEBUG:colcon.colcon_core.package_identification:Package 'src/image_common/image_transport' with type 'ros.ament_cmake' and name 'image_transport'
[3.013s] Level 1:colcon.colcon_core.package_identification:_identify(src/image_common/polled_camera) by extensions ['ignore', 'ignore_ament_install']
[3.013s] Level 1:colcon.colcon_core.package_identification:_identify(src/image_common/polled_camera) by extension 'ignore'
[3.013s] Level 1:colcon.colcon_core.package_identification:_identify(src/image_common/polled_camera) ignored
[3.014s] Level 1:colcon.colcon_core.package_discovery:discover_packages(recursive) using defaults
[3.014s] Level 1:colcon.colcon_core.package_discovery:discover_packages(ignore) discover
[3.014s] Level 1:colcon.colcon_core.package_discovery:discover_packages(ignore) using defaults
[3.014s] Level 1:colcon.colcon_core.package_discovery:discover_packages(path) discover
[3.014s] Level 1:colcon.colcon_core.package_discovery:discover_packages(path) using defaults
[3.235s] Level 1:colcon.colcon_core.package_discovery:discover_packages(prefix_path) check parameters
[3.236s] Level 1:colcon.colcon_core.package_discovery:discover_packages(prefix_path) discover
[3.263s] DEBUG:colcon.colcon_installed_package_information.package_discovery:Found 286 installed packages in /opt/ros/humble
[3.271s] Level 1:colcon.colcon_core.package_discovery:discover_packages(prefix_path) using defaults
[3.481s] WARNING:colcon.colcon_core.package_selection:Some selected packages are already built in one or more underlay workspaces:
	'image_transport' is in: /opt/ros/humble
	'camera_info_manager' is in: /opt/ros/humble
If a package in a merged underlay workspace is overridden and it installs headers, then all packages in the overlay must sort their include directories by workspace order. Failure to do so may result in build failures or undefined behavior at run time.
If the overridden package is used by another package in any underlay, then the overriding package in the overlay must be API and ABI compatible or undefined behavior at run time may occur.

If you understand the risks and want to override a package anyways, add the following to the command line:
	--allow-overriding camera_info_manager image_transport

This may be promoted to an error in a future release of colcon-override-check.
[3.485s] Level 5:colcon.colcon_core.verb:set package 'apriltag' build argument 'cmake_args' from command line to 'None'
[3.485s] Level 5:colcon.colcon_core.verb:set package 'apriltag' build argument 'cmake_target' from command line to 'None'
[3.485s] Level 5:colcon.colcon_core.verb:set package 'apriltag' build argument 'cmake_target_skip_unavailable' from command line to 'False'
[3.486s] Level 5:colcon.colcon_core.verb:set package 'apriltag' build argument 'cmake_clean_cache' from command line to 'False'
[3.486s] Level 5:colcon.colcon_core.verb:set package 'apriltag' build argument 'cmake_clean_first' from command line to 'False'
[3.486s] Level 5:colcon.colcon_core.verb:set package 'apriltag' build argument 'cmake_force_configure' from command line to 'False'
[3.486s] Level 5:colcon.colcon_core.verb:set package 'apriltag' build argument 'ament_cmake_args' from command line to 'None'
[3.486s] Level 5:colcon.colcon_core.verb:set package 'apriltag' build argument 'catkin_cmake_args' from command line to 'None'
[3.486s] Level 5:colcon.colcon_core.verb:set package 'apriltag' build argument 'catkin_skip_building_tests' from command line to 'False'
[3.486s] DEBUG:colcon.colcon_core.verb:Building package 'apriltag' with the following arguments: {'ament_cmake_args': None, 'build_base': '/home/xavier/Developer/aquas-ROS-apriltags/build/apriltag', 'catkin_cmake_args': None, 'catkin_skip_building_tests': False, 'cmake_args': None, 'cmake_clean_cache': False, 'cmake_clean_first': False, 'cmake_force_configure': False, 'cmake_target': None, 'cmake_target_skip_unavailable': False, 'install_base': '/home/xavier/Developer/aquas-ROS-apriltags/install/apriltag', 'merge_install': False, 'path': '/home/xavier/Developer/aquas-ROS-apriltags/src/apriltag', 'symlink_install': False, 'test_result_base': None}
[3.488s] Level 5:colcon.colcon_core.verb:set package 'aquas_apriltag_bringup' build argument 'cmake_args' from command line to 'None'
[3.488s] Level 5:colcon.colcon_core.verb:set package 'aquas_apriltag_bringup' build argument 'cmake_target' from command line to 'None'
[3.489s] Level 5:colcon.colcon_core.verb:set package 'aquas_apriltag_bringup' build argument 'cmake_target_skip_unavailable' from command line to 'False'
[3.489s] Level 5:colcon.colcon_core.verb:set package 'aquas_apriltag_bringup' build argument 'cmake_clean_cache' from command line to 'False'
[3.489s] Level 5:colcon.colcon_core.verb:set package 'aquas_apriltag_bringup' build argument 'cmake_clean_first' from command line to 'False'
[3.489s] Level 5:colcon.colcon_core.verb:set package 'aquas_apriltag_bringup' build argument 'cmake_force_configure' from command line to 'False'
[3.489s] Level 5:colcon.colcon_core.verb:set package 'aquas_apriltag_bringup' build argument 'ament_cmake_args' from command line to 'None'
[3.489s] Level 5:colcon.colcon_core.verb:set package 'aquas_apriltag_bringup' build argument 'catkin_cmake_args' from command line to 'None'
[3.489s] Level 5:colcon.colcon_core.verb:set package 'aquas_apriltag_bringup' build argument 'catkin_skip_building_tests' from command line to 'False'
[3.490s] DEBUG:colcon.colcon_core.verb:Building package 'aquas_apriltag_bringup' with the following arguments: {'ament_cmake_args': None, 'build_base': '/home/xavier/Developer/aquas-ROS-apriltags/build/aquas_apriltag_bringup', 'catkin_cmake_args': None, 'catkin_skip_building_tests': False, 'cmake_args': None, 'cmake_clean_cache': False, 'cmake_clean_first': False, 'cmake_force_configure': False, 'cmake_target': None, 'cmake_target_skip_unavailable': False, 'install_base': '/home/xavier/Developer/aquas-ROS-apriltags/install/aquas_apriltag_bringup', 'merge_install': False, 'path': '/home/xavier/Developer/aquas-ROS-apriltags/src/aquas_apriltag_bringup', 'symlink_install': False, 'test_result_base': None}
[3.491s] Level 5:colcon.colcon_core.verb:set package 'aquas_camera_bringup' build argument 'cmake_args' from command line to 'None'
[3.492s] Level 5:colcon.colcon_core.verb:set package 'aquas_camera_bringup' build argument 'cmake_target' from command line to 'None'
[3.492s] Level 5:colcon.colcon_core.verb:set package 'aquas_camera_bringup' build argument 'cmake_target_skip_unavailable' from command line to 'False'
[3.492s] Level 5:colcon.colcon_core.verb:set package 'aquas_camera_bringup' build argument 'cmake_clean_cache' from command line to 'False'
[3.492s] Level 5:colcon.colcon_core.verb:set package 'aquas_camera_bringup' build argument 'cmake_clean_first' from command line to 'False'
[3.492s] Level 5:colcon.colcon_core.verb:set package 'aquas_camera_bringup' build argument 'cmake_force_configure' from command line to 'False'
[3.492s] Level 5:colcon.colcon_core.verb:set package 'aquas_camera_bringup' build argument 'ament_cmake_args' from command line to 'None'
[3.492s] Level 5:colcon.colcon_core.verb:set package 'aquas_camera_bringup' build argument 'catkin_cmake_args' from command line to 'None'
[3.492s] Level 5:colcon.colcon_core.verb:set package 'aquas_camera_bringup' build argument 'catkin_skip_building_tests' from command line to 'False'
[3.493s] DEBUG:colcon.colcon_core.verb:Building package 'aquas_camera_bringup' with the following arguments: {'ament_cmake_args': None, 'build_base': '/home/xavier/Developer/aquas-ROS-apriltags/build/aquas_camera_bringup', 'catkin_cmake_args': None, 'catkin_skip_building_tests': False, 'cmake_args': None, 'cmake_clean_cache': False, 'cmake_clean_first': False, 'cmake_force_configure': False, 'cmake_target': None, 'cmake_target_skip_unavailable': False, 'install_base': '/home/xavier/Developer/aquas-ROS-apriltags/install/aquas_camera_bringup', 'merge_install': False, 'path': '/home/xavier/Developer/aquas-ROS-apriltags/src/aquas_camera_bringup', 'symlink_install': False, 'test_result_base': None}
[3.494s] Level 5:colcon.colcon_core.verb:set package 'aquas_dock_align' build argument 'cmake_args' from command line to 'None'
[3.494s] Level 5:colcon.colcon_core.verb:set package 'aquas_dock_align' build argument 'cmake_target' from command line to 'None'
[3.494s] Level 5:colcon.colcon_core.verb:set package 'aquas_dock_align' build argument 'cmake_target_skip_unavailable' from command line to 'False'
[3.495s] Level 5:colcon.colcon_core.verb:set package 'aquas_dock_align' build argument 'cmake_clean_cache' from command line to 'False'
[3.495s] Level 5:colcon.colcon_core.verb:set package 'aquas_dock_align' build argument 'cmake_clean_first' from command line to 'False'
[3.495s] Level 5:colcon.colcon_core.verb:set package 'aquas_dock_align' build argument 'cmake_force_configure' from command line to 'False'
[3.495s] Level 5:colcon.colcon_core.verb:set package 'aquas_dock_align' build argument 'ament_cmake_args' from command line to 'None'
[3.495s] Level 5:colcon.colcon_core.verb:set package 'aquas_dock_align' build argument 'catkin_cmake_args' from command line to 'None'
[3.495s] Level 5:colcon.colcon_core.verb:set package 'aquas_dock_align' build argument 'catkin_skip_building_tests' from command line to 'False'
[3.496s] DEBUG:colcon.colcon_core.verb:Building package 'aquas_dock_align' with the following arguments: {'ament_cmake_args': None, 'build_base': '/home/xavier/Developer/aquas-ROS-apriltags/build/aquas_dock_align', 'catkin_cmake_args': None, 'catkin_skip_building_tests': False, 'cmake_args': None, 'cmake_clean_cache': False, 'cmake_clean_first': False, 'cmake_force_configure': False, 'cmake_target': None, 'cmake_target_skip_unavailable': False, 'install_base': '/home/xavier/Developer/aquas-ROS-apriltags/install/aquas_dock_align', 'merge_install': False, 'path': '/home/xavier/Developer/aquas-ROS-apriltags/src/aquas_dock_align', 'symlink_install': False, 'test_result_base': None}
[3.497s] Level 5:colcon.colcon_core.verb:set package 'camera_calibration_parsers' build argument 'cmake_args' from command line to 'None'
[3.497s] Level 5:colcon.colcon_core.verb:set package 'camera_calibration_parsers' build argument 'cmake_target' from command line to 'None'
[3.497s] Level 5:colcon.colcon_core.verb:set package 'camera_calibration_parsers' build argument 'cmake_target_skip_unavailable' from command line to 'False'
[3.498s] Level 5:colcon.colcon_core.verb:set package 'camera_calibration_parsers' build argument 'cmake_clean_cache' from command line to 'False'
[3.498s] Level 5:colcon.colcon_core.verb:set package 'camera_calibration_parsers' build argument 'cmake_clean_first' from command line to 'False'
[3.498s] Level 5:colcon.colcon_core.verb:set package 'camera_calibration_parsers' build argument 'cmake_force_configure' from command line to 'False'
[3.498s] Level 5:colcon.colcon_core.verb:set package 'camera_calibration_parsers' build argument 'ament_cmake_args' from command line to 'None'
[3.498s] Level 5:colcon.colcon_core.verb:set package 'camera_calibration_parsers' build argument 'catkin_cmake_args' from command line to 'None'
[3.498s] Level 5:colcon.colcon_core.verb:set package 'camera_calibration_parsers' build argument 'catkin_skip_building_tests' from command line to 'False'
[3.498s] DEBUG:colcon.colcon_core.verb:Building package 'camera_calibration_parsers' with the following arguments: {'ament_cmake_args': None, 'build_base': '/home/xavier/Developer/aquas-ROS-apriltags/build/camera_calibration_parsers', 'catkin_cmake_args': None, 'catkin_skip_building_tests': False, 'cmake_args': None, 'cmake_clean_cache': False, 'cmake_clean_first': False, 'cmake_force_configure': False, 'cmake_target': None, 'cmake_target_skip_unavailable': False, 'install_base': '/home/xavier/Developer/aquas-ROS-apriltags/install/camera_calibration_parsers', 'merge_install': False, 'path': '/home/xavier/Developer/aquas-ROS-apriltags/src/image_common/camera_calibration_parsers', 'symlink_install': False, 'test_result_base': None}
[3.500s] Level 5:colcon.colcon_core.verb:set package 'camera_info_manager_py' build argument 'cmake_args' from command line to 'None'
[3.500s] Level 5:colcon.colcon_core.verb:set package 'camera_info_manager_py' build argument 'cmake_target' from command line to 'None'
[3.500s] Level 5:colcon.colcon_core.verb:set package 'camera_info_manager_py' build argument 'cmake_target_skip_unavailable' from command line to 'False'
[3.500s] Level 5:colcon.colcon_core.verb:set package 'camera_info_manager_py' build argument 'cmake_clean_cache' from command line to 'False'
[3.501s] Level 5:colcon.colcon_core.verb:set package 'camera_info_manager_py' build argument 'cmake_clean_first' from command line to 'False'
[3.501s] Level 5:colcon.colcon_core.verb:set package 'camera_info_manager_py' build argument 'cmake_force_configure' from command line to 'False'
[3.501s] Level 5:colcon.colcon_core.verb:set package 'camera_info_manager_py' build argument 'ament_cmake_args' from command line to 'None'
[3.501s] Level 5:colcon.colcon_core.verb:set package 'camera_info_manager_py' build argument 'catkin_cmake_args' from command line to 'None'
[3.501s] Level 5:colcon.colcon_core.verb:set package 'camera_info_manager_py' build argument 'catkin_skip_building_tests' from command line to 'False'
[3.501s] DEBUG:colcon.colcon_core.verb:Building package 'camera_info_manager_py' with the following arguments: {'ament_cmake_args': None, 'build_base': '/home/xavier/Developer/aquas-ROS-apriltags/build/camera_info_manager_py', 'catkin_cmake_args': None, 'catkin_skip_building_tests': False, 'cmake_args': None, 'cmake_clean_cache': False, 'cmake_clean_first': False, 'cmake_force_configure': False, 'cmake_target': None, 'cmake_target_skip_unavailable': False, 'install_base': '/home/xavier/Developer/aquas-ROS-apriltags/install/camera_info_manager_py', 'merge_install': False, 'path': '/home/xavier/Developer/aquas-ROS-apriltags/src/image_common/camera_info_manager_py', 'symlink_install': False, 'test_result_base': None}
[3.503s] Level 5:colcon.colcon_core.verb:set package 'image_transport' build argument 'cmake_args' from command line to 'None'
[3.503s] Level 5:colcon.colcon_core.verb:set package 'image_transport' build argument 'cmake_target' from command line to 'None'
[3.503s] Level 5:colcon.colcon_core.verb:set package 'image_transport' build argument 'cmake_target_skip_unavailable' from command line to 'False'
[3.503s] Level 5:colcon.colcon_core.verb:set package 'image_transport' build argument 'cmake_clean_cache' from command line to 'False'
[3.503s] Level 5:colcon.colcon_core.verb:set package 'image_transport' build argument 'cmake_clean_first' from command line to 'False'
[3.503s] Level 5:colcon.colcon_core.verb:set package 'image_transport' build argument 'cmake_force_configure' from command line to 'False'
[3.504s] Level 5:colcon.colcon_core.verb:set package 'image_transport' build argument 'ament_cmake_args' from command line to 'None'
[3.504s] Level 5:colcon.colcon_core.verb:set package 'image_transport' build argument 'catkin_cmake_args' from command line to 'None'
[3.504s] Level 5:colcon.colcon_core.verb:set package 'image_transport' build argument 'catkin_skip_building_tests' from command line to 'False'
[3.504s] DEBUG:colcon.colcon_core.verb:Building package 'image_transport' with the following arguments: {'ament_cmake_args': None, 'build_base': '/home/xavier/Developer/aquas-ROS-apriltags/build/image_transport', 'catkin_cmake_args': None, 'catkin_skip_building_tests': False, 'cmake_args': None, 'cmake_clean_cache': False, 'cmake_clean_first': False, 'cmake_force_configure': False, 'cmake_target': None, 'cmake_target_skip_unavailable': False, 'install_base': '/home/xavier/Developer/aquas-ROS-apriltags/install/image_transport', 'merge_install': False, 'path': '/home/xavier/Developer/aquas-ROS-apriltags/src/image_common/image_transport', 'symlink_install': False, 'test_result_base': None}
[3.505s] Level 5:colcon.colcon_core.verb:set package 'apriltag_ros' build argument 'cmake_args' from command line to 'None'
[3.506s] Level 5:colcon.colcon_core.verb:set package 'apriltag_ros' build argument 'cmake_target' from command line to 'None'
[3.506s] Level 5:colcon.colcon_core.verb:set package 'apriltag_ros' build argument 'cmake_target_skip_unavailable' from command line to 'False'
[3.506s] Level 5:colcon.colcon_core.verb:set package 'apriltag_ros' build argument 'cmake_clean_cache' from command line to 'False'
[3.506s] Level 5:colcon.colcon_core.verb:set package 'apriltag_ros' build argument 'cmake_clean_first' from command line to 'False'
[3.506s] Level 5:colcon.colcon_core.verb:set package 'apriltag_ros' build argument 'cmake_force_configure' from command line to 'False'
[3.506s] Level 5:colcon.colcon_core.verb:set package 'apriltag_ros' build argument 'ament_cmake_args' from command line to 'None'
[3.506s] Level 5:colcon.colcon_core.verb:set package 'apriltag_ros' build argument 'catkin_cmake_args' from command line to 'None'
[3.507s] Level 5:colcon.colcon_core.verb:set package 'apriltag_ros' build argument 'catkin_skip_building_tests' from command line to 'False'
[3.507s] DEBUG:colcon.colcon_core.verb:Building package 'apriltag_ros' with the following arguments: {'ament_cmake_args': None, 'build_base': '/home/xavier/Developer/aquas-ROS-apriltags/build/apriltag_ros', 'catkin_cmake_args': None, 'catkin_skip_building_tests': False, 'cmake_args': None, 'cmake_clean_cache': False, 'cmake_clean_first': False, 'cmake_force_configure': False, 'cmake_target': None, 'cmake_target_skip_unavailable': False, 'install_base': '/home/xavier/Developer/aquas-ROS-apriltags/install/apriltag_ros', 'merge_install': False, 'path': '/home/xavier/Developer/aquas-ROS-apriltags/src/apriltag_ros', 'symlink_install': False, 'test_result_base': None}
[3.508s] Level 5:colcon.colcon_core.verb:set package 'camera_info_manager' build argument 'cmake_args' from command line to 'None'
[3.509s] Level 5:colcon.colcon_core.verb:set package 'camera_info_manager' build argument 'cmake_target' from command line to 'None'
[3.509s] Level 5:colcon.colcon_core.verb:set package 'camera_info_manager' build argument 'cmake_target_skip_unavailable' from command line to 'False'
[3.509s] Level 5:colcon.colcon_core.verb:set package 'camera_info_manager' build argument 'cmake_clean_cache' from command line to 'False'
[3.509s] Level 5:colcon.colcon_core.verb:set package 'camera_info_manager' build argument 'cmake_clean_first' from command line to 'False'
[3.509s] Level 5:colcon.colcon_core.verb:set package 'camera_info_manager' build argument 'cmake_force_configure' from command line to 'False'
[3.509s] Level 5:colcon.colcon_core.verb:set package 'camera_info_manager' build argument 'ament_cmake_args' from command line to 'None'
[3.509s] Level 5:colcon.colcon_core.verb:set package 'camera_info_manager' build argument 'catkin_cmake_args' from command line to 'None'
[3.509s] Level 5:colcon.colcon_core.verb:set package 'camera_info_manager' build argument 'catkin_skip_building_tests' from command line to 'False'
[3.509s] DEBUG:colcon.colcon_core.verb:Building package 'camera_info_manager' with the following arguments: {'ament_cmake_args': None, 'build_base': '/home/xavier/Developer/aquas-ROS-apriltags/build/camera_info_manager', 'catkin_cmake_args': None, 'catkin_skip_building_tests': False, 'cmake_args': None, 'cmake_clean_cache': False, 'cmake_clean_first': False, 'cmake_force_configure': False, 'cmake_target': None, 'cmake_target_skip_unavailable': False, 'install_base': '/home/xavier/Developer/aquas-ROS-apriltags/install/camera_info_manager', 'merge_install': False, 'path': '/home/xavier/Developer/aquas-ROS-apriltags/src/image_common/camera_info_manager', 'symlink_install': False, 'test_result_base': None}
[3.511s] Level 5:colcon.colcon_core.verb:set package 'image_common' build argument 'cmake_args' from command line to 'None'
[3.511s] Level 5:colcon.colcon_core.verb:set package 'image_common' build argument 'cmake_target' from command line to 'None'
[3.511s] Level 5:colcon.colcon_core.verb:set package 'image_common' build argument 'cmake_target_skip_unavailable' from command line to 'False'
[3.512s] Level 5:colcon.colcon_core.verb:set package 'image_common' build argument 'cmake_clean_cache' from command line to 'False'
[3.512s] Level 5:colcon.colcon_core.verb:set package 'image_common' build argument 'cmake_clean_first' from command line to 'False'
[3.512s] Level 5:colcon.colcon_core.verb:set package 'image_common' build argument 'cmake_force_configure' from command line to 'False'
[3.512s] Level 5:colcon.colcon_core.verb:set package 'image_common' build argument 'ament_cmake_args' from command line to 'None'
[3.512s] Level 5:colcon.colcon_core.verb:set package 'image_common' build argument 'catkin_cmake_args' from command line to 'None'
[3.512s] Level 5:colcon.colcon_core.verb:set package 'image_common' build argument 'catkin_skip_building_tests' from command line to 'False'
[3.512s] DEBUG:colcon.colcon_core.verb:Building package 'image_common' with the following arguments: {'ament_cmake_args': None, 'build_base': '/home/xavier/Developer/aquas-ROS-apriltags/build/image_common', 'catkin_cmake_args': None, 'catkin_skip_building_tests': False, 'cmake_args': None, 'cmake_clean_cache': False, 'cmake_clean_first': False, 'cmake_force_configure': False, 'cmake_target': None, 'cmake_target_skip_unavailable': False, 'install_base': '/home/xavier/Developer/aquas-ROS-apriltags/install/image_common', 'merge_install': False, 'path': '/home/xavier/Developer/aquas-ROS-apriltags/src/image_common/image_common', 'symlink_install': False, 'test_result_base': None}
[3.513s] INFO:colcon.colcon_core.executor:Executing jobs using 'parallel' executor
[3.516s] DEBUG:colcon.colcon_parallel_executor.executor.parallel:run_until_complete
[3.518s] INFO:colcon.colcon_ros.task.ament_cmake.build:Building ROS package in '/home/xavier/Developer/aquas-ROS-apriltags/src/image_common/camera_calibration_parsers' with build type 'ament_cmake'
[3.518s] INFO:colcon.colcon_cmake.task.cmake.build:Building CMake package in '/home/xavier/Developer/aquas-ROS-apriltags/src/image_common/camera_calibration_parsers'
[3.544s] INFO:colcon.colcon_core.plugin_system:Skipping extension 'colcon_core.shell.bat': Not used on non-Windows systems
[3.545s] INFO:colcon.colcon_core.shell:Skip shell extension 'powershell' for command environment: Not usable outside of PowerShell
[3.545s] DEBUG:colcon.colcon_core.shell:Skip shell extension 'dsv' for command environment
[3.569s] INFO:colcon.colcon_ros.task.ament_cmake.build:Building ROS package in '/home/xavier/Developer/aquas-ROS-apriltags/src/image_common/image_transport' with build type 'ament_cmake'
[3.570s] INFO:colcon.colcon_cmake.task.cmake.build:Building CMake package in '/home/xavier/Developer/aquas-ROS-apriltags/src/image_common/image_transport'
[3.571s] INFO:colcon.colcon_core.shell:Skip shell extension 'powershell' for command environment: Not usable outside of PowerShell
[3.572s] DEBUG:colcon.colcon_core.shell:Skip shell extension 'dsv' for command environment
[3.592s] INFO:colcon.colcon_ros.task.cmake.build:Building ROS package in '/home/xavier/Developer/aquas-ROS-apriltags/src/apriltag' with build type 'cmake'
[3.592s] INFO:colcon.colcon_cmake.task.cmake.build:Building CMake package in '/home/xavier/Developer/aquas-ROS-apriltags/src/apriltag'
[3.594s] INFO:colcon.colcon_core.shell:Skip shell extension 'powershell' for command environment: Not usable outside of PowerShell
[3.594s] DEBUG:colcon.colcon_core.shell:Skip shell extension 'dsv' for command environment
[3.613s] INFO:colcon.colcon_ros.task.ament_python.build:Building ROS package in '/home/xavier/Developer/aquas-ROS-apriltags/src/aquas_apriltag_bringup' with build type 'ament_python'
[3.613s] Level 1:colcon.colcon_core.shell:create_environment_hook('aquas_apriltag_bringup', 'ament_prefix_path')
[3.615s] INFO:colcon.colcon_core.shell:Creating environment hook '/home/xavier/Developer/aquas-ROS-apriltags/install/aquas_apriltag_bringup/share/aquas_apriltag_bringup/hook/ament_prefix_path.ps1'
[3.622s] INFO:colcon.colcon_core.shell:Creating environment descriptor '/home/xavier/Developer/aquas-ROS-apriltags/install/aquas_apriltag_bringup/share/aquas_apriltag_bringup/hook/ament_prefix_path.dsv'
[3.626s] INFO:colcon.colcon_core.shell:Creating environment hook '/home/xavier/Developer/aquas-ROS-apriltags/install/aquas_apriltag_bringup/share/aquas_apriltag_bringup/hook/ament_prefix_path.sh'
[3.631s] INFO:colcon.colcon_core.shell:Skip shell extension 'powershell' for command environment: Not usable outside of PowerShell
[3.632s] DEBUG:colcon.colcon_core.shell:Skip shell extension 'dsv' for command environment
[3.674s] DEBUG:colcon.colcon_core.event_handler.log_command:Invoking command in '/home/xavier/Developer/aquas-ROS-apriltags/build/camera_calibration_parsers': CMAKE_PREFIX_PATH=/opt/ros/humble /usr/bin/cmake /home/xavier/Developer/aquas-ROS-apriltags/src/image_common/camera_calibration_parsers -DCMAKE_INSTALL_PREFIX=/home/xavier/Developer/aquas-ROS-apriltags/install/camera_calibration_parsers
[3.728s] DEBUG:colcon.colcon_core.event_handler.log_command:Invoking command in '/home/xavier/Developer/aquas-ROS-apriltags/build/image_transport': CMAKE_PREFIX_PATH=/opt/ros/humble /usr/bin/cmake /home/xavier/Developer/aquas-ROS-apriltags/src/image_common/image_transport -DCMAKE_INSTALL_PREFIX=/home/xavier/Developer/aquas-ROS-apriltags/install/image_transport
[3.751s] DEBUG:colcon.colcon_core.event_handler.log_command:Invoking command in '/home/xavier/Developer/aquas-ROS-apriltags/build/apriltag': CMAKE_PREFIX_PATH=/opt/ros/humble /usr/bin/cmake --build /home/xavier/Developer/aquas-ROS-apriltags/build/apriltag -- -j4 -l4
[5.730s] INFO:colcon.colcon_core.task.python.build:Building Python package in '/home/xavier/Developer/aquas-ROS-apriltags/src/aquas_apriltag_bringup'
[5.731s] INFO:colcon.colcon_core.shell:Skip shell extension 'powershell' for command environment: Not usable outside of PowerShell
[5.732s] DEBUG:colcon.colcon_core.shell:Skip shell extension 'dsv' for command environment
[8.163s] DEBUG:colcon.colcon_core.event_handler.log_command:Invoking command in '/home/xavier/Developer/aquas-ROS-apriltags/build/aquas_apriltag_bringup': PYTHONPATH=/home/xavier/Developer/aquas-ROS-apriltags/build/aquas_apriltag_bringup/prefix_override:/usr/lib/python3/dist-packages/colcon_core/task/python/colcon_distutils_commands:/home/xavier/Developer/aquas-ROS-apriltags/install/aquas_apriltag_bringup/lib/python3.10/site-packages:${PYTHONPATH} /usr/bin/python3 -W ignore:setup.py install is deprecated -W ignore:easy_install command is deprecated setup.py develop --uninstall --editable --build-directory /home/xavier/Developer/aquas-ROS-apriltags/build/aquas_apriltag_bringup/build
[9.509s] DEBUG:colcon.colcon_core.event_handler.log_command:Invoked command in '/home/xavier/Developer/aquas-ROS-apriltags/build/camera_calibration_parsers' returned '0': CMAKE_PREFIX_PATH=/opt/ros/humble /usr/bin/cmake /home/xavier/Developer/aquas-ROS-apriltags/src/image_common/camera_calibration_parsers -DCMAKE_INSTALL_PREFIX=/home/xavier/Developer/aquas-ROS-apriltags/install/camera_calibration_parsers
[9.520s] DEBUG:colcon.colcon_core.event_handler.log_command:Invoking command in '/home/xavier/Developer/aquas-ROS-apriltags/build/camera_calibration_parsers': CMAKE_PREFIX_PATH=/opt/ros/humble /usr/bin/cmake --build /home/xavier/Developer/aquas-ROS-apriltags/build/camera_calibration_parsers -- -j4 -l4
[10.225s] DEBUG:colcon.colcon_core.event_handler.log_command:Invoked command in '/home/xavier/Developer/aquas-ROS-apriltags/build/image_transport' returned '0': CMAKE_PREFIX_PATH=/opt/ros/humble /usr/bin/cmake /home/xavier/Developer/aquas-ROS-apriltags/src/image_common/image_transport -DCMAKE_INSTALL_PREFIX=/home/xavier/Developer/aquas-ROS-apriltags/install/image_transport
[10.227s] DEBUG:colcon.colcon_core.event_handler.log_command:Invoking command in '/home/xavier/Developer/aquas-ROS-apriltags/build/image_transport': CMAKE_PREFIX_PATH=/opt/ros/humble /usr/bin/cmake --build /home/xavier/Developer/aquas-ROS-apriltags/build/image_transport -- -j4 -l4
[11.983s] DEBUG:colcon.colcon_core.event_handler.log_command:Invoked command in '/home/xavier/Developer/aquas-ROS-apriltags/build/aquas_apriltag_bringup' returned '0': PYTHONPATH=/home/xavier/Developer/aquas-ROS-apriltags/build/aquas_apriltag_bringup/prefix_override:/usr/lib/python3/dist-packages/colcon_core/task/python/colcon_distutils_commands:/home/xavier/Developer/aquas-ROS-apriltags/install/aquas_apriltag_bringup/lib/python3.10/site-packages:${PYTHONPATH} /usr/bin/python3 -W ignore:setup.py install is deprecated -W ignore:easy_install command is deprecated setup.py develop --uninstall --editable --build-directory /home/xavier/Developer/aquas-ROS-apriltags/build/aquas_apriltag_bringup/build
[11.994s] DEBUG:colcon.colcon_core.event_handler.log_command:Invoking command in '/home/xavier/Developer/aquas-ROS-apriltags/src/aquas_apriltag_bringup': PYTHONPATH=/home/xavier/Developer/aquas-ROS-apriltags/build/aquas_apriltag_bringup/prefix_override:/usr/lib/python3/dist-packages/colcon_core/task/python/colcon_distutils_commands:/home/xavier/Developer/aquas-ROS-apriltags/install/aquas_apriltag_bringup/lib/python3.10/site-packages:${PYTHONPATH} /usr/bin/python3 -W ignore:setup.py install is deprecated -W ignore:easy_install command is deprecated setup.py egg_info --egg-base ../../build/aquas_apriltag_bringup build --build-base /home/xavier/Developer/aquas-ROS-apriltags/build/aquas_apriltag_bringup/build install --record /home/xavier/Developer/aquas-ROS-apriltags/build/aquas_apriltag_bringup/install.log --single-version-externally-managed install_data --force
[14.547s] DEBUG:colcon.colcon_core.event_handler.log_command:Invoked command in '/home/xavier/Developer/aquas-ROS-apriltags/src/aquas_apriltag_bringup' returned '0': PYTHONPATH=/home/xavier/Developer/aquas-ROS-apriltags/build/aquas_apriltag_bringup/prefix_override:/usr/lib/python3/dist-packages/colcon_core/task/python/colcon_distutils_commands:/home/xavier/Developer/aquas-ROS-apriltags/install/aquas_apriltag_bringup/lib/python3.10/site-packages:${PYTHONPATH} /usr/bin/python3 -W ignore:setup.py install is deprecated -W ignore:easy_install command is deprecated setup.py egg_info --egg-base ../../build/aquas_apriltag_bringup build --build-base /home/xavier/Developer/aquas-ROS-apriltags/build/aquas_apriltag_bringup/build install --record /home/xavier/Developer/aquas-ROS-apriltags/build/aquas_apriltag_bringup/install.log --single-version-externally-managed install_data --force
[14.594s] Level 1:colcon.colcon_core.environment:checking '/home/xavier/Developer/aquas-ROS-apriltags/install/aquas_apriltag_bringup' for CMake module files
[14.600s] Level 1:colcon.colcon_core.environment:checking '/home/xavier/Developer/aquas-ROS-apriltags/install/aquas_apriltag_bringup' for CMake config files
[14.615s] Level 1:colcon.colcon_core.environment:checking '/home/xavier/Developer/aquas-ROS-apriltags/install/aquas_apriltag_bringup/lib'
[14.617s] Level 1:colcon.colcon_core.environment:checking '/home/xavier/Developer/aquas-ROS-apriltags/install/aquas_apriltag_bringup/bin'
[14.618s] Level 1:colcon.colcon_core.environment:checking '/home/xavier/Developer/aquas-ROS-apriltags/install/aquas_apriltag_bringup/lib/pkgconfig/aquas_apriltag_bringup.pc'
[14.620s] Level 1:colcon.colcon_core.environment:checking '/home/xavier/Developer/aquas-ROS-apriltags/install/aquas_apriltag_bringup/lib/python3.10/site-packages'
[14.621s] Level 1:colcon.colcon_core.shell:create_environment_hook('aquas_apriltag_bringup', 'pythonpath')
[14.624s] INFO:colcon.colcon_core.shell:Creating environment hook '/home/xavier/Developer/aquas-ROS-apriltags/install/aquas_apriltag_bringup/share/aquas_apriltag_bringup/hook/pythonpath.ps1'
[14.629s] INFO:colcon.colcon_core.shell:Creating environment descriptor '/home/xavier/Developer/aquas-ROS-apriltags/install/aquas_apriltag_bringup/share/aquas_apriltag_bringup/hook/pythonpath.dsv'
[14.634s] INFO:colcon.colcon_core.shell:Creating environment hook '/home/xavier/Developer/aquas-ROS-apriltags/install/aquas_apriltag_bringup/share/aquas_apriltag_bringup/hook/pythonpath.sh'
[14.642s] Level 1:colcon.colcon_core.environment:checking '/home/xavier/Developer/aquas-ROS-apriltags/install/aquas_apriltag_bringup/bin'
[14.643s] Level 1:colcon.colcon_core.environment:create_environment_scripts_only(aquas_apriltag_bringup)
[14.645s] INFO:colcon.colcon_core.shell:Creating package script '/home/xavier/Developer/aquas-ROS-apriltags/install/aquas_apriltag_bringup/share/aquas_apriltag_bringup/package.ps1'
[14.656s] INFO:colcon.colcon_core.shell:Creating package descriptor '/home/xavier/Developer/aquas-ROS-apriltags/install/aquas_apriltag_bringup/share/aquas_apriltag_bringup/package.dsv'
[14.663s] INFO:colcon.colcon_core.shell:Creating package script '/home/xavier/Developer/aquas-ROS-apriltags/install/aquas_apriltag_bringup/share/aquas_apriltag_bringup/package.sh'
[14.673s] INFO:colcon.colcon_core.shell:Creating package script '/home/xavier/Developer/aquas-ROS-apriltags/install/aquas_apriltag_bringup/share/aquas_apriltag_bringup/package.bash'
[14.682s] INFO:colcon.colcon_core.shell:Creating package script '/home/xavier/Developer/aquas-ROS-apriltags/install/aquas_apriltag_bringup/share/aquas_apriltag_bringup/package.zsh'
[14.690s] Level 1:colcon.colcon_core.environment:create_file_with_runtime_dependencies(/home/xavier/Developer/aquas-ROS-apriltags/install/aquas_apriltag_bringup/share/colcon-core/packages/aquas_apriltag_bringup)
[14.699s] INFO:colcon.colcon_ros.task.ament_python.build:Building ROS package in '/home/xavier/Developer/aquas-ROS-apriltags/src/aquas_camera_bringup' with build type 'ament_python'
[14.700s] Level 1:colcon.colcon_core.shell:create_environment_hook('aquas_camera_bringup', 'ament_prefix_path')
[14.703s] INFO:colcon.colcon_core.shell:Creating environment hook '/home/xavier/Developer/aquas-ROS-apriltags/install/aquas_camera_bringup/share/aquas_camera_bringup/hook/ament_prefix_path.ps1'
[14.714s] INFO:colcon.colcon_core.shell:Creating environment descriptor '/home/xavier/Developer/aquas-ROS-apriltags/install/aquas_camera_bringup/share/aquas_camera_bringup/hook/ament_prefix_path.dsv'
[14.719s] INFO:colcon.colcon_core.shell:Creating environment hook '/home/xavier/Developer/aquas-ROS-apriltags/install/aquas_camera_bringup/share/aquas_camera_bringup/hook/ament_prefix_path.sh'
[14.726s] INFO:colcon.colcon_core.shell:Skip shell extension 'powershell' for command environment: Not usable outside of PowerShell
[14.726s] DEBUG:colcon.colcon_core.shell:Skip shell extension 'dsv' for command environment
[17.662s] INFO:colcon.colcon_core.task.python.build:Building Python package in '/home/xavier/Developer/aquas-ROS-apriltags/src/aquas_camera_bringup'
[17.664s] INFO:colcon.colcon_core.shell:Skip shell extension 'powershell' for command environment: Not usable outside of PowerShell
[17.665s] DEBUG:colcon.colcon_core.shell:Skip shell extension 'dsv' for command environment
[21.014s] DEBUG:colcon.colcon_core.event_handler.log_command:Invoking command in '/home/xavier/Developer/aquas-ROS-apriltags/build/aquas_camera_bringup': PYTHONPATH=/home/xavier/Developer/aquas-ROS-apriltags/build/aquas_camera_bringup/prefix_override:/usr/lib/python3/dist-packages/colcon_core/task/python/colcon_distutils_commands:/home/xavier/Developer/aquas-ROS-apriltags/install/aquas_camera_bringup/lib/python3.10/site-packages:${PYTHONPATH} /usr/bin/python3 -W ignore:setup.py install is deprecated -W ignore:easy_install command is deprecated setup.py develop --uninstall --editable --build-directory /home/xavier/Developer/aquas-ROS-apriltags/build/aquas_camera_bringup/build
[25.794s] DEBUG:colcon.colcon_core.event_handler.log_command:Invoked command in '/home/xavier/Developer/aquas-ROS-apriltags/build/aquas_camera_bringup' returned '0': PYTHONPATH=/home/xavier/Developer/aquas-ROS-apriltags/build/aquas_camera_bringup/prefix_override:/usr/lib/python3/dist-packages/colcon_core/task/python/colcon_distutils_commands:/home/xavier/Developer/aquas-ROS-apriltags/install/aquas_camera_bringup/lib/python3.10/site-packages:${PYTHONPATH} /usr/bin/python3 -W ignore:setup.py install is deprecated -W ignore:easy_install command is deprecated setup.py develop --uninstall --editable --build-directory /home/xavier/Developer/aquas-ROS-apriltags/build/aquas_camera_bringup/build
[25.800s] DEBUG:colcon.colcon_core.event_handler.log_command:Invoking command in '/home/xavier/Developer/aquas-ROS-apriltags/src/aquas_camera_bringup': PYTHONPATH=/home/xavier/Developer/aquas-ROS-apriltags/build/aquas_camera_bringup/prefix_override:/usr/lib/python3/dist-packages/colcon_core/task/python/colcon_distutils_commands:/home/xavier/Developer/aquas-ROS-apriltags/install/aquas_camera_bringup/lib/python3.10/site-packages:${PYTHONPATH} /usr/bin/python3 -W ignore:setup.py install is deprecated -W ignore:easy_install command is deprecated setup.py egg_info --egg-base ../../build/aquas_camera_bringup build --build-base /home/xavier/Developer/aquas-ROS-apriltags/build/aquas_camera_bringup/build install --record /home/xavier/Developer/aquas-ROS-apriltags/build/aquas_camera_bringup/install.log --single-version-externally-managed install_data --force
[27.832s] DEBUG:colcon.colcon_core.event_handler.log_command:Invoked command in '/home/xavier/Developer/aquas-ROS-apriltags/build/apriltag' returned '0': CMAKE_PREFIX_PATH=/opt/ros/humble /usr/bin/cmake --build /home/xavier/Developer/aquas-ROS-apriltags/build/apriltag -- -j4 -l4
[27.905s] DEBUG:colcon.colcon_core.event_handler.log_command:Invoking command in '/home/xavier/Developer/aquas-ROS-apriltags/build/apriltag': CMAKE_PREFIX_PATH=/opt/ros/humble /usr/bin/cmake --install /home/xavier/Developer/aquas-ROS-apriltags/build/apriltag
[28.257s] Level 1:colcon.colcon_core.shell:create_environment_hook('apriltag', 'pkg_config_path')
[28.259s] INFO:colcon.colcon_core.shell:Creating environment hook '/home/xavier/Developer/aquas-ROS-apriltags/install/apriltag/share/apriltag/hook/pkg_config_path.ps1'
[28.265s] DEBUG:colcon.colcon_core.event_handler.log_command:Invoked command in '/home/xavier/Developer/aquas-ROS-apriltags/build/apriltag' returned '0': CMAKE_PREFIX_PATH=/opt/ros/humble /usr/bin/cmake --install /home/xavier/Developer/aquas-ROS-apriltags/build/apriltag
[28.267s] INFO:colcon.colcon_core.shell:Creating environment descriptor '/home/xavier/Developer/aquas-ROS-apriltags/install/apriltag/share/apriltag/hook/pkg_config_path.dsv'
[28.270s] INFO:colcon.colcon_core.shell:Creating environment hook '/home/xavier/Developer/aquas-ROS-apriltags/install/apriltag/share/apriltag/hook/pkg_config_path.sh'
[28.297s] Level 1:colcon.colcon_core.shell:create_environment_hook('apriltag', 'pkg_config_path_multiarch')
[28.298s] INFO:colcon.colcon_core.shell:Creating environment hook '/home/xavier/Developer/aquas-ROS-apriltags/install/apriltag/share/apriltag/hook/pkg_config_path_multiarch.ps1'
[28.302s] INFO:colcon.colcon_core.shell:Creating environment descriptor '/home/xavier/Developer/aquas-ROS-apriltags/install/apriltag/share/apriltag/hook/pkg_config_path_multiarch.dsv'
[28.306s] INFO:colcon.colcon_core.shell:Creating environment hook '/home/xavier/Developer/aquas-ROS-apriltags/install/apriltag/share/apriltag/hook/pkg_config_path_multiarch.sh'
[28.309s] Level 1:colcon.colcon_core.environment:create_environment_scripts_only(apriltag)
[28.311s] Level 1:colcon.colcon_core.environment:checking '/home/xavier/Developer/aquas-ROS-apriltags/install/apriltag' for CMake module files
[28.323s] Level 1:colcon.colcon_core.environment:checking '/home/xavier/Developer/aquas-ROS-apriltags/install/apriltag' for CMake config files
[28.329s] Level 1:colcon.colcon_core.shell:create_environment_hook('apriltag', 'cmake_prefix_path')
[28.330s] INFO:colcon.colcon_core.shell:Creating environment hook '/home/xavier/Developer/aquas-ROS-apriltags/install/apriltag/share/apriltag/hook/cmake_prefix_path.ps1'
[28.339s] INFO:colcon.colcon_core.shell:Creating environment descriptor '/home/xavier/Developer/aquas-ROS-apriltags/install/apriltag/share/apriltag/hook/cmake_prefix_path.dsv'
[28.343s] INFO:colcon.colcon_core.shell:Creating environment hook '/home/xavier/Developer/aquas-ROS-apriltags/install/apriltag/share/apriltag/hook/cmake_prefix_path.sh'
[28.350s] Level 1:colcon.colcon_core.environment:checking '/home/xavier/Developer/aquas-ROS-apriltags/install/apriltag/lib'
[28.351s] Level 1:colcon.colcon_core.shell:create_environment_hook('apriltag', 'ld_library_path_lib')
[28.353s] INFO:colcon.colcon_core.shell:Creating environment hook '/home/xavier/Developer/aquas-ROS-apriltags/install/apriltag/share/apriltag/hook/ld_library_path_lib.ps1'
[28.358s] INFO:colcon.colcon_core.shell:Creating environment descriptor '/home/xavier/Developer/aquas-ROS-apriltags/install/apriltag/share/apriltag/hook/ld_library_path_lib.dsv'
[28.361s] INFO:colcon.colcon_core.shell:Creating environment hook '/home/xavier/Developer/aquas-ROS-apriltags/install/apriltag/share/apriltag/hook/ld_library_path_lib.sh'
[28.366s] Level 1:colcon.colcon_core.environment:checking '/home/xavier/Developer/aquas-ROS-apriltags/install/apriltag/bin'
[28.367s] Level 1:colcon.colcon_core.shell:create_environment_hook('apriltag', 'path')
[28.369s] INFO:colcon.colcon_core.shell:Creating environment hook '/home/xavier/Developer/aquas-ROS-apriltags/install/apriltag/share/apriltag/hook/path.ps1'
[28.372s] INFO:colcon.colcon_core.shell:Creating environment descriptor '/home/xavier/Developer/aquas-ROS-apriltags/install/apriltag/share/apriltag/hook/path.dsv'
[28.375s] INFO:colcon.colcon_core.shell:Creating environment hook '/home/xavier/Developer/aquas-ROS-apriltags/install/apriltag/share/apriltag/hook/path.sh'
[28.378s] Level 1:colcon.colcon_core.environment:checking '/home/xavier/Developer/aquas-ROS-apriltags/install/apriltag/lib/pkgconfig/apriltag.pc'
[28.379s] Level 1:colcon.colcon_core.shell:create_environment_hook('apriltag', 'pkg_config')
[28.380s] INFO:colcon.colcon_core.shell:Creating environment hook '/home/xavier/Developer/aquas-ROS-apriltags/install/apriltag/share/apriltag/hook/pkg_config.ps1'
[28.388s] INFO:colcon.colcon_core.shell:Creating environment descriptor '/home/xavier/Developer/aquas-ROS-apriltags/install/apriltag/share/apriltag/hook/pkg_config.dsv'
[28.391s] INFO:colcon.colcon_core.shell:Creating environment hook '/home/xavier/Developer/aquas-ROS-apriltags/install/apriltag/share/apriltag/hook/pkg_config.sh'
[28.396s] Level 1:colcon.colcon_core.environment:checking '/home/xavier/Developer/aquas-ROS-apriltags/install/apriltag/lib/python3.10/site-packages'
[28.397s] Level 1:colcon.colcon_core.shell:create_environment_hook('apriltag', 'pythonpath')
[28.398s] INFO:colcon.colcon_core.shell:Creating environment hook '/home/xavier/Developer/aquas-ROS-apriltags/install/apriltag/share/apriltag/hook/pythonpath.ps1'
[28.404s] INFO:colcon.colcon_core.shell:Creating environment descriptor '/home/xavier/Developer/aquas-ROS-apriltags/install/apriltag/share/apriltag/hook/pythonpath.dsv'
[28.408s] INFO:colcon.colcon_core.shell:Creating environment hook '/home/xavier/Developer/aquas-ROS-apriltags/install/apriltag/share/apriltag/hook/pythonpath.sh'
[28.413s] Level 1:colcon.colcon_core.environment:checking '/home/xavier/Developer/aquas-ROS-apriltags/install/apriltag/bin'
[28.414s] Level 1:colcon.colcon_core.shell:create_environment_hook('apriltag', 'pythonscriptspath')
[28.416s] INFO:colcon.colcon_core.shell:Creating environment hook '/home/xavier/Developer/aquas-ROS-apriltags/install/apriltag/share/apriltag/hook/pythonscriptspath.ps1'
[28.419s] INFO:colcon.colcon_core.shell:Creating environment descriptor '/home/xavier/Developer/aquas-ROS-apriltags/install/apriltag/share/apriltag/hook/pythonscriptspath.dsv'
[28.423s] INFO:colcon.colcon_core.shell:Creating environment hook '/home/xavier/Developer/aquas-ROS-apriltags/install/apriltag/share/apriltag/hook/pythonscriptspath.sh'
[28.429s] INFO:colcon.colcon_core.shell:Creating package script '/home/xavier/Developer/aquas-ROS-apriltags/install/apriltag/share/apriltag/package.ps1'
[28.436s] INFO:colcon.colcon_core.shell:Creating package descriptor '/home/xavier/Developer/aquas-ROS-apriltags/install/apriltag/share/apriltag/package.dsv'
[28.441s] INFO:colcon.colcon_core.shell:Creating package script '/home/xavier/Developer/aquas-ROS-apriltags/install/apriltag/share/apriltag/package.sh'
[28.446s] INFO:colcon.colcon_core.shell:Creating package script '/home/xavier/Developer/aquas-ROS-apriltags/install/apriltag/share/apriltag/package.bash'
[28.450s] INFO:colcon.colcon_core.shell:Creating package script '/home/xavier/Developer/aquas-ROS-apriltags/install/apriltag/share/apriltag/package.zsh'
[28.453s] Level 1:colcon.colcon_core.environment:create_file_with_runtime_dependencies(/home/xavier/Developer/aquas-ROS-apriltags/install/apriltag/share/colcon-core/packages/apriltag)
[28.461s] INFO:colcon.colcon_ros.task.ament_python.build:Building ROS package in '/home/xavier/Developer/aquas-ROS-apriltags/src/aquas_dock_align' with build type 'ament_python'
[28.464s] Level 1:colcon.colcon_core.shell:create_environment_hook('aquas_dock_align', 'ament_prefix_path')
[28.466s] INFO:colcon.colcon_core.shell:Creating environment hook '/home/xavier/Developer/aquas-ROS-apriltags/install/aquas_dock_align/share/aquas_dock_align/hook/ament_prefix_path.ps1'
[28.475s] INFO:colcon.colcon_core.shell:Creating environment descriptor '/home/xavier/Developer/aquas-ROS-apriltags/install/aquas_dock_align/share/aquas_dock_align/hook/ament_prefix_path.dsv'
[28.478s] INFO:colcon.colcon_core.shell:Creating environment hook '/home/xavier/Developer/aquas-ROS-apriltags/install/aquas_dock_align/share/aquas_dock_align/hook/ament_prefix_path.sh'
[28.483s] INFO:colcon.colcon_core.shell:Skip shell extension 'powershell' for command environment: Not usable outside of PowerShell
[28.484s] DEBUG:colcon.colcon_core.shell:Skip shell extension 'dsv' for command environment
[30.781s] INFO:colcon.colcon_core.task.python.build:Building Python package in '/home/xavier/Developer/aquas-ROS-apriltags/src/aquas_dock_align'
[30.782s] INFO:colcon.colcon_core.shell:Skip shell extension 'powershell' for command environment: Not usable outside of PowerShell
[30.783s] DEBUG:colcon.colcon_core.shell:Skip shell extension 'dsv' for command environment
[30.811s] Level 1:colcon.colcon_core.environment:checking '/home/xavier/Developer/aquas-ROS-apriltags/install/aquas_camera_bringup' for CMake module files
[30.813s] DEBUG:colcon.colcon_core.event_handler.log_command:Invoked command in '/home/xavier/Developer/aquas-ROS-apriltags/src/aquas_camera_bringup' returned '0': PYTHONPATH=/home/xavier/Developer/aquas-ROS-apriltags/build/aquas_camera_bringup/prefix_override:/usr/lib/python3/dist-packages/colcon_core/task/python/colcon_distutils_commands:/home/xavier/Developer/aquas-ROS-apriltags/install/aquas_camera_bringup/lib/python3.10/site-packages:${PYTHONPATH} /usr/bin/python3 -W ignore:setup.py install is deprecated -W ignore:easy_install command is deprecated setup.py egg_info --egg-base ../../build/aquas_camera_bringup build --build-base /home/xavier/Developer/aquas-ROS-apriltags/build/aquas_camera_bringup/build install --record /home/xavier/Developer/aquas-ROS-apriltags/build/aquas_camera_bringup/install.log --single-version-externally-managed install_data --force
[30.817s] Level 1:colcon.colcon_core.environment:checking '/home/xavier/Developer/aquas-ROS-apriltags/install/aquas_camera_bringup' for CMake config files
[30.830s] Level 1:colcon.colcon_core.environment:checking '/home/xavier/Developer/aquas-ROS-apriltags/install/aquas_camera_bringup/lib'
[30.832s] Level 1:colcon.colcon_core.environment:checking '/home/xavier/Developer/aquas-ROS-apriltags/install/aquas_camera_bringup/bin'
[30.832s] Level 1:colcon.colcon_core.environment:checking '/home/xavier/Developer/aquas-ROS-apriltags/install/aquas_camera_bringup/lib/pkgconfig/aquas_camera_bringup.pc'
[30.834s] Level 1:colcon.colcon_core.environment:checking '/home/xavier/Developer/aquas-ROS-apriltags/install/aquas_camera_bringup/lib/python3.10/site-packages'
[30.836s] Level 1:colcon.colcon_core.shell:create_environment_hook('aquas_camera_bringup', 'pythonpath')
[30.838s] INFO:colcon.colcon_core.shell:Creating environment hook '/home/xavier/Developer/aquas-ROS-apriltags/install/aquas_camera_bringup/share/aquas_camera_bringup/hook/pythonpath.ps1'
[30.842s] INFO:colcon.colcon_core.shell:Creating environment descriptor '/home/xavier/Developer/aquas-ROS-apriltags/install/aquas_camera_bringup/share/aquas_camera_bringup/hook/pythonpath.dsv'
[30.845s] INFO:colcon.colcon_core.shell:Creating environment hook '/home/xavier/Developer/aquas-ROS-apriltags/install/aquas_camera_bringup/share/aquas_camera_bringup/hook/pythonpath.sh'
[30.851s] Level 1:colcon.colcon_core.environment:checking '/home/xavier/Developer/aquas-ROS-apriltags/install/aquas_camera_bringup/bin'
[30.851s] Level 1:colcon.colcon_core.environment:create_environment_scripts_only(aquas_camera_bringup)
[30.853s] INFO:colcon.colcon_core.shell:Creating package script '/home/xavier/Developer/aquas-ROS-apriltags/install/aquas_camera_bringup/share/aquas_camera_bringup/package.ps1'
[30.857s] INFO:colcon.colcon_core.shell:Creating package descriptor '/home/xavier/Developer/aquas-ROS-apriltags/install/aquas_camera_bringup/share/aquas_camera_bringup/package.dsv'
[30.861s] INFO:colcon.colcon_core.shell:Creating package script '/home/xavier/Developer/aquas-ROS-apriltags/install/aquas_camera_bringup/share/aquas_camera_bringup/package.sh'
[30.865s] INFO:colcon.colcon_core.shell:Creating package script '/home/xavier/Developer/aquas-ROS-apriltags/install/aquas_camera_bringup/share/aquas_camera_bringup/package.bash'
[30.869s] INFO:colcon.colcon_core.shell:Creating package script '/home/xavier/Developer/aquas-ROS-apriltags/install/aquas_camera_bringup/share/aquas_camera_bringup/package.zsh'
[30.872s] Level 1:colcon.colcon_core.environment:create_file_with_runtime_dependencies(/home/xavier/Developer/aquas-ROS-apriltags/install/aquas_camera_bringup/share/colcon-core/packages/aquas_camera_bringup)
[30.876s] INFO:colcon.colcon_ros.task.ament_python.build:Building ROS package in '/home/xavier/Developer/aquas-ROS-apriltags/src/image_common/camera_info_manager_py' with build type 'ament_python'
[30.877s] Level 1:colcon.colcon_core.shell:create_environment_hook('camera_info_manager_py', 'ament_prefix_path')
[30.879s] INFO:colcon.colcon_core.shell:Creating environment hook '/home/xavier/Developer/aquas-ROS-apriltags/install/camera_info_manager_py/share/camera_info_manager_py/hook/ament_prefix_path.ps1'
[30.886s] INFO:colcon.colcon_core.shell:Creating environment descriptor '/home/xavier/Developer/aquas-ROS-apriltags/install/camera_info_manager_py/share/camera_info_manager_py/hook/ament_prefix_path.dsv'
[30.890s] INFO:colcon.colcon_core.shell:Creating environment hook '/home/xavier/Developer/aquas-ROS-apriltags/install/camera_info_manager_py/share/camera_info_manager_py/hook/ament_prefix_path.sh'
[30.894s] INFO:colcon.colcon_core.shell:Skip shell extension 'powershell' for command environment: Not usable outside of PowerShell
[30.894s] DEBUG:colcon.colcon_core.shell:Skip shell extension 'dsv' for command environment
[33.292s] INFO:colcon.colcon_core.task.python.build:Building Python package in '/home/xavier/Developer/aquas-ROS-apriltags/src/image_common/camera_info_manager_py'
[33.295s] INFO:colcon.colcon_core.shell:Skip shell extension 'powershell' for command environment: Not usable outside of PowerShell
[33.295s] DEBUG:colcon.colcon_core.shell:Skip shell extension 'dsv' for command environment
[33.787s] DEBUG:colcon.colcon_core.event_handler.log_command:Invoking command in '/home/xavier/Developer/aquas-ROS-apriltags/src/aquas_dock_align': PYTHONPATH=/home/xavier/Developer/aquas-ROS-apriltags/build/aquas_dock_align/prefix_override:/usr/lib/python3/dist-packages/colcon_core/task/python/colcon_distutils_commands:/home/xavier/Developer/aquas-ROS-apriltags/install/aquas_dock_align/lib/python3.10/site-packages:${PYTHONPATH} /usr/bin/python3 -W ignore:setup.py install is deprecated -W ignore:easy_install command is deprecated setup.py egg_info --egg-base ../../build/aquas_dock_align build --build-base /home/xavier/Developer/aquas-ROS-apriltags/build/aquas_dock_align/build install --record /home/xavier/Developer/aquas-ROS-apriltags/build/aquas_dock_align/install.log --single-version-externally-managed install_data
[35.621s] DEBUG:colcon.colcon_core.event_handler.log_command:Invoking command in '/home/xavier/Developer/aquas-ROS-apriltags/src/image_common/camera_info_manager_py': PYTHONPATH=/home/xavier/Developer/aquas-ROS-apriltags/build/camera_info_manager_py/prefix_override:/usr/lib/python3/dist-packages/colcon_core/task/python/colcon_distutils_commands:/home/xavier/Developer/aquas-ROS-apriltags/install/camera_info_manager_py/lib/python3.10/site-packages:${PYTHONPATH} /usr/bin/python3 -W ignore:setup.py install is deprecated -W ignore:easy_install command is deprecated setup.py egg_info --egg-base ../../../build/camera_info_manager_py build --build-base /home/xavier/Developer/aquas-ROS-apriltags/build/camera_info_manager_py/build install --record /home/xavier/Developer/aquas-ROS-apriltags/build/camera_info_manager_py/install.log --single-version-externally-managed install_data
[36.073s] Level 1:colcon.colcon_core.environment:checking '/home/xavier/Developer/aquas-ROS-apriltags/install/aquas_dock_align' for CMake module files
[36.077s] Level 1:colcon.colcon_core.environment:checking '/home/xavier/Developer/aquas-ROS-apriltags/install/aquas_dock_align' for CMake config files
[36.085s] DEBUG:colcon.colcon_core.event_handler.log_command:Invoked command in '/home/xavier/Developer/aquas-ROS-apriltags/src/aquas_dock_align' returned '0': PYTHONPATH=/home/xavier/Developer/aquas-ROS-apriltags/build/aquas_dock_align/prefix_override:/usr/lib/python3/dist-packages/colcon_core/task/python/colcon_distutils_commands:/home/xavier/Developer/aquas-ROS-apriltags/install/aquas_dock_align/lib/python3.10/site-packages:${PYTHONPATH} /usr/bin/python3 -W ignore:setup.py install is deprecated -W ignore:easy_install command is deprecated setup.py egg_info --egg-base ../../build/aquas_dock_align build --build-base /home/xavier/Developer/aquas-ROS-apriltags/build/aquas_dock_align/build install --record /home/xavier/Developer/aquas-ROS-apriltags/build/aquas_dock_align/install.log --single-version-externally-managed install_data
[36.086s] Level 1:colcon.colcon_core.environment:checking '/home/xavier/Developer/aquas-ROS-apriltags/install/aquas_dock_align/lib'
[36.087s] Level 1:colcon.colcon_core.environment:checking '/home/xavier/Developer/aquas-ROS-apriltags/install/aquas_dock_align/bin'
[36.088s] Level 1:colcon.colcon_core.environment:checking '/home/xavier/Developer/aquas-ROS-apriltags/install/aquas_dock_align/lib/pkgconfig/aquas_dock_align.pc'
[36.090s] Level 1:colcon.colcon_core.environment:checking '/home/xavier/Developer/aquas-ROS-apriltags/install/aquas_dock_align/lib/python3.10/site-packages'
[36.090s] Level 1:colcon.colcon_core.shell:create_environment_hook('aquas_dock_align', 'pythonpath')
[36.092s] INFO:colcon.colcon_core.shell:Creating environment hook '/home/xavier/Developer/aquas-ROS-apriltags/install/aquas_dock_align/share/aquas_dock_align/hook/pythonpath.ps1'
[36.096s] INFO:colcon.colcon_core.shell:Creating environment descriptor '/home/xavier/Developer/aquas-ROS-apriltags/install/aquas_dock_align/share/aquas_dock_align/hook/pythonpath.dsv'
[36.099s] INFO:colcon.colcon_core.shell:Creating environment hook '/home/xavier/Developer/aquas-ROS-apriltags/install/aquas_dock_align/share/aquas_dock_align/hook/pythonpath.sh'
[36.105s] Level 1:colcon.colcon_core.environment:checking '/home/xavier/Developer/aquas-ROS-apriltags/install/aquas_dock_align/bin'
[36.105s] Level 1:colcon.colcon_core.environment:create_environment_scripts_only(aquas_dock_align)
[36.107s] INFO:colcon.colcon_core.shell:Creating package script '/home/xavier/Developer/aquas-ROS-apriltags/install/aquas_dock_align/share/aquas_dock_align/package.ps1'
[36.112s] INFO:colcon.colcon_core.shell:Creating package descriptor '/home/xavier/Developer/aquas-ROS-apriltags/install/aquas_dock_align/share/aquas_dock_align/package.dsv'
[36.117s] INFO:colcon.colcon_core.shell:Creating package script '/home/xavier/Developer/aquas-ROS-apriltags/install/aquas_dock_align/share/aquas_dock_align/package.sh'
[36.120s] INFO:colcon.colcon_core.shell:Creating package script '/home/xavier/Developer/aquas-ROS-apriltags/install/aquas_dock_align/share/aquas_dock_align/package.bash'
[36.124s] INFO:colcon.colcon_core.shell:Creating package script '/home/xavier/Developer/aquas-ROS-apriltags/install/aquas_dock_align/share/aquas_dock_align/package.zsh'
[36.127s] Level 1:colcon.colcon_core.environment:create_file_with_runtime_dependencies(/home/xavier/Developer/aquas-ROS-apriltags/install/aquas_dock_align/share/colcon-core/packages/aquas_dock_align)
[38.363s] Level 1:colcon.colcon_core.environment:checking '/home/xavier/Developer/aquas-ROS-apriltags/install/camera_info_manager_py' for CMake module files
[38.366s] DEBUG:colcon.colcon_core.event_handler.log_command:Invoked command in '/home/xavier/Developer/aquas-ROS-apriltags/src/image_common/camera_info_manager_py' returned '0': PYTHONPATH=/home/xavier/Developer/aquas-ROS-apriltags/build/camera_info_manager_py/prefix_override:/usr/lib/python3/dist-packages/colcon_core/task/python/colcon_distutils_commands:/home/xavier/Developer/aquas-ROS-apriltags/install/camera_info_manager_py/lib/python3.10/site-packages:${PYTHONPATH} /usr/bin/python3 -W ignore:setup.py install is deprecated -W ignore:easy_install command is deprecated setup.py egg_info --egg-base ../../../build/camera_info_manager_py build --build-base /home/xavier/Developer/aquas-ROS-apriltags/build/camera_info_manager_py/build install --record /home/xavier/Developer/aquas-ROS-apriltags/build/camera_info_manager_py/install.log --single-version-externally-managed install_data
[38.369s] Level 1:colcon.colcon_core.environment:checking '/home/xavier/Developer/aquas-ROS-apriltags/install/camera_info_manager_py' for CMake config files
[38.375s] Level 1:colcon.colcon_core.environment:checking '/home/xavier/Developer/aquas-ROS-apriltags/install/camera_info_manager_py/lib'
[38.376s] Level 1:colcon.colcon_core.environment:checking '/home/xavier/Developer/aquas-ROS-apriltags/install/camera_info_manager_py/bin'
[38.377s] Level 1:colcon.colcon_core.environment:checking '/home/xavier/Developer/aquas-ROS-apriltags/install/camera_info_manager_py/lib/pkgconfig/camera_info_manager_py.pc'
[38.378s] Level 1:colcon.colcon_core.environment:checking '/home/xavier/Developer/aquas-ROS-apriltags/install/camera_info_manager_py/lib/python3.10/site-packages'
[38.379s] Level 1:colcon.colcon_core.shell:create_environment_hook('camera_info_manager_py', 'pythonpath')
[38.381s] INFO:colcon.colcon_core.shell:Creating environment hook '/home/xavier/Developer/aquas-ROS-apriltags/install/camera_info_manager_py/share/camera_info_manager_py/hook/pythonpath.ps1'
[38.385s] INFO:colcon.colcon_core.shell:Creating environment descriptor '/home/xavier/Developer/aquas-ROS-apriltags/install/camera_info_manager_py/share/camera_info_manager_py/hook/pythonpath.dsv'
[38.388s] INFO:colcon.colcon_core.shell:Creating environment hook '/home/xavier/Developer/aquas-ROS-apriltags/install/camera_info_manager_py/share/camera_info_manager_py/hook/pythonpath.sh'
[38.393s] Level 1:colcon.colcon_core.environment:checking '/home/xavier/Developer/aquas-ROS-apriltags/install/camera_info_manager_py/bin'
[38.394s] Level 1:colcon.colcon_core.environment:create_environment_scripts_only(camera_info_manager_py)
[38.396s] INFO:colcon.colcon_core.shell:Creating package script '/home/xavier/Developer/aquas-ROS-apriltags/install/camera_info_manager_py/share/camera_info_manager_py/package.ps1'
[38.400s] INFO:colcon.colcon_core.shell:Creating package descriptor '/home/xavier/Developer/aquas-ROS-apriltags/install/camera_info_manager_py/share/camera_info_manager_py/package.dsv'
[38.403s] INFO:colcon.colcon_core.shell:Creating package script '/home/xavier/Developer/aquas-ROS-apriltags/install/camera_info_manager_py/share/camera_info_manager_py/package.sh'
[38.407s] INFO:colcon.colcon_core.shell:Creating package script '/home/xavier/Developer/aquas-ROS-apriltags/install/camera_info_manager_py/share/camera_info_manager_py/package.bash'
[38.411s] INFO:colcon.colcon_core.shell:Creating package script '/home/xavier/Developer/aquas-ROS-apriltags/install/camera_info_manager_py/share/camera_info_manager_py/package.zsh'
[38.414s] Level 1:colcon.colcon_core.environment:create_file_with_runtime_dependencies(/home/xavier/Developer/aquas-ROS-apriltags/install/camera_info_manager_py/share/colcon-core/packages/camera_info_manager_py)
[80.702s] DEBUG:colcon.colcon_core.event_handler.log_command:Invoked command in '/home/xavier/Developer/aquas-ROS-apriltags/build/camera_calibration_parsers' returned '0': CMAKE_PREFIX_PATH=/opt/ros/humble /usr/bin/cmake --build /home/xavier/Developer/aquas-ROS-apriltags/build/camera_calibration_parsers -- -j4 -l4
[80.717s] DEBUG:colcon.colcon_core.event_handler.log_command:Invoking command in '/home/xavier/Developer/aquas-ROS-apriltags/build/camera_calibration_parsers': CMAKE_PREFIX_PATH=/opt/ros/humble /usr/bin/cmake --install /home/xavier/Developer/aquas-ROS-apriltags/build/camera_calibration_parsers
[81.813s] Level 1:colcon.colcon_core.environment:create_environment_scripts_only(camera_calibration_parsers)
[81.815s] Level 1:colcon.colcon_core.environment:checking '/home/xavier/Developer/aquas-ROS-apriltags/install/camera_calibration_parsers' for CMake module files
[81.817s] DEBUG:colcon.colcon_core.event_handler.log_command:Invoked command in '/home/xavier/Developer/aquas-ROS-apriltags/build/camera_calibration_parsers' returned '0': CMAKE_PREFIX_PATH=/opt/ros/humble /usr/bin/cmake --install /home/xavier/Developer/aquas-ROS-apriltags/build/camera_calibration_parsers
[81.821s] Level 1:colcon.colcon_core.environment:checking '/home/xavier/Developer/aquas-ROS-apriltags/install/camera_calibration_parsers' for CMake config files
[81.827s] Level 1:colcon.colcon_core.shell:create_environment_hook('camera_calibration_parsers', 'cmake_prefix_path')
[81.829s] INFO:colcon.colcon_core.shell:Creating environment hook '/home/xavier/Developer/aquas-ROS-apriltags/install/camera_calibration_parsers/share/camera_calibration_parsers/hook/cmake_prefix_path.ps1'
[81.832s] INFO:colcon.colcon_core.shell:Creating environment descriptor '/home/xavier/Developer/aquas-ROS-apriltags/install/camera_calibration_parsers/share/camera_calibration_parsers/hook/cmake_prefix_path.dsv'
[81.834s] INFO:colcon.colcon_core.shell:Creating environment hook '/home/xavier/Developer/aquas-ROS-apriltags/install/camera_calibration_parsers/share/camera_calibration_parsers/hook/cmake_prefix_path.sh'
[81.841s] Level 1:colcon.colcon_core.environment:checking '/home/xavier/Developer/aquas-ROS-apriltags/install/camera_calibration_parsers/lib'
[81.842s] Level 1:colcon.colcon_core.shell:create_environment_hook('camera_calibration_parsers', 'ld_library_path_lib')
[81.843s] INFO:colcon.colcon_core.shell:Creating environment hook '/home/xavier/Developer/aquas-ROS-apriltags/install/camera_calibration_parsers/share/camera_calibration_parsers/hook/ld_library_path_lib.ps1'
[81.846s] INFO:colcon.colcon_core.shell:Creating environment descriptor '/home/xavier/Developer/aquas-ROS-apriltags/install/camera_calibration_parsers/share/camera_calibration_parsers/hook/ld_library_path_lib.dsv'
[81.848s] INFO:colcon.colcon_core.shell:Creating environment hook '/home/xavier/Developer/aquas-ROS-apriltags/install/camera_calibration_parsers/share/camera_calibration_parsers/hook/ld_library_path_lib.sh'
[81.851s] Level 1:colcon.colcon_core.environment:checking '/home/xavier/Developer/aquas-ROS-apriltags/install/camera_calibration_parsers/bin'
[81.851s] Level 1:colcon.colcon_core.environment:checking '/home/xavier/Developer/aquas-ROS-apriltags/install/camera_calibration_parsers/lib/pkgconfig/camera_calibration_parsers.pc'
[81.852s] Level 1:colcon.colcon_core.environment:checking '/home/xavier/Developer/aquas-ROS-apriltags/install/camera_calibration_parsers/lib/python3.10/site-packages'
[81.854s] Level 1:colcon.colcon_core.environment:checking '/home/xavier/Developer/aquas-ROS-apriltags/install/camera_calibration_parsers/bin'
[81.856s] INFO:colcon.colcon_core.shell:Creating package script '/home/xavier/Developer/aquas-ROS-apriltags/install/camera_calibration_parsers/share/camera_calibration_parsers/package.ps1'
[81.863s] INFO:colcon.colcon_core.shell:Creating package descriptor '/home/xavier/Developer/aquas-ROS-apriltags/install/camera_calibration_parsers/share/camera_calibration_parsers/package.dsv'
[81.868s] INFO:colcon.colcon_core.shell:Creating package script '/home/xavier/Developer/aquas-ROS-apriltags/install/camera_calibration_parsers/share/camera_calibration_parsers/package.sh'
[81.871s] INFO:colcon.colcon_core.shell:Creating package script '/home/xavier/Developer/aquas-ROS-apriltags/install/camera_calibration_parsers/share/camera_calibration_parsers/package.bash'
[81.875s] INFO:colcon.colcon_core.shell:Creating package script '/home/xavier/Developer/aquas-ROS-apriltags/install/camera_calibration_parsers/share/camera_calibration_parsers/package.zsh'
[81.878s] Level 1:colcon.colcon_core.environment:create_file_with_runtime_dependencies(/home/xavier/Developer/aquas-ROS-apriltags/install/camera_calibration_parsers/share/colcon-core/packages/camera_calibration_parsers)
[81.882s] Level 1:colcon.colcon_core.environment:create_environment_scripts_only(camera_calibration_parsers)
[81.883s] Level 1:colcon.colcon_core.environment:checking '/home/xavier/Developer/aquas-ROS-apriltags/install/camera_calibration_parsers' for CMake module files
[81.888s] Level 1:colcon.colcon_core.environment:checking '/home/xavier/Developer/aquas-ROS-apriltags/install/camera_calibration_parsers' for CMake config files
[81.894s] Level 1:colcon.colcon_core.shell:create_environment_hook('camera_calibration_parsers', 'cmake_prefix_path')
[81.895s] INFO:colcon.colcon_core.shell:Creating environment hook '/home/xavier/Developer/aquas-ROS-apriltags/install/camera_calibration_parsers/share/camera_calibration_parsers/hook/cmake_prefix_path.ps1'
[81.898s] INFO:colcon.colcon_core.shell:Creating environment descriptor '/home/xavier/Developer/aquas-ROS-apriltags/install/camera_calibration_parsers/share/camera_calibration_parsers/hook/cmake_prefix_path.dsv'
[81.901s] INFO:colcon.colcon_core.shell:Creating environment hook '/home/xavier/Developer/aquas-ROS-apriltags/install/camera_calibration_parsers/share/camera_calibration_parsers/hook/cmake_prefix_path.sh'
[81.905s] Level 1:colcon.colcon_core.environment:checking '/home/xavier/Developer/aquas-ROS-apriltags/install/camera_calibration_parsers/lib'
[81.905s] Level 1:colcon.colcon_core.shell:create_environment_hook('camera_calibration_parsers', 'ld_library_path_lib')
[81.907s] INFO:colcon.colcon_core.shell:Creating environment hook '/home/xavier/Developer/aquas-ROS-apriltags/install/camera_calibration_parsers/share/camera_calibration_parsers/hook/ld_library_path_lib.ps1'
[81.910s] INFO:colcon.colcon_core.shell:Creating environment descriptor '/home/xavier/Developer/aquas-ROS-apriltags/install/camera_calibration_parsers/share/camera_calibration_parsers/hook/ld_library_path_lib.dsv'
[81.912s] INFO:colcon.colcon_core.shell:Creating environment hook '/home/xavier/Developer/aquas-ROS-apriltags/install/camera_calibration_parsers/share/camera_calibration_parsers/hook/ld_library_path_lib.sh'
[81.915s] Level 1:colcon.colcon_core.environment:checking '/home/xavier/Developer/aquas-ROS-apriltags/install/camera_calibration_parsers/bin'
[81.916s] Level 1:colcon.colcon_core.environment:checking '/home/xavier/Developer/aquas-ROS-apriltags/install/camera_calibration_parsers/lib/pkgconfig/camera_calibration_parsers.pc'
[81.917s] Level 1:colcon.colcon_core.environment:checking '/home/xavier/Developer/aquas-ROS-apriltags/install/camera_calibration_parsers/lib/python3.10/site-packages'
[81.919s] Level 1:colcon.colcon_core.environment:checking '/home/xavier/Developer/aquas-ROS-apriltags/install/camera_calibration_parsers/bin'
[81.921s] INFO:colcon.colcon_core.shell:Creating package script '/home/xavier/Developer/aquas-ROS-apriltags/install/camera_calibration_parsers/share/camera_calibration_parsers/package.ps1'
[81.969s] INFO:colcon.colcon_core.shell:Creating package descriptor '/home/xavier/Developer/aquas-ROS-apriltags/install/camera_calibration_parsers/share/camera_calibration_parsers/package.dsv'
[81.972s] INFO:colcon.colcon_core.shell:Creating package script '/home/xavier/Developer/aquas-ROS-apriltags/install/camera_calibration_parsers/share/camera_calibration_parsers/package.sh'
[81.976s] INFO:colcon.colcon_core.shell:Creating package script '/home/xavier/Developer/aquas-ROS-apriltags/install/camera_calibration_parsers/share/camera_calibration_parsers/package.bash'
[81.979s] INFO:colcon.colcon_core.shell:Creating package script '/home/xavier/Developer/aquas-ROS-apriltags/install/camera_calibration_parsers/share/camera_calibration_parsers/package.zsh'
[81.982s] Level 1:colcon.colcon_core.environment:create_file_with_runtime_dependencies(/home/xavier/Developer/aquas-ROS-apriltags/install/camera_calibration_parsers/share/colcon-core/packages/camera_calibration_parsers)
[81.984s] INFO:colcon.colcon_ros.task.ament_cmake.build:Building ROS package in '/home/xavier/Developer/aquas-ROS-apriltags/src/image_common/camera_info_manager' with build type 'ament_cmake'
[81.984s] INFO:colcon.colcon_cmake.task.cmake.build:Building CMake package in '/home/xavier/Developer/aquas-ROS-apriltags/src/image_common/camera_info_manager'
[81.986s] INFO:colcon.colcon_core.shell:Skip shell extension 'powershell' for command environment: Not usable outside of PowerShell
[81.986s] DEBUG:colcon.colcon_core.shell:Skip shell extension 'dsv' for command environment
[82.113s] DEBUG:colcon.colcon_core.event_handler.log_command:Invoking command in '/home/xavier/Developer/aquas-ROS-apriltags/build/camera_info_manager': AMENT_PREFIX_PATH=/home/xavier/Developer/aquas-ROS-apriltags/install/camera_calibration_parsers:${AMENT_PREFIX_PATH} CMAKE_PREFIX_PATH=/home/xavier/Developer/aquas-ROS-apriltags/install/camera_calibration_parsers:/opt/ros/humble LD_LIBRARY_PATH=/home/xavier/Developer/aquas-ROS-apriltags/install/camera_calibration_parsers/lib:${LD_LIBRARY_PATH} /usr/bin/cmake /home/xavier/Developer/aquas-ROS-apriltags/src/image_common/camera_info_manager -DCMAKE_INSTALL_PREFIX=/home/xavier/Developer/aquas-ROS-apriltags/install/camera_info_manager
[92.686s] DEBUG:colcon.colcon_core.event_handler.log_command:Invoked command in '/home/xavier/Developer/aquas-ROS-apriltags/build/camera_info_manager' returned '0': AMENT_PREFIX_PATH=/home/xavier/Developer/aquas-ROS-apriltags/install/camera_calibration_parsers:${AMENT_PREFIX_PATH} CMAKE_PREFIX_PATH=/home/xavier/Developer/aquas-ROS-apriltags/install/camera_calibration_parsers:/opt/ros/humble LD_LIBRARY_PATH=/home/xavier/Developer/aquas-ROS-apriltags/install/camera_calibration_parsers/lib:${LD_LIBRARY_PATH} /usr/bin/cmake /home/xavier/Developer/aquas-ROS-apriltags/src/image_common/camera_info_manager -DCMAKE_INSTALL_PREFIX=/home/xavier/Developer/aquas-ROS-apriltags/install/camera_info_manager
[92.697s] DEBUG:colcon.colcon_core.event_handler.log_command:Invoking command in '/home/xavier/Developer/aquas-ROS-apriltags/build/camera_info_manager': AMENT_PREFIX_PATH=/home/xavier/Developer/aquas-ROS-apriltags/install/camera_calibration_parsers:${AMENT_PREFIX_PATH} CMAKE_PREFIX_PATH=/home/xavier/Developer/aquas-ROS-apriltags/install/camera_calibration_parsers:/opt/ros/humble LD_LIBRARY_PATH=/home/xavier/Developer/aquas-ROS-apriltags/install/camera_calibration_parsers/lib:${LD_LIBRARY_PATH} /usr/bin/cmake --build /home/xavier/Developer/aquas-ROS-apriltags/build/camera_info_manager -- -j4 -l4
[110.326s] DEBUG:colcon.colcon_core.event_handler.log_command:Invoked command in '/home/xavier/Developer/aquas-ROS-apriltags/build/camera_info_manager' returned '0': AMENT_PREFIX_PATH=/home/xavier/Developer/aquas-ROS-apriltags/install/camera_calibration_parsers:${AMENT_PREFIX_PATH} CMAKE_PREFIX_PATH=/home/xavier/Developer/aquas-ROS-apriltags/install/camera_calibration_parsers:/opt/ros/humble LD_LIBRARY_PATH=/home/xavier/Developer/aquas-ROS-apriltags/install/camera_calibration_parsers/lib:${LD_LIBRARY_PATH} /usr/bin/cmake --build /home/xavier/Developer/aquas-ROS-apriltags/build/camera_info_manager -- -j4 -l4
[110.350s] DEBUG:colcon.colcon_core.event_handler.log_command:Invoking command in '/home/xavier/Developer/aquas-ROS-apriltags/build/camera_info_manager': AMENT_PREFIX_PATH=/home/xavier/Developer/aquas-ROS-apriltags/install/camera_calibration_parsers:${AMENT_PREFIX_PATH} CMAKE_PREFIX_PATH=/home/xavier/Developer/aquas-ROS-apriltags/install/camera_calibration_parsers:/opt/ros/humble LD_LIBRARY_PATH=/home/xavier/Developer/aquas-ROS-apriltags/install/camera_calibration_parsers/lib:${LD_LIBRARY_PATH} /usr/bin/cmake --install /home/xavier/Developer/aquas-ROS-apriltags/build/camera_info_manager
[110.500s] Level 1:colcon.colcon_core.environment:create_environment_scripts_only(camera_info_manager)
[110.503s] Level 1:colcon.colcon_core.environment:checking '/home/xavier/Developer/aquas-ROS-apriltags/install/camera_info_manager' for CMake module files
[110.507s] Level 1:colcon.colcon_core.environment:checking '/home/xavier/Developer/aquas-ROS-apriltags/install/camera_info_manager' for CMake config files
[110.510s] Level 1:colcon.colcon_core.shell:create_environment_hook('camera_info_manager', 'cmake_prefix_path')
[110.512s] INFO:colcon.colcon_core.shell:Creating environment hook '/home/xavier/Developer/aquas-ROS-apriltags/install/camera_info_manager/share/camera_info_manager/hook/cmake_prefix_path.ps1'
[110.514s] DEBUG:colcon.colcon_core.event_handler.log_command:Invoked command in '/home/xavier/Developer/aquas-ROS-apriltags/build/camera_info_manager' returned '0': AMENT_PREFIX_PATH=/home/xavier/Developer/aquas-ROS-apriltags/install/camera_calibration_parsers:${AMENT_PREFIX_PATH} CMAKE_PREFIX_PATH=/home/xavier/Developer/aquas-ROS-apriltags/install/camera_calibration_parsers:/opt/ros/humble LD_LIBRARY_PATH=/home/xavier/Developer/aquas-ROS-apriltags/install/camera_calibration_parsers/lib:${LD_LIBRARY_PATH} /usr/bin/cmake --install /home/xavier/Developer/aquas-ROS-apriltags/build/camera_info_manager
[110.532s] INFO:colcon.colcon_core.shell:Creating environment descriptor '/home/xavier/Developer/aquas-ROS-apriltags/install/camera_info_manager/share/camera_info_manager/hook/cmake_prefix_path.dsv'
[110.552s] INFO:colcon.colcon_core.shell:Creating environment hook '/home/xavier/Developer/aquas-ROS-apriltags/install/camera_info_manager/share/camera_info_manager/hook/cmake_prefix_path.sh'
[110.559s] Level 1:colcon.colcon_core.environment:checking '/home/xavier/Developer/aquas-ROS-apriltags/install/camera_info_manager/lib'
[110.561s] Level 1:colcon.colcon_core.shell:create_environment_hook('camera_info_manager', 'ld_library_path_lib')
[110.563s] INFO:colcon.colcon_core.shell:Creating environment hook '/home/xavier/Developer/aquas-ROS-apriltags/install/camera_info_manager/share/camera_info_manager/hook/ld_library_path_lib.ps1'
[110.567s] INFO:colcon.colcon_core.shell:Creating environment descriptor '/home/xavier/Developer/aquas-ROS-apriltags/install/camera_info_manager/share/camera_info_manager/hook/ld_library_path_lib.dsv'
[110.571s] INFO:colcon.colcon_core.shell:Creating environment hook '/home/xavier/Developer/aquas-ROS-apriltags/install/camera_info_manager/share/camera_info_manager/hook/ld_library_path_lib.sh'
[110.575s] Level 1:colcon.colcon_core.environment:checking '/home/xavier/Developer/aquas-ROS-apriltags/install/camera_info_manager/bin'
[110.576s] Level 1:colcon.colcon_core.environment:checking '/home/xavier/Developer/aquas-ROS-apriltags/install/camera_info_manager/lib/pkgconfig/camera_info_manager.pc'
[110.579s] Level 1:colcon.colcon_core.environment:checking '/home/xavier/Developer/aquas-ROS-apriltags/install/camera_info_manager/lib/python3.10/site-packages'
[110.582s] Level 1:colcon.colcon_core.environment:checking '/home/xavier/Developer/aquas-ROS-apriltags/install/camera_info_manager/bin'
[110.584s] INFO:colcon.colcon_core.shell:Creating package script '/home/xavier/Developer/aquas-ROS-apriltags/install/camera_info_manager/share/camera_info_manager/package.ps1'
[110.592s] INFO:colcon.colcon_core.shell:Creating package descriptor '/home/xavier/Developer/aquas-ROS-apriltags/install/camera_info_manager/share/camera_info_manager/package.dsv'
[110.600s] INFO:colcon.colcon_core.shell:Creating package script '/home/xavier/Developer/aquas-ROS-apriltags/install/camera_info_manager/share/camera_info_manager/package.sh'
[110.609s] INFO:colcon.colcon_core.shell:Creating package script '/home/xavier/Developer/aquas-ROS-apriltags/install/camera_info_manager/share/camera_info_manager/package.bash'
[110.618s] INFO:colcon.colcon_core.shell:Creating package script '/home/xavier/Developer/aquas-ROS-apriltags/install/camera_info_manager/share/camera_info_manager/package.zsh'
[110.625s] Level 1:colcon.colcon_core.environment:create_file_with_runtime_dependencies(/home/xavier/Developer/aquas-ROS-apriltags/install/camera_info_manager/share/colcon-core/packages/camera_info_manager)
[110.630s] Level 1:colcon.colcon_core.environment:create_environment_scripts_only(camera_info_manager)
[110.632s] Level 1:colcon.colcon_core.environment:checking '/home/xavier/Developer/aquas-ROS-apriltags/install/camera_info_manager' for CMake module files
[110.637s] Level 1:colcon.colcon_core.environment:checking '/home/xavier/Developer/aquas-ROS-apriltags/install/camera_info_manager' for CMake config files
[110.640s] Level 1:colcon.colcon_core.shell:create_environment_hook('camera_info_manager', 'cmake_prefix_path')
[110.642s] INFO:colcon.colcon_core.shell:Creating environment hook '/home/xavier/Developer/aquas-ROS-apriltags/install/camera_info_manager/share/camera_info_manager/hook/cmake_prefix_path.ps1'
[110.645s] INFO:colcon.colcon_core.shell:Creating environment descriptor '/home/xavier/Developer/aquas-ROS-apriltags/install/camera_info_manager/share/camera_info_manager/hook/cmake_prefix_path.dsv'
[110.648s] INFO:colcon.colcon_core.shell:Creating environment hook '/home/xavier/Developer/aquas-ROS-apriltags/install/camera_info_manager/share/camera_info_manager/hook/cmake_prefix_path.sh'
[110.652s] Level 1:colcon.colcon_core.environment:checking '/home/xavier/Developer/aquas-ROS-apriltags/install/camera_info_manager/lib'
[110.652s] Level 1:colcon.colcon_core.shell:create_environment_hook('camera_info_manager', 'ld_library_path_lib')
[110.654s] INFO:colcon.colcon_core.shell:Creating environment hook '/home/xavier/Developer/aquas-ROS-apriltags/install/camera_info_manager/share/camera_info_manager/hook/ld_library_path_lib.ps1'
[110.656s] INFO:colcon.colcon_core.shell:Creating environment descriptor '/home/xavier/Developer/aquas-ROS-apriltags/install/camera_info_manager/share/camera_info_manager/hook/ld_library_path_lib.dsv'
[110.659s] INFO:colcon.colcon_core.shell:Creating environment hook '/home/xavier/Developer/aquas-ROS-apriltags/install/camera_info_manager/share/camera_info_manager/hook/ld_library_path_lib.sh'
[110.662s] Level 1:colcon.colcon_core.environment:checking '/home/xavier/Developer/aquas-ROS-apriltags/install/camera_info_manager/bin'
[110.662s] Level 1:colcon.colcon_core.environment:checking '/home/xavier/Developer/aquas-ROS-apriltags/install/camera_info_manager/lib/pkgconfig/camera_info_manager.pc'
[110.664s] Level 1:colcon.colcon_core.environment:checking '/home/xavier/Developer/aquas-ROS-apriltags/install/camera_info_manager/lib/python3.10/site-packages'
[110.666s] Level 1:colcon.colcon_core.environment:checking '/home/xavier/Developer/aquas-ROS-apriltags/install/camera_info_manager/bin'
[110.668s] INFO:colcon.colcon_core.shell:Creating package script '/home/xavier/Developer/aquas-ROS-apriltags/install/camera_info_manager/share/camera_info_manager/package.ps1'
[110.671s] INFO:colcon.colcon_core.shell:Creating package descriptor '/home/xavier/Developer/aquas-ROS-apriltags/install/camera_info_manager/share/camera_info_manager/package.dsv'
[110.675s] INFO:colcon.colcon_core.shell:Creating package script '/home/xavier/Developer/aquas-ROS-apriltags/install/camera_info_manager/share/camera_info_manager/package.sh'
[110.678s] INFO:colcon.colcon_core.shell:Creating package script '/home/xavier/Developer/aquas-ROS-apriltags/install/camera_info_manager/share/camera_info_manager/package.bash'
[110.681s] INFO:colcon.colcon_core.shell:Creating package script '/home/xavier/Developer/aquas-ROS-apriltags/install/camera_info_manager/share/camera_info_manager/package.zsh'
[110.684s] Level 1:colcon.colcon_core.environment:create_file_with_runtime_dependencies(/home/xavier/Developer/aquas-ROS-apriltags/install/camera_info_manager/share/colcon-core/packages/camera_info_manager)
[671.716s] DEBUG:colcon.colcon_core.event_handler.log_command:Invoked command in '/home/xavier/Developer/aquas-ROS-apriltags/build/image_transport' returned '0': CMAKE_PREFIX_PATH=/opt/ros/humble /usr/bin/cmake --build /home/xavier/Developer/aquas-ROS-apriltags/build/image_transport -- -j4 -l4
[671.771s] DEBUG:colcon.colcon_core.event_handler.log_command:Invoking command in '/home/xavier/Developer/aquas-ROS-apriltags/build/image_transport': CMAKE_PREFIX_PATH=/opt/ros/humble /usr/bin/cmake --install /home/xavier/Developer/aquas-ROS-apriltags/build/image_transport
[674.140s] Level 1:colcon.colcon_core.environment:create_environment_scripts_only(image_transport)
[674.149s] Level 1:colcon.colcon_core.environment:checking '/home/xavier/Developer/aquas-ROS-apriltags/install/image_transport' for CMake module files
[674.151s] DEBUG:colcon.colcon_core.event_handler.log_command:Invoked command in '/home/xavier/Developer/aquas-ROS-apriltags/build/image_transport' returned '0': CMAKE_PREFIX_PATH=/opt/ros/humble /usr/bin/cmake --install /home/xavier/Developer/aquas-ROS-apriltags/build/image_transport
[674.155s] Level 1:colcon.colcon_core.environment:checking '/home/xavier/Developer/aquas-ROS-apriltags/install/image_transport' for CMake config files
[674.162s] Level 1:colcon.colcon_core.shell:create_environment_hook('image_transport', 'cmake_prefix_path')
[674.164s] INFO:colcon.colcon_core.shell:Creating environment hook '/home/xavier/Developer/aquas-ROS-apriltags/install/image_transport/share/image_transport/hook/cmake_prefix_path.ps1'
[674.184s] INFO:colcon.colcon_core.shell:Creating environment descriptor '/home/xavier/Developer/aquas-ROS-apriltags/install/image_transport/share/image_transport/hook/cmake_prefix_path.dsv'
[674.195s] INFO:colcon.colcon_core.shell:Creating environment hook '/home/xavier/Developer/aquas-ROS-apriltags/install/image_transport/share/image_transport/hook/cmake_prefix_path.sh'
[674.208s] Level 1:colcon.colcon_core.environment:checking '/home/xavier/Developer/aquas-ROS-apriltags/install/image_transport/lib'
[674.209s] Level 1:colcon.colcon_core.shell:create_environment_hook('image_transport', 'ld_library_path_lib')
[674.210s] INFO:colcon.colcon_core.shell:Creating environment hook '/home/xavier/Developer/aquas-ROS-apriltags/install/image_transport/share/image_transport/hook/ld_library_path_lib.ps1'
[674.213s] INFO:colcon.colcon_core.shell:Creating environment descriptor '/home/xavier/Developer/aquas-ROS-apriltags/install/image_transport/share/image_transport/hook/ld_library_path_lib.dsv'
[674.216s] INFO:colcon.colcon_core.shell:Creating environment hook '/home/xavier/Developer/aquas-ROS-apriltags/install/image_transport/share/image_transport/hook/ld_library_path_lib.sh'
[674.218s] Level 1:colcon.colcon_core.environment:checking '/home/xavier/Developer/aquas-ROS-apriltags/install/image_transport/bin'
[674.219s] Level 1:colcon.colcon_core.environment:checking '/home/xavier/Developer/aquas-ROS-apriltags/install/image_transport/lib/pkgconfig/image_transport.pc'
[674.223s] Level 1:colcon.colcon_core.environment:checking '/home/xavier/Developer/aquas-ROS-apriltags/install/image_transport/lib/python3.10/site-packages'
[674.225s] Level 1:colcon.colcon_core.environment:checking '/home/xavier/Developer/aquas-ROS-apriltags/install/image_transport/bin'
[674.227s] INFO:colcon.colcon_core.shell:Creating package script '/home/xavier/Developer/aquas-ROS-apriltags/install/image_transport/share/image_transport/package.ps1'
[674.232s] INFO:colcon.colcon_core.shell:Creating package descriptor '/home/xavier/Developer/aquas-ROS-apriltags/install/image_transport/share/image_transport/package.dsv'
[674.235s] INFO:colcon.colcon_core.shell:Creating package script '/home/xavier/Developer/aquas-ROS-apriltags/install/image_transport/share/image_transport/package.sh'
[674.239s] INFO:colcon.colcon_core.shell:Creating package script '/home/xavier/Developer/aquas-ROS-apriltags/install/image_transport/share/image_transport/package.bash'
[674.244s] INFO:colcon.colcon_core.shell:Creating package script '/home/xavier/Developer/aquas-ROS-apriltags/install/image_transport/share/image_transport/package.zsh'
[674.249s] Level 1:colcon.colcon_core.environment:create_file_with_runtime_dependencies(/home/xavier/Developer/aquas-ROS-apriltags/install/image_transport/share/colcon-core/packages/image_transport)
[674.253s] Level 1:colcon.colcon_core.environment:create_environment_scripts_only(image_transport)
[674.255s] Level 1:colcon.colcon_core.environment:checking '/home/xavier/Developer/aquas-ROS-apriltags/install/image_transport' for CMake module files
[674.260s] Level 1:colcon.colcon_core.environment:checking '/home/xavier/Developer/aquas-ROS-apriltags/install/image_transport' for CMake config files
[674.266s] Level 1:colcon.colcon_core.shell:create_environment_hook('image_transport', 'cmake_prefix_path')
[674.267s] INFO:colcon.colcon_core.shell:Creating environment hook '/home/xavier/Developer/aquas-ROS-apriltags/install/image_transport/share/image_transport/hook/cmake_prefix_path.ps1'
[674.269s] INFO:colcon.colcon_core.shell:Creating environment descriptor '/home/xavier/Developer/aquas-ROS-apriltags/install/image_transport/share/image_transport/hook/cmake_prefix_path.dsv'
[674.271s] INFO:colcon.colcon_core.shell:Creating environment hook '/home/xavier/Developer/aquas-ROS-apriltags/install/image_transport/share/image_transport/hook/cmake_prefix_path.sh'
[674.274s] Level 1:colcon.colcon_core.environment:checking '/home/xavier/Developer/aquas-ROS-apriltags/install/image_transport/lib'
[674.275s] Level 1:colcon.colcon_core.shell:create_environment_hook('image_transport', 'ld_library_path_lib')
[674.276s] INFO:colcon.colcon_core.shell:Creating environment hook '/home/xavier/Developer/aquas-ROS-apriltags/install/image_transport/share/image_transport/hook/ld_library_path_lib.ps1'
[674.278s] INFO:colcon.colcon_core.shell:Creating environment descriptor '/home/xavier/Developer/aquas-ROS-apriltags/install/image_transport/share/image_transport/hook/ld_library_path_lib.dsv'
[674.280s] INFO:colcon.colcon_core.shell:Creating environment hook '/home/xavier/Developer/aquas-ROS-apriltags/install/image_transport/share/image_transport/hook/ld_library_path_lib.sh'
[674.283s] Level 1:colcon.colcon_core.environment:checking '/home/xavier/Developer/aquas-ROS-apriltags/install/image_transport/bin'
[674.283s] Level 1:colcon.colcon_core.environment:checking '/home/xavier/Developer/aquas-ROS-apriltags/install/image_transport/lib/pkgconfig/image_transport.pc'
[674.284s] Level 1:colcon.colcon_core.environment:checking '/home/xavier/Developer/aquas-ROS-apriltags/install/image_transport/lib/python3.10/site-packages'
[674.286s] Level 1:colcon.colcon_core.environment:checking '/home/xavier/Developer/aquas-ROS-apriltags/install/image_transport/bin'
[674.287s] INFO:colcon.colcon_core.shell:Creating package script '/home/xavier/Developer/aquas-ROS-apriltags/install/image_transport/share/image_transport/package.ps1'
[674.290s] INFO:colcon.colcon_core.shell:Creating package descriptor '/home/xavier/Developer/aquas-ROS-apriltags/install/image_transport/share/image_transport/package.dsv'
[674.293s] INFO:colcon.colcon_core.shell:Creating package script '/home/xavier/Developer/aquas-ROS-apriltags/install/image_transport/share/image_transport/package.sh'
[674.295s] INFO:colcon.colcon_core.shell:Creating package script '/home/xavier/Developer/aquas-ROS-apriltags/install/image_transport/share/image_transport/package.bash'
[674.298s] INFO:colcon.colcon_core.shell:Creating package script '/home/xavier/Developer/aquas-ROS-apriltags/install/image_transport/share/image_transport/package.zsh'
[674.300s] Level 1:colcon.colcon_core.environment:create_file_with_runtime_dependencies(/home/xavier/Developer/aquas-ROS-apriltags/install/image_transport/share/colcon-core/packages/image_transport)
[674.303s] INFO:colcon.colcon_ros.task.ament_cmake.build:Building ROS package in '/home/xavier/Developer/aquas-ROS-apriltags/src/apriltag_ros' with build type 'ament_cmake'
[674.304s] INFO:colcon.colcon_cmake.task.cmake.build:Building CMake package in '/home/xavier/Developer/aquas-ROS-apriltags/src/apriltag_ros'
[674.306s] INFO:colcon.colcon_core.shell:Skip shell extension 'powershell' for command environment: Not usable outside of PowerShell
[674.306s] DEBUG:colcon.colcon_core.shell:Skip shell extension 'dsv' for command environment
[674.341s] INFO:colcon.colcon_ros.task.ament_cmake.build:Building ROS package in '/home/xavier/Developer/aquas-ROS-apriltags/src/image_common/image_common' with build type 'ament_cmake'
[674.342s] INFO:colcon.colcon_cmake.task.cmake.build:Building CMake package in '/home/xavier/Developer/aquas-ROS-apriltags/src/image_common/image_common'
[674.344s] INFO:colcon.colcon_core.shell:Skip shell extension 'powershell' for command environment: Not usable outside of PowerShell
[674.344s] DEBUG:colcon.colcon_core.shell:Skip shell extension 'dsv' for command environment
[674.412s] DEBUG:colcon.colcon_core.event_handler.log_command:Invoking command in '/home/xavier/Developer/aquas-ROS-apriltags/build/apriltag_ros': AMENT_PREFIX_PATH=/home/xavier/Developer/aquas-ROS-apriltags/install/image_transport:${AMENT_PREFIX_PATH} CMAKE_PREFIX_PATH=/home/xavier/Developer/aquas-ROS-apriltags/install/image_transport:/home/xavier/Developer/aquas-ROS-apriltags/install/apriltag:/opt/ros/humble LD_LIBRARY_PATH=/home/xavier/Developer/aquas-ROS-apriltags/install/image_transport/lib:/home/xavier/Developer/aquas-ROS-apriltags/install/apriltag/lib:${LD_LIBRARY_PATH} PATH=/home/xavier/Developer/aquas-ROS-apriltags/install/apriltag/bin:${PATH} PKG_CONFIG_PATH=/home/xavier/Developer/aquas-ROS-apriltags/install/apriltag/lib/aarch64-linux-gnu/pkgconfig:/home/xavier/Developer/aquas-ROS-apriltags/install/apriltag/lib/pkgconfig PYTHONPATH=/home/xavier/Developer/aquas-ROS-apriltags/install/apriltag/lib/python3.10/site-packages:${PYTHONPATH} /usr/bin/cmake /home/xavier/Developer/aquas-ROS-apriltags/src/apriltag_ros -DCMAKE_INSTALL_PREFIX=/home/xavier/Developer/aquas-ROS-apriltags/install/apriltag_ros
[674.438s] DEBUG:colcon.colcon_core.event_handler.log_command:Invoking command in '/home/xavier/Developer/aquas-ROS-apriltags/build/image_common': AMENT_PREFIX_PATH=/home/xavier/Developer/aquas-ROS-apriltags/install/camera_info_manager:/home/xavier/Developer/aquas-ROS-apriltags/install/image_transport:/home/xavier/Developer/aquas-ROS-apriltags/install/camera_calibration_parsers:${AMENT_PREFIX_PATH} CMAKE_PREFIX_PATH=/home/xavier/Developer/aquas-ROS-apriltags/install/camera_info_manager:/home/xavier/Developer/aquas-ROS-apriltags/install/image_transport:/home/xavier/Developer/aquas-ROS-apriltags/install/camera_calibration_parsers:/opt/ros/humble LD_LIBRARY_PATH=/home/xavier/Developer/aquas-ROS-apriltags/install/camera_info_manager/lib:/home/xavier/Developer/aquas-ROS-apriltags/install/image_transport/lib:/home/xavier/Developer/aquas-ROS-apriltags/install/camera_calibration_parsers/lib:${LD_LIBRARY_PATH} /usr/bin/cmake /home/xavier/Developer/aquas-ROS-apriltags/src/image_common/image_common -DCMAKE_INSTALL_PREFIX=/home/xavier/Developer/aquas-ROS-apriltags/install/image_common
[679.810s] DEBUG:colcon.colcon_core.event_handler.log_command:Invoked command in '/home/xavier/Developer/aquas-ROS-apriltags/build/image_common' returned '0': AMENT_PREFIX_PATH=/home/xavier/Developer/aquas-ROS-apriltags/install/camera_info_manager:/home/xavier/Developer/aquas-ROS-apriltags/install/image_transport:/home/xavier/Developer/aquas-ROS-apriltags/install/camera_calibration_parsers:${AMENT_PREFIX_PATH} CMAKE_PREFIX_PATH=/home/xavier/Developer/aquas-ROS-apriltags/install/camera_info_manager:/home/xavier/Developer/aquas-ROS-apriltags/install/image_transport:/home/xavier/Developer/aquas-ROS-apriltags/install/camera_calibration_parsers:/opt/ros/humble LD_LIBRARY_PATH=/home/xavier/Developer/aquas-ROS-apriltags/install/camera_info_manager/lib:/home/xavier/Developer/aquas-ROS-apriltags/install/image_transport/lib:/home/xavier/Developer/aquas-ROS-apriltags/install/camera_calibration_parsers/lib:${LD_LIBRARY_PATH} /usr/bin/cmake /home/xavier/Developer/aquas-ROS-apriltags/src/image_common/image_common -DCMAKE_INSTALL_PREFIX=/home/xavier/Developer/aquas-ROS-apriltags/install/image_common
[679.823s] DEBUG:colcon.colcon_core.event_handler.log_command:Invoking command in '/home/xavier/Developer/aquas-ROS-apriltags/build/image_common': AMENT_PREFIX_PATH=/home/xavier/Developer/aquas-ROS-apriltags/install/camera_info_manager:/home/xavier/Developer/aquas-ROS-apriltags/install/image_transport:/home/xavier/Developer/aquas-ROS-apriltags/install/camera_calibration_parsers:${AMENT_PREFIX_PATH} CMAKE_PREFIX_PATH=/home/xavier/Developer/aquas-ROS-apriltags/install/camera_info_manager:/home/xavier/Developer/aquas-ROS-apriltags/install/image_transport:/home/xavier/Developer/aquas-ROS-apriltags/install/camera_calibration_parsers:/opt/ros/humble LD_LIBRARY_PATH=/home/xavier/Developer/aquas-ROS-apriltags/install/camera_info_manager/lib:/home/xavier/Developer/aquas-ROS-apriltags/install/image_transport/lib:/home/xavier/Developer/aquas-ROS-apriltags/install/camera_calibration_parsers/lib:${LD_LIBRARY_PATH} /usr/bin/cmake --build /home/xavier/Developer/aquas-ROS-apriltags/build/image_common -- -j4 -l4
[680.013s] DEBUG:colcon.colcon_core.event_handler.log_command:Invoked command in '/home/xavier/Developer/aquas-ROS-apriltags/build/image_common' returned '0': AMENT_PREFIX_PATH=/home/xavier/Developer/aquas-ROS-apriltags/install/camera_info_manager:/home/xavier/Developer/aquas-ROS-apriltags/install/image_transport:/home/xavier/Developer/aquas-ROS-apriltags/install/camera_calibration_parsers:${AMENT_PREFIX_PATH} CMAKE_PREFIX_PATH=/home/xavier/Developer/aquas-ROS-apriltags/install/camera_info_manager:/home/xavier/Developer/aquas-ROS-apriltags/install/image_transport:/home/xavier/Developer/aquas-ROS-apriltags/install/camera_calibration_parsers:/opt/ros/humble LD_LIBRARY_PATH=/home/xavier/Developer/aquas-ROS-apriltags/install/camera_info_manager/lib:/home/xavier/Developer/aquas-ROS-apriltags/install/image_transport/lib:/home/xavier/Developer/aquas-ROS-apriltags/install/camera_calibration_parsers/lib:${LD_LIBRARY_PATH} /usr/bin/cmake --build /home/xavier/Developer/aquas-ROS-apriltags/build/image_common -- -j4 -l4
[680.026s] DEBUG:colcon.colcon_core.event_handler.log_command:Invoking command in '/home/xavier/Developer/aquas-ROS-apriltags/build/image_common': AMENT_PREFIX_PATH=/home/xavier/Developer/aquas-ROS-apriltags/install/camera_info_manager:/home/xavier/Developer/aquas-ROS-apriltags/install/image_transport:/home/xavier/Developer/aquas-ROS-apriltags/install/camera_calibration_parsers:${AMENT_PREFIX_PATH} CMAKE_PREFIX_PATH=/home/xavier/Developer/aquas-ROS-apriltags/install/camera_info_manager:/home/xavier/Developer/aquas-ROS-apriltags/install/image_transport:/home/xavier/Developer/aquas-ROS-apriltags/install/camera_calibration_parsers:/opt/ros/humble LD_LIBRARY_PATH=/home/xavier/Developer/aquas-ROS-apriltags/install/camera_info_manager/lib:/home/xavier/Developer/aquas-ROS-apriltags/install/image_transport/lib:/home/xavier/Developer/aquas-ROS-apriltags/install/camera_calibration_parsers/lib:${LD_LIBRARY_PATH} /usr/bin/cmake --install /home/xavier/Developer/aquas-ROS-apriltags/build/image_common
[680.092s] Level 1:colcon.colcon_core.environment:create_environment_scripts_only(image_common)
[680.093s] Level 1:colcon.colcon_core.environment:checking '/home/xavier/Developer/aquas-ROS-apriltags/install/image_common' for CMake module files
[680.096s] DEBUG:colcon.colcon_core.event_handler.log_command:Invoked command in '/home/xavier/Developer/aquas-ROS-apriltags/build/image_common' returned '0': AMENT_PREFIX_PATH=/home/xavier/Developer/aquas-ROS-apriltags/install/camera_info_manager:/home/xavier/Developer/aquas-ROS-apriltags/install/image_transport:/home/xavier/Developer/aquas-ROS-apriltags/install/camera_calibration_parsers:${AMENT_PREFIX_PATH} CMAKE_PREFIX_PATH=/home/xavier/Developer/aquas-ROS-apriltags/install/camera_info_manager:/home/xavier/Developer/aquas-ROS-apriltags/install/image_transport:/home/xavier/Developer/aquas-ROS-apriltags/install/camera_calibration_parsers:/opt/ros/humble LD_LIBRARY_PATH=/home/xavier/Developer/aquas-ROS-apriltags/install/camera_info_manager/lib:/home/xavier/Developer/aquas-ROS-apriltags/install/image_transport/lib:/home/xavier/Developer/aquas-ROS-apriltags/install/camera_calibration_parsers/lib:${LD_LIBRARY_PATH} /usr/bin/cmake --install /home/xavier/Developer/aquas-ROS-apriltags/build/image_common
[680.098s] Level 1:colcon.colcon_core.environment:checking '/home/xavier/Developer/aquas-ROS-apriltags/install/image_common' for CMake config files
[680.100s] Level 1:colcon.colcon_core.shell:create_environment_hook('image_common', 'cmake_prefix_path')
[680.101s] INFO:colcon.colcon_core.shell:Creating environment hook '/home/xavier/Developer/aquas-ROS-apriltags/install/image_common/share/image_common/hook/cmake_prefix_path.ps1'
[680.104s] INFO:colcon.colcon_core.shell:Creating environment descriptor '/home/xavier/Developer/aquas-ROS-apriltags/install/image_common/share/image_common/hook/cmake_prefix_path.dsv'
[680.106s] INFO:colcon.colcon_core.shell:Creating environment hook '/home/xavier/Developer/aquas-ROS-apriltags/install/image_common/share/image_common/hook/cmake_prefix_path.sh'
[680.109s] Level 1:colcon.colcon_core.environment:checking '/home/xavier/Developer/aquas-ROS-apriltags/install/image_common/bin'
[680.110s] Level 1:colcon.colcon_core.environment:checking '/home/xavier/Developer/aquas-ROS-apriltags/install/image_common/lib/pkgconfig/image_common.pc'
[680.111s] Level 1:colcon.colcon_core.environment:checking '/home/xavier/Developer/aquas-ROS-apriltags/install/image_common/lib/python3.10/site-packages'
[680.113s] Level 1:colcon.colcon_core.environment:checking '/home/xavier/Developer/aquas-ROS-apriltags/install/image_common/bin'
[680.115s] INFO:colcon.colcon_core.shell:Creating package script '/home/xavier/Developer/aquas-ROS-apriltags/install/image_common/share/image_common/package.ps1'
[680.117s] INFO:colcon.colcon_core.shell:Creating package descriptor '/home/xavier/Developer/aquas-ROS-apriltags/install/image_common/share/image_common/package.dsv'
[680.120s] INFO:colcon.colcon_core.shell:Creating package script '/home/xavier/Developer/aquas-ROS-apriltags/install/image_common/share/image_common/package.sh'
[680.122s] INFO:colcon.colcon_core.shell:Creating package script '/home/xavier/Developer/aquas-ROS-apriltags/install/image_common/share/image_common/package.bash'
[680.124s] INFO:colcon.colcon_core.shell:Creating package script '/home/xavier/Developer/aquas-ROS-apriltags/install/image_common/share/image_common/package.zsh'
[680.126s] Level 1:colcon.colcon_core.environment:create_file_with_runtime_dependencies(/home/xavier/Developer/aquas-ROS-apriltags/install/image_common/share/colcon-core/packages/image_common)
[680.129s] Level 1:colcon.colcon_core.environment:create_environment_scripts_only(image_common)
[680.130s] Level 1:colcon.colcon_core.environment:checking '/home/xavier/Developer/aquas-ROS-apriltags/install/image_common' for CMake module files
[680.133s] Level 1:colcon.colcon_core.environment:checking '/home/xavier/Developer/aquas-ROS-apriltags/install/image_common' for CMake config files
[680.135s] Level 1:colcon.colcon_core.shell:create_environment_hook('image_common', 'cmake_prefix_path')
[680.137s] INFO:colcon.colcon_core.shell:Creating environment hook '/home/xavier/Developer/aquas-ROS-apriltags/install/image_common/share/image_common/hook/cmake_prefix_path.ps1'
[680.139s] INFO:colcon.colcon_core.shell:Creating environment descriptor '/home/xavier/Developer/aquas-ROS-apriltags/install/image_common/share/image_common/hook/cmake_prefix_path.dsv'
[680.142s] INFO:colcon.colcon_core.shell:Creating environment hook '/home/xavier/Developer/aquas-ROS-apriltags/install/image_common/share/image_common/hook/cmake_prefix_path.sh'
[680.145s] Level 1:colcon.colcon_core.environment:checking '/home/xavier/Developer/aquas-ROS-apriltags/install/image_common/bin'
[680.145s] Level 1:colcon.colcon_core.environment:checking '/home/xavier/Developer/aquas-ROS-apriltags/install/image_common/lib/pkgconfig/image_common.pc'
[680.146s] Level 1:colcon.colcon_core.environment:checking '/home/xavier/Developer/aquas-ROS-apriltags/install/image_common/lib/python3.10/site-packages'
[680.148s] Level 1:colcon.colcon_core.environment:checking '/home/xavier/Developer/aquas-ROS-apriltags/install/image_common/bin'
[680.150s] INFO:colcon.colcon_core.shell:Creating package script '/home/xavier/Developer/aquas-ROS-apriltags/install/image_common/share/image_common/package.ps1'
[680.153s] INFO:colcon.colcon_core.shell:Creating package descriptor '/home/xavier/Developer/aquas-ROS-apriltags/install/image_common/share/image_common/package.dsv'
[680.156s] INFO:colcon.colcon_core.shell:Creating package script '/home/xavier/Developer/aquas-ROS-apriltags/install/image_common/share/image_common/package.sh'
[680.159s] INFO:colcon.colcon_core.shell:Creating package script '/home/xavier/Developer/aquas-ROS-apriltags/install/image_common/share/image_common/package.bash'
[680.161s] INFO:colcon.colcon_core.shell:Creating package script '/home/xavier/Developer/aquas-ROS-apriltags/install/image_common/share/image_common/package.zsh'
[680.164s] Level 1:colcon.colcon_core.environment:create_file_with_runtime_dependencies(/home/xavier/Developer/aquas-ROS-apriltags/install/image_common/share/colcon-core/packages/image_common)
[686.800s] DEBUG:colcon.colcon_core.event_handler.log_command:Invoked command in '/home/xavier/Developer/aquas-ROS-apriltags/build/apriltag_ros' returned '0': AMENT_PREFIX_PATH=/home/xavier/Developer/aquas-ROS-apriltags/install/image_transport:${AMENT_PREFIX_PATH} CMAKE_PREFIX_PATH=/home/xavier/Developer/aquas-ROS-apriltags/install/image_transport:/home/xavier/Developer/aquas-ROS-apriltags/install/apriltag:/opt/ros/humble LD_LIBRARY_PATH=/home/xavier/Developer/aquas-ROS-apriltags/install/image_transport/lib:/home/xavier/Developer/aquas-ROS-apriltags/install/apriltag/lib:${LD_LIBRARY_PATH} PATH=/home/xavier/Developer/aquas-ROS-apriltags/install/apriltag/bin:${PATH} PKG_CONFIG_PATH=/home/xavier/Developer/aquas-ROS-apriltags/install/apriltag/lib/aarch64-linux-gnu/pkgconfig:/home/xavier/Developer/aquas-ROS-apriltags/install/apriltag/lib/pkgconfig PYTHONPATH=/home/xavier/Developer/aquas-ROS-apriltags/install/apriltag/lib/python3.10/site-packages:${PYTHONPATH} /usr/bin/cmake /home/xavier/Developer/aquas-ROS-apriltags/src/apriltag_ros -DCMAKE_INSTALL_PREFIX=/home/xavier/Developer/aquas-ROS-apriltags/install/apriltag_ros
[686.812s] DEBUG:colcon.colcon_core.event_handler.log_command:Invoking command in '/home/xavier/Developer/aquas-ROS-apriltags/build/apriltag_ros': AMENT_PREFIX_PATH=/home/xavier/Developer/aquas-ROS-apriltags/install/image_transport:${AMENT_PREFIX_PATH} CMAKE_PREFIX_PATH=/home/xavier/Developer/aquas-ROS-apriltags/install/image_transport:/home/xavier/Developer/aquas-ROS-apriltags/install/apriltag:/opt/ros/humble LD_LIBRARY_PATH=/home/xavier/Developer/aquas-ROS-apriltags/install/image_transport/lib:/home/xavier/Developer/aquas-ROS-apriltags/install/apriltag/lib:${LD_LIBRARY_PATH} PATH=/home/xavier/Developer/aquas-ROS-apriltags/install/apriltag/bin:${PATH} PKG_CONFIG_PATH=/home/xavier/Developer/aquas-ROS-apriltags/install/apriltag/lib/aarch64-linux-gnu/pkgconfig:/home/xavier/Developer/aquas-ROS-apriltags/install/apriltag/lib/pkgconfig PYTHONPATH=/home/xavier/Developer/aquas-ROS-apriltags/install/apriltag/lib/python3.10/site-packages:${PYTHONPATH} /usr/bin/cmake --build /home/xavier/Developer/aquas-ROS-apriltags/build/apriltag_ros -- -j4 -l4
[755.507s] DEBUG:colcon.colcon_core.event_handler.log_command:Invoked command in '/home/xavier/Developer/aquas-ROS-apriltags/build/apriltag_ros' returned '0': AMENT_PREFIX_PATH=/home/xavier/Developer/aquas-ROS-apriltags/install/image_transport:${AMENT_PREFIX_PATH} CMAKE_PREFIX_PATH=/home/xavier/Developer/aquas-ROS-apriltags/install/image_transport:/home/xavier/Developer/aquas-ROS-apriltags/install/apriltag:/opt/ros/humble LD_LIBRARY_PATH=/home/xavier/Developer/aquas-ROS-apriltags/install/image_transport/lib:/home/xavier/Developer/aquas-ROS-apriltags/install/apriltag/lib:${LD_LIBRARY_PATH} PATH=/home/xavier/Developer/aquas-ROS-apriltags/install/apriltag/bin:${PATH} PKG_CONFIG_PATH=/home/xavier/Developer/aquas-ROS-apriltags/install/apriltag/lib/aarch64-linux-gnu/pkgconfig:/home/xavier/Developer/aquas-ROS-apriltags/install/apriltag/lib/pkgconfig PYTHONPATH=/home/xavier/Developer/aquas-ROS-apriltags/install/apriltag/lib/python3.10/site-packages:${PYTHONPATH} /usr/bin/cmake --build /home/xavier/Developer/aquas-ROS-apriltags/build/apriltag_ros -- -j4 -l4
[755.520s] DEBUG:colcon.colcon_core.event_handler.log_command:Invoking command in '/home/xavier/Developer/aquas-ROS-apriltags/build/apriltag_ros': AMENT_PREFIX_PATH=/home/xavier/Developer/aquas-ROS-apriltags/install/image_transport:${AMENT_PREFIX_PATH} CMAKE_PREFIX_PATH=/home/xavier/Developer/aquas-ROS-apriltags/install/image_transport:/home/xavier/Developer/aquas-ROS-apriltags/install/apriltag:/opt/ros/humble LD_LIBRARY_PATH=/home/xavier/Developer/aquas-ROS-apriltags/install/image_transport/lib:/home/xavier/Developer/aquas-ROS-apriltags/install/apriltag/lib:${LD_LIBRARY_PATH} PATH=/home/xavier/Developer/aquas-ROS-apriltags/install/apriltag/bin:${PATH} PKG_CONFIG_PATH=/home/xavier/Developer/aquas-ROS-apriltags/install/apriltag/lib/aarch64-linux-gnu/pkgconfig:/home/xavier/Developer/aquas-ROS-apriltags/install/apriltag/lib/pkgconfig PYTHONPATH=/home/xavier/Developer/aquas-ROS-apriltags/install/apriltag/lib/python3.10/site-packages:${PYTHONPATH} /usr/bin/cmake --install /home/xavier/Developer/aquas-ROS-apriltags/build/apriltag_ros
[755.633s] Level 1:colcon.colcon_core.environment:create_environment_scripts_only(apriltag_ros)
[755.634s] Level 1:colcon.colcon_core.environment:checking '/home/xavier/Developer/aquas-ROS-apriltags/install/apriltag_ros' for CMake module files
[755.636s] DEBUG:colcon.colcon_core.event_handler.log_command:Invoked command in '/home/xavier/Developer/aquas-ROS-apriltags/build/apriltag_ros' returned '0': AMENT_PREFIX_PATH=/home/xavier/Developer/aquas-ROS-apriltags/install/image_transport:${AMENT_PREFIX_PATH} CMAKE_PREFIX_PATH=/home/xavier/Developer/aquas-ROS-apriltags/install/image_transport:/home/xavier/Developer/aquas-ROS-apriltags/install/apriltag:/opt/ros/humble LD_LIBRARY_PATH=/home/xavier/Developer/aquas-ROS-apriltags/install/image_transport/lib:/home/xavier/Developer/aquas-ROS-apriltags/install/apriltag/lib:${LD_LIBRARY_PATH} PATH=/home/xavier/Developer/aquas-ROS-apriltags/install/apriltag/bin:${PATH} PKG_CONFIG_PATH=/home/xavier/Developer/aquas-ROS-apriltags/install/apriltag/lib/aarch64-linux-gnu/pkgconfig:/home/xavier/Developer/aquas-ROS-apriltags/install/apriltag/lib/pkgconfig PYTHONPATH=/home/xavier/Developer/aquas-ROS-apriltags/install/apriltag/lib/python3.10/site-packages:${PYTHONPATH} /usr/bin/cmake --install /home/xavier/Developer/aquas-ROS-apriltags/build/apriltag_ros
[755.638s] Level 1:colcon.colcon_core.environment:checking '/home/xavier/Developer/aquas-ROS-apriltags/install/apriltag_ros' for CMake config files
[755.642s] Level 1:colcon.colcon_core.shell:create_environment_hook('apriltag_ros', 'cmake_prefix_path')
[755.643s] INFO:colcon.colcon_core.shell:Creating environment hook '/home/xavier/Developer/aquas-ROS-apriltags/install/apriltag_ros/share/apriltag_ros/hook/cmake_prefix_path.ps1'
[755.645s] INFO:colcon.colcon_core.shell:Creating environment descriptor '/home/xavier/Developer/aquas-ROS-apriltags/install/apriltag_ros/share/apriltag_ros/hook/cmake_prefix_path.dsv'
[755.647s] INFO:colcon.colcon_core.shell:Creating environment hook '/home/xavier/Developer/aquas-ROS-apriltags/install/apriltag_ros/share/apriltag_ros/hook/cmake_prefix_path.sh'
[755.650s] Level 1:colcon.colcon_core.environment:checking '/home/xavier/Developer/aquas-ROS-apriltags/install/apriltag_ros/lib'
[755.650s] Level 1:colcon.colcon_core.shell:create_environment_hook('apriltag_ros', 'ld_library_path_lib')
[755.651s] INFO:colcon.colcon_core.shell:Creating environment hook '/home/xavier/Developer/aquas-ROS-apriltags/install/apriltag_ros/share/apriltag_ros/hook/ld_library_path_lib.ps1'
[755.653s] INFO:colcon.colcon_core.shell:Creating environment descriptor '/home/xavier/Developer/aquas-ROS-apriltags/install/apriltag_ros/share/apriltag_ros/hook/ld_library_path_lib.dsv'
[755.655s] INFO:colcon.colcon_core.shell:Creating environment hook '/home/xavier/Developer/aquas-ROS-apriltags/install/apriltag_ros/share/apriltag_ros/hook/ld_library_path_lib.sh'
[755.658s] Level 1:colcon.colcon_core.environment:checking '/home/xavier/Developer/aquas-ROS-apriltags/install/apriltag_ros/bin'
[755.658s] Level 1:colcon.colcon_core.environment:checking '/home/xavier/Developer/aquas-ROS-apriltags/install/apriltag_ros/lib/pkgconfig/apriltag_ros.pc'
[755.659s] Level 1:colcon.colcon_core.environment:checking '/home/xavier/Developer/aquas-ROS-apriltags/install/apriltag_ros/lib/python3.10/site-packages'
[755.661s] Level 1:colcon.colcon_core.environment:checking '/home/xavier/Developer/aquas-ROS-apriltags/install/apriltag_ros/bin'
[755.662s] INFO:colcon.colcon_core.shell:Creating package script '/home/xavier/Developer/aquas-ROS-apriltags/install/apriltag_ros/share/apriltag_ros/package.ps1'
[755.665s] INFO:colcon.colcon_core.shell:Creating package descriptor '/home/xavier/Developer/aquas-ROS-apriltags/install/apriltag_ros/share/apriltag_ros/package.dsv'
[755.667s] INFO:colcon.colcon_core.shell:Creating package script '/home/xavier/Developer/aquas-ROS-apriltags/install/apriltag_ros/share/apriltag_ros/package.sh'
[755.670s] INFO:colcon.colcon_core.shell:Creating package script '/home/xavier/Developer/aquas-ROS-apriltags/install/apriltag_ros/share/apriltag_ros/package.bash'
[755.672s] INFO:colcon.colcon_core.shell:Creating package script '/home/xavier/Developer/aquas-ROS-apriltags/install/apriltag_ros/share/apriltag_ros/package.zsh'
[755.674s] Level 1:colcon.colcon_core.environment:create_file_with_runtime_dependencies(/home/xavier/Developer/aquas-ROS-apriltags/install/apriltag_ros/share/colcon-core/packages/apriltag_ros)
[755.677s] Level 1:colcon.colcon_core.environment:create_environment_scripts_only(apriltag_ros)
[755.678s] Level 1:colcon.colcon_core.environment:checking '/home/xavier/Developer/aquas-ROS-apriltags/install/apriltag_ros' for CMake module files
[755.682s] Level 1:colcon.colcon_core.environment:checking '/home/xavier/Developer/aquas-ROS-apriltags/install/apriltag_ros' for CMake config files
[755.685s] Level 1:colcon.colcon_core.shell:create_environment_hook('apriltag_ros', 'cmake_prefix_path')
[755.686s] INFO:colcon.colcon_core.shell:Creating environment hook '/home/xavier/Developer/aquas-ROS-apriltags/install/apriltag_ros/share/apriltag_ros/hook/cmake_prefix_path.ps1'
[755.689s] INFO:colcon.colcon_core.shell:Creating environment descriptor '/home/xavier/Developer/aquas-ROS-apriltags/install/apriltag_ros/share/apriltag_ros/hook/cmake_prefix_path.dsv'
[755.691s] INFO:colcon.colcon_core.shell:Creating environment hook '/home/xavier/Developer/aquas-ROS-apriltags/install/apriltag_ros/share/apriltag_ros/hook/cmake_prefix_path.sh'
[755.694s] Level 1:colcon.colcon_core.environment:checking '/home/xavier/Developer/aquas-ROS-apriltags/install/apriltag_ros/lib'
[755.694s] Level 1:colcon.colcon_core.shell:create_environment_hook('apriltag_ros', 'ld_library_path_lib')
[755.696s] INFO:colcon.colcon_core.shell:Creating environment hook '/home/xavier/Developer/aquas-ROS-apriltags/install/apriltag_ros/share/apriltag_ros/hook/ld_library_path_lib.ps1'
[755.698s] INFO:colcon.colcon_core.shell:Creating environment descriptor '/home/xavier/Developer/aquas-ROS-apriltags/install/apriltag_ros/share/apriltag_ros/hook/ld_library_path_lib.dsv'
[755.700s] INFO:colcon.colcon_core.shell:Creating environment hook '/home/xavier/Developer/aquas-ROS-apriltags/install/apriltag_ros/share/apriltag_ros/hook/ld_library_path_lib.sh'
[755.702s] Level 1:colcon.colcon_core.environment:checking '/home/xavier/Developer/aquas-ROS-apriltags/install/apriltag_ros/bin'
[755.702s] Level 1:colcon.colcon_core.environment:checking '/home/xavier/Developer/aquas-ROS-apriltags/install/apriltag_ros/lib/pkgconfig/apriltag_ros.pc'
[755.704s] Level 1:colcon.colcon_core.environment:checking '/home/xavier/Developer/aquas-ROS-apriltags/install/apriltag_ros/lib/python3.10/site-packages'
[755.705s] Level 1:colcon.colcon_core.environment:checking '/home/xavier/Developer/aquas-ROS-apriltags/install/apriltag_ros/bin'
[755.707s] INFO:colcon.colcon_core.shell:Creating package script '/home/xavier/Developer/aquas-ROS-apriltags/install/apriltag_ros/share/apriltag_ros/package.ps1'
[755.709s] INFO:colcon.colcon_core.shell:Creating package descriptor '/home/xavier/Developer/aquas-ROS-apriltags/install/apriltag_ros/share/apriltag_ros/package.dsv'
[755.712s] INFO:colcon.colcon_core.shell:Creating package script '/home/xavier/Developer/aquas-ROS-apriltags/install/apriltag_ros/share/apriltag_ros/package.sh'
[755.715s] INFO:colcon.colcon_core.shell:Creating package script '/home/xavier/Developer/aquas-ROS-apriltags/install/apriltag_ros/share/apriltag_ros/package.bash'
[755.717s] INFO:colcon.colcon_core.shell:Creating package script '/home/xavier/Developer/aquas-ROS-apriltags/install/apriltag_ros/share/apriltag_ros/package.zsh'
[755.720s] Level 1:colcon.colcon_core.environment:create_file_with_runtime_dependencies(/home/xavier/Developer/aquas-ROS-apriltags/install/apriltag_ros/share/colcon-core/packages/apriltag_ros)
[755.722s] DEBUG:colcon.colcon_parallel_executor.executor.parallel:closing loop
[755.725s] DEBUG:colcon.colcon_parallel_executor.executor.parallel:loop closed
[755.725s] DEBUG:colcon.colcon_parallel_executor.executor.parallel:run_until_complete finished with '0'
[755.726s] DEBUG:colcon.colcon_core.event_reactor:joining thread
[755.865s] INFO:colcon.colcon_core.plugin_system:Skipping extension 'colcon_notification.desktop_notification.terminal_notifier': Not used on non-Darwin systems
[755.866s] INFO:colcon.colcon_core.plugin_system:Skipping extension 'colcon_notification.desktop_notification.win32': Not used on non-Windows systems
[755.866s] INFO:colcon.colcon_notification.desktop_notification:Sending desktop notification using 'notify2'
[755.932s] DEBUG:colcon.colcon_notification.desktop_notification.notify2:Failed to initialize notify2: org.freedesktop.DBus.Error.ServiceUnknown: The name org.freedesktop.Notifications was not provided by any .service files
[755.933s] DEBUG:colcon.colcon_core.event_reactor:joined thread
[755.937s] INFO:colcon.colcon_core.shell:Creating prefix script '/home/xavier/Developer/aquas-ROS-apriltags/install/local_setup.ps1'
[755.946s] INFO:colcon.colcon_core.shell:Creating prefix util module '/home/xavier/Developer/aquas-ROS-apriltags/install/_local_setup_util_ps1.py'
[755.958s] INFO:colcon.colcon_core.shell:Creating prefix chain script '/home/xavier/Developer/aquas-ROS-apriltags/install/setup.ps1'
[755.965s] INFO:colcon.colcon_core.shell:Creating prefix script '/home/xavier/Developer/aquas-ROS-apriltags/install/local_setup.sh'
[755.970s] INFO:colcon.colcon_core.shell:Creating prefix util module '/home/xavier/Developer/aquas-ROS-apriltags/install/_local_setup_util_sh.py'
[755.973s] INFO:colcon.colcon_core.shell:Creating prefix chain script '/home/xavier/Developer/aquas-ROS-apriltags/install/setup.sh'
[755.979s] INFO:colcon.colcon_core.shell:Creating prefix script '/home/xavier/Developer/aquas-ROS-apriltags/install/local_setup.bash'
[755.983s] INFO:colcon.colcon_core.shell:Creating prefix chain script '/home/xavier/Developer/aquas-ROS-apriltags/install/setup.bash'
[755.988s] INFO:colcon.colcon_core.shell:Creating prefix script '/home/xavier/Developer/aquas-ROS-apriltags/install/local_setup.zsh'
[755.992s] INFO:colcon.colcon_core.shell:Creating prefix chain script '/home/xavier/Developer/aquas-ROS-apriltags/install/setup.zsh'
