[0.000000] (-) TimerEvent: {}
[0.001327] (apriltag) JobQueued: {'identifier': 'apriltag', 'dependencies': OrderedDict()}
[0.001522] (aquas_apriltag_bringup) JobQueued: {'identifier': 'aquas_apriltag_bringup', 'dependencies': OrderedDict()}
[0.001625] (aquas_camera_bringup) JobQueued: {'identifier': 'aquas_camera_bringup', 'dependencies': OrderedDict()}
[0.001721] (aquas_dock_align) JobQueued: {'identifier': 'aquas_dock_align', 'dependencies': OrderedDict()}
[0.001813] (camera_calibration_parsers) JobQueued: {'identifier': 'camera_calibration_parsers', 'dependencies': OrderedDict()}
[0.001907] (camera_info_manager_py) JobQueued: {'identifier': 'camera_info_manager_py', 'dependencies': OrderedDict()}
[0.001999] (image_transport) JobQueued: {'identifier': 'image_transport', 'dependencies': OrderedDict()}
[0.002090] (apriltag_ros) JobQueued: {'identifier': 'apriltag_ros', 'dependencies': OrderedDict([('apriltag', '/home/xavier/Developer/aquas-ROS-apriltags/install/apriltag'), ('image_transport', '/home/xavier/Developer/aquas-ROS-apriltags/install/image_transport')])}
[0.002197] (camera_info_manager) JobQueued: {'identifier': 'camera_info_manager', 'dependencies': OrderedDict([('camera_calibration_parsers', '/home/xavier/Developer/aquas-ROS-apriltags/install/camera_calibration_parsers')])}
[0.002294] (image_common) JobQueued: {'identifier': 'image_common', 'dependencies': OrderedDict([('camera_calibration_parsers', '/home/xavier/Developer/aquas-ROS-apriltags/install/camera_calibration_parsers'), ('image_transport', '/home/xavier/Developer/aquas-ROS-apriltags/install/image_transport'), ('camera_info_manager', '/home/xavier/Developer/aquas-ROS-apriltags/install/camera_info_manager')])}
[0.002403] (camera_calibration_parsers) JobStarted: {'identifier': 'camera_calibration_parsers'}
[0.047091] (image_transport) JobStarted: {'identifier': 'image_transport'}
[0.079791] (apriltag) JobStarted: {'identifier': 'apriltag'}
[0.097307] (-) TimerEvent: {}
[0.111095] (aquas_apriltag_bringup) JobStarted: {'identifier': 'aquas_apriltag_bringup'}
[0.162318] (camera_calibration_parsers) JobProgress: {'identifier': 'camera_calibration_parsers', 'progress': 'cmake'}
[0.170605] (camera_calibration_parsers) JobProgress: {'identifier': 'camera_calibration_parsers', 'progress': 'build'}
[0.173919] (camera_calibration_parsers) Command: {'cmd': ['/usr/bin/cmake', '--build', '/home/xavier/Developer/aquas-ROS-apriltags/build/camera_calibration_parsers', '--', '-j4', '-l4'], 'cwd': '/home/xavier/Developer/aquas-ROS-apriltags/build/camera_calibration_parsers', 'env': OrderedDict([('LESSOPEN', '| /usr/bin/lesspipe %s'), ('USER', 'xavier'), ('SSH_CLIENT', '10.207.19.97 56738 22'), ('XDG_SESSION_TYPE', 'tty'), ('SHLVL', '1'), ('LD_LIBRARY_PATH', '/home/xavier/Developer/aquas-ROS-apriltags/install/apriltag_ros/lib:/home/xavier/Developer/aquas-ROS-apriltags/install/image_transport/lib:/home/xavier/Developer/aquas-ROS-apriltags/install/camera_info_manager/lib:/home/xavier/Developer/aquas-ROS-apriltags/install/camera_calibration_parsers/lib:/home/xavier/Developer/aquas-ROS-apriltags/install/apriltag/lib:/opt/ros/humble/opt/rviz_ogre_vendor/lib:/opt/ros/humble/lib/aarch64-linux-gnu:/opt/ros/humble/lib'), ('MOTD_SHOWN', 'pam'), ('HOME', '/home/xavier'), ('OLDPWD', '/home/xavier/Developer'), ('SSH_TTY', '/dev/pts/0'), ('ROS_PYTHON_VERSION', '3'), ('DBUS_SESSION_BUS_ADDRESS', 'unix:path=/run/user/1002/bus'), ('COLCON_PREFIX_PATH', '/home/xavier/Developer/aquas-ROS-apriltags/install'), ('ROS_DISTRO', 'humble'), ('LOGNAME', 'xavier'), ('_', '/usr/bin/colcon'), ('ROS_VERSION', '2'), ('PKG_CONFIG_PATH', '/home/xavier/Developer/aquas-ROS-apriltags/install/apriltag/lib/aarch64-linux-gnu/pkgconfig:/home/xavier/Developer/aquas-ROS-apriltags/install/apriltag/lib/pkgconfig'), ('XDG_SESSION_CLASS', 'user'), ('TERM', 'xterm-kitty'), ('XDG_SESSION_ID', '18'), ('ROS_LOCALHOST_ONLY', '0'), ('PATH', '/home/xavier/Developer/aquas-ROS-apriltags/install/apriltag/bin:/opt/ros/humble/bin:/usr/local/sbin:/usr/local/bin:/usr/sbin:/usr/bin:/sbin:/bin:/usr/games:/usr/local/games:/snap/bin'), ('XDG_RUNTIME_DIR', '/run/user/1002'), ('LANG', 'en_US.UTF-8'), ('LS_COLORS', 'rs=0:di=01;34:ln=01;36:mh=00:pi=40;33:so=01;35:do=01;35:bd=40;33;01:cd=40;33;01:or=40;31;01:mi=00:su=37;41:sg=30;43:ca=30;41:tw=30;42:ow=34;42:st=37;44:ex=01;32:*.tar=01;31:*.tgz=01;31:*.arc=01;31:*.arj=01;31:*.taz=01;31:*.lha=01;31:*.lz4=01;31:*.lzh=01;31:*.lzma=01;31:*.tlz=01;31:*.txz=01;31:*.tzo=01;31:*.t7z=01;31:*.zip=01;31:*.z=01;31:*.dz=01;31:*.gz=01;31:*.lrz=01;31:*.lz=01;31:*.lzo=01;31:*.xz=01;31:*.zst=01;31:*.tzst=01;31:*.bz2=01;31:*.bz=01;31:*.tbz=01;31:*.tbz2=01;31:*.tz=01;31:*.deb=01;31:*.rpm=01;31:*.jar=01;31:*.war=01;31:*.ear=01;31:*.sar=01;31:*.rar=01;31:*.alz=01;31:*.ace=01;31:*.zoo=01;31:*.cpio=01;31:*.7z=01;31:*.rz=01;31:*.cab=01;31:*.wim=01;31:*.swm=01;31:*.dwm=01;31:*.esd=01;31:*.jpg=01;35:*.jpeg=01;35:*.mjpg=01;35:*.mjpeg=01;35:*.gif=01;35:*.bmp=01;35:*.pbm=01;35:*.pgm=01;35:*.ppm=01;35:*.tga=01;35:*.xbm=01;35:*.xpm=01;35:*.tif=01;35:*.tiff=01;35:*.png=01;35:*.svg=01;35:*.svgz=01;35:*.mng=01;35:*.pcx=01;35:*.mov=01;35:*.mpg=01;35:*.mpeg=01;35:*.m2v=01;35:*.mkv=01;35:*.webm=01;35:*.webp=01;35:*.ogm=01;35:*.mp4=01;35:*.m4v=01;35:*.mp4v=01;35:*.vob=01;35:*.qt=01;35:*.nuv=01;35:*.wmv=01;35:*.asf=01;35:*.rm=01;35:*.rmvb=01;35:*.flc=01;35:*.avi=01;35:*.fli=01;35:*.flv=01;35:*.gl=01;35:*.dl=01;35:*.xcf=01;35:*.xwd=01;35:*.yuv=01;35:*.cgm=01;35:*.emf=01;35:*.ogv=01;35:*.ogx=01;35:*.aac=00;36:*.au=00;36:*.flac=00;36:*.m4a=00;36:*.mid=00;36:*.midi=00;36:*.mka=00;36:*.mp3=00;36:*.mpc=00;36:*.ogg=00;36:*.ra=00;36:*.wav=00;36:*.oga=00;36:*.opus=00;36:*.spx=00;36:*.xspf=00;36:'), ('ROS_DOMAIN_ID', '101'), ('AMENT_PREFIX_PATH', '/home/xavier/Developer/aquas-ROS-apriltags/install/image_common:/home/xavier/Developer/aquas-ROS-apriltags/install/apriltag_ros:/home/xavier/Developer/aquas-ROS-apriltags/install/image_transport:/home/xavier/Developer/aquas-ROS-apriltags/install/camera_info_manager_py:/home/xavier/Developer/aquas-ROS-apriltags/install/camera_info_manager:/home/xavier/Developer/aquas-ROS-apriltags/install/camera_calibration_parsers:/home/xavier/Developer/aquas-ROS-apriltags/install/aquas_dock_align:/home/xavier/Developer/aquas-ROS-apriltags/install/aquas_camera_bringup:/home/xavier/Developer/aquas-ROS-apriltags/install/aquas_apriltag_bringup:/opt/ros/humble'), ('SHELL', '/bin/bash'), ('LESSCLOSE', '/usr/bin/lesspipe %s %s'), ('PWD', '/home/xavier/Developer/aquas-ROS-apriltags/build/camera_calibration_parsers'), ('SSH_CONNECTION', '10.207.19.97 56738 10.207.26.163 22'), ('XDG_DATA_DIRS', '/usr/share/gnome:/usr/local/share:/usr/share:/var/lib/snapd/desktop'), ('PYTHONPATH', '/home/xavier/Developer/aquas-ROS-apriltags/build/dock_align:/home/xavier/Developer/aquas-ROS-apriltags/install/dock_align/lib/python3.10/site-packages:/home/xavier/Developer/aquas-ROS-apriltags/build/camera_info_manager_py:/home/xavier/Developer/aquas-ROS-apriltags/install/camera_info_manager_py/lib/python3.10/site-packages:/home/xavier/Developer/aquas-ROS-apriltags/build/camera_bringup:/home/xavier/Developer/aquas-ROS-apriltags/install/camera_bringup/lib/python3.10/site-packages:/home/xavier/Developer/aquas-ROS-apriltags/build/aquas_dock_align:/home/xavier/Developer/aquas-ROS-apriltags/install/aquas_dock_align/lib/python3.10/site-packages:/home/xavier/Developer/aquas-ROS-apriltags/build/aquas_camera_bringup:/home/xavier/Developer/aquas-ROS-apriltags/install/aquas_camera_bringup/lib/python3.10/site-packages:/home/xavier/Developer/aquas-ROS-apriltags/build/aquas_apriltag_bringup:/home/xavier/Developer/aquas-ROS-apriltags/install/aquas_apriltag_bringup/lib/python3.10/site-packages:/home/xavier/Developer/aquas-ROS-apriltags/build/apriltag_bringup:/home/xavier/Developer/aquas-ROS-apriltags/install/apriltag_bringup/lib/python3.10/site-packages:/home/xavier/Developer/aquas-ROS-apriltags/install/apriltag/lib/python3.10/site-packages:/opt/ros/humble/lib/python3.10/site-packages:/opt/ros/humble/local/lib/python3.10/dist-packages'), ('COLCON', '1'), ('CMAKE_PREFIX_PATH', '/home/xavier/Developer/aquas-ROS-apriltags/install/image_common:/home/xavier/Developer/aquas-ROS-apriltags/install/apriltag_ros:/home/xavier/Developer/aquas-ROS-apriltags/install/image_transport:/home/xavier/Developer/aquas-ROS-apriltags/install/camera_info_manager:/home/xavier/Developer/aquas-ROS-apriltags/install/camera_calibration_parsers:/home/xavier/Developer/aquas-ROS-apriltags/install/apriltag:/home/xavier/Developer/aquas-ROS-apriltags/install/camera_info_manager_py:/home/xavier/Developer/aquas-ROS-apriltags/install/aquas_dock_align:/home/xavier/Developer/aquas-ROS-apriltags/install/aquas_camera_bringup:/home/xavier/Developer/aquas-ROS-apriltags/install/aquas_apriltag_bringup:/opt/ros/humble')]), 'shell': False}
[0.197511] (-) TimerEvent: {}
[0.199157] (image_transport) JobProgress: {'identifier': 'image_transport', 'progress': 'cmake'}
[0.207156] (image_transport) JobProgress: {'identifier': 'image_transport', 'progress': 'build'}
[0.208893] (image_transport) Command: {'cmd': ['/usr/bin/cmake', '--build', '/home/xavier/Developer/aquas-ROS-apriltags/build/image_transport', '--', '-j4', '-l4'], 'cwd': '/home/xavier/Developer/aquas-ROS-apriltags/build/image_transport', 'env': OrderedDict([('LESSOPEN', '| /usr/bin/lesspipe %s'), ('USER', 'xavier'), ('SSH_CLIENT', '10.207.19.97 56738 22'), ('XDG_SESSION_TYPE', 'tty'), ('SHLVL', '1'), ('LD_LIBRARY_PATH', '/home/xavier/Developer/aquas-ROS-apriltags/install/apriltag_ros/lib:/home/xavier/Developer/aquas-ROS-apriltags/install/image_transport/lib:/home/xavier/Developer/aquas-ROS-apriltags/install/camera_info_manager/lib:/home/xavier/Developer/aquas-ROS-apriltags/install/camera_calibration_parsers/lib:/home/xavier/Developer/aquas-ROS-apriltags/install/apriltag/lib:/opt/ros/humble/opt/rviz_ogre_vendor/lib:/opt/ros/humble/lib/aarch64-linux-gnu:/opt/ros/humble/lib'), ('MOTD_SHOWN', 'pam'), ('HOME', '/home/xavier'), ('OLDPWD', '/home/xavier/Developer'), ('SSH_TTY', '/dev/pts/0'), ('ROS_PYTHON_VERSION', '3'), ('DBUS_SESSION_BUS_ADDRESS', 'unix:path=/run/user/1002/bus'), ('COLCON_PREFIX_PATH', '/home/xavier/Developer/aquas-ROS-apriltags/install'), ('ROS_DISTRO', 'humble'), ('LOGNAME', 'xavier'), ('_', '/usr/bin/colcon'), ('ROS_VERSION', '2'), ('PKG_CONFIG_PATH', '/home/xavier/Developer/aquas-ROS-apriltags/install/apriltag/lib/aarch64-linux-gnu/pkgconfig:/home/xavier/Developer/aquas-ROS-apriltags/install/apriltag/lib/pkgconfig'), ('XDG_SESSION_CLASS', 'user'), ('TERM', 'xterm-kitty'), ('XDG_SESSION_ID', '18'), ('ROS_LOCALHOST_ONLY', '0'), ('PATH', '/home/xavier/Developer/aquas-ROS-apriltags/install/apriltag/bin:/opt/ros/humble/bin:/usr/local/sbin:/usr/local/bin:/usr/sbin:/usr/bin:/sbin:/bin:/usr/games:/usr/local/games:/snap/bin'), ('XDG_RUNTIME_DIR', '/run/user/1002'), ('LANG', 'en_US.UTF-8'), ('LS_COLORS', 'rs=0:di=01;34:ln=01;36:mh=00:pi=40;33:so=01;35:do=01;35:bd=40;33;01:cd=40;33;01:or=40;31;01:mi=00:su=37;41:sg=30;43:ca=30;41:tw=30;42:ow=34;42:st=37;44:ex=01;32:*.tar=01;31:*.tgz=01;31:*.arc=01;31:*.arj=01;31:*.taz=01;31:*.lha=01;31:*.lz4=01;31:*.lzh=01;31:*.lzma=01;31:*.tlz=01;31:*.txz=01;31:*.tzo=01;31:*.t7z=01;31:*.zip=01;31:*.z=01;31:*.dz=01;31:*.gz=01;31:*.lrz=01;31:*.lz=01;31:*.lzo=01;31:*.xz=01;31:*.zst=01;31:*.tzst=01;31:*.bz2=01;31:*.bz=01;31:*.tbz=01;31:*.tbz2=01;31:*.tz=01;31:*.deb=01;31:*.rpm=01;31:*.jar=01;31:*.war=01;31:*.ear=01;31:*.sar=01;31:*.rar=01;31:*.alz=01;31:*.ace=01;31:*.zoo=01;31:*.cpio=01;31:*.7z=01;31:*.rz=01;31:*.cab=01;31:*.wim=01;31:*.swm=01;31:*.dwm=01;31:*.esd=01;31:*.jpg=01;35:*.jpeg=01;35:*.mjpg=01;35:*.mjpeg=01;35:*.gif=01;35:*.bmp=01;35:*.pbm=01;35:*.pgm=01;35:*.ppm=01;35:*.tga=01;35:*.xbm=01;35:*.xpm=01;35:*.tif=01;35:*.tiff=01;35:*.png=01;35:*.svg=01;35:*.svgz=01;35:*.mng=01;35:*.pcx=01;35:*.mov=01;35:*.mpg=01;35:*.mpeg=01;35:*.m2v=01;35:*.mkv=01;35:*.webm=01;35:*.webp=01;35:*.ogm=01;35:*.mp4=01;35:*.m4v=01;35:*.mp4v=01;35:*.vob=01;35:*.qt=01;35:*.nuv=01;35:*.wmv=01;35:*.asf=01;35:*.rm=01;35:*.rmvb=01;35:*.flc=01;35:*.avi=01;35:*.fli=01;35:*.flv=01;35:*.gl=01;35:*.dl=01;35:*.xcf=01;35:*.xwd=01;35:*.yuv=01;35:*.cgm=01;35:*.emf=01;35:*.ogv=01;35:*.ogx=01;35:*.aac=00;36:*.au=00;36:*.flac=00;36:*.m4a=00;36:*.mid=00;36:*.midi=00;36:*.mka=00;36:*.mp3=00;36:*.mpc=00;36:*.ogg=00;36:*.ra=00;36:*.wav=00;36:*.oga=00;36:*.opus=00;36:*.spx=00;36:*.xspf=00;36:'), ('ROS_DOMAIN_ID', '101'), ('AMENT_PREFIX_PATH', '/home/xavier/Developer/aquas-ROS-apriltags/install/image_common:/home/xavier/Developer/aquas-ROS-apriltags/install/apriltag_ros:/home/xavier/Developer/aquas-ROS-apriltags/install/image_transport:/home/xavier/Developer/aquas-ROS-apriltags/install/camera_info_manager_py:/home/xavier/Developer/aquas-ROS-apriltags/install/camera_info_manager:/home/xavier/Developer/aquas-ROS-apriltags/install/camera_calibration_parsers:/home/xavier/Developer/aquas-ROS-apriltags/install/aquas_dock_align:/home/xavier/Developer/aquas-ROS-apriltags/install/aquas_camera_bringup:/home/xavier/Developer/aquas-ROS-apriltags/install/aquas_apriltag_bringup:/opt/ros/humble'), ('SHELL', '/bin/bash'), ('LESSCLOSE', '/usr/bin/lesspipe %s %s'), ('PWD', '/home/xavier/Developer/aquas-ROS-apriltags/build/image_transport'), ('SSH_CONNECTION', '10.207.19.97 56738 10.207.26.163 22'), ('XDG_DATA_DIRS', '/usr/share/gnome:/usr/local/share:/usr/share:/var/lib/snapd/desktop'), ('PYTHONPATH', '/home/xavier/Developer/aquas-ROS-apriltags/build/dock_align:/home/xavier/Developer/aquas-ROS-apriltags/install/dock_align/lib/python3.10/site-packages:/home/xavier/Developer/aquas-ROS-apriltags/build/camera_info_manager_py:/home/xavier/Developer/aquas-ROS-apriltags/install/camera_info_manager_py/lib/python3.10/site-packages:/home/xavier/Developer/aquas-ROS-apriltags/build/camera_bringup:/home/xavier/Developer/aquas-ROS-apriltags/install/camera_bringup/lib/python3.10/site-packages:/home/xavier/Developer/aquas-ROS-apriltags/build/aquas_dock_align:/home/xavier/Developer/aquas-ROS-apriltags/install/aquas_dock_align/lib/python3.10/site-packages:/home/xavier/Developer/aquas-ROS-apriltags/build/aquas_camera_bringup:/home/xavier/Developer/aquas-ROS-apriltags/install/aquas_camera_bringup/lib/python3.10/site-packages:/home/xavier/Developer/aquas-ROS-apriltags/build/aquas_apriltag_bringup:/home/xavier/Developer/aquas-ROS-apriltags/install/aquas_apriltag_bringup/lib/python3.10/site-packages:/home/xavier/Developer/aquas-ROS-apriltags/build/apriltag_bringup:/home/xavier/Developer/aquas-ROS-apriltags/install/apriltag_bringup/lib/python3.10/site-packages:/home/xavier/Developer/aquas-ROS-apriltags/install/apriltag/lib/python3.10/site-packages:/opt/ros/humble/lib/python3.10/site-packages:/opt/ros/humble/local/lib/python3.10/dist-packages'), ('COLCON', '1'), ('CMAKE_PREFIX_PATH', '/home/xavier/Developer/aquas-ROS-apriltags/install/image_common:/home/xavier/Developer/aquas-ROS-apriltags/install/apriltag_ros:/home/xavier/Developer/aquas-ROS-apriltags/install/image_transport:/home/xavier/Developer/aquas-ROS-apriltags/install/camera_info_manager:/home/xavier/Developer/aquas-ROS-apriltags/install/camera_calibration_parsers:/home/xavier/Developer/aquas-ROS-apriltags/install/apriltag:/home/xavier/Developer/aquas-ROS-apriltags/install/camera_info_manager_py:/home/xavier/Developer/aquas-ROS-apriltags/install/aquas_dock_align:/home/xavier/Developer/aquas-ROS-apriltags/install/aquas_camera_bringup:/home/xavier/Developer/aquas-ROS-apriltags/install/aquas_apriltag_bringup:/opt/ros/humble')]), 'shell': False}
[0.222035] (apriltag) JobProgress: {'identifier': 'apriltag', 'progress': 'cmake'}
[0.229075] (apriltag) JobProgress: {'identifier': 'apriltag', 'progress': 'build'}
[0.230182] (apriltag) Command: {'cmd': ['/usr/bin/cmake', '--build', '/home/xavier/Developer/aquas-ROS-apriltags/build/apriltag', '--', '-j4', '-l4'], 'cwd': '/home/xavier/Developer/aquas-ROS-apriltags/build/apriltag', 'env': OrderedDict([('LESSOPEN', '| /usr/bin/lesspipe %s'), ('USER', 'xavier'), ('SSH_CLIENT', '10.207.19.97 56738 22'), ('XDG_SESSION_TYPE', 'tty'), ('SHLVL', '1'), ('LD_LIBRARY_PATH', '/home/xavier/Developer/aquas-ROS-apriltags/install/apriltag_ros/lib:/home/xavier/Developer/aquas-ROS-apriltags/install/image_transport/lib:/home/xavier/Developer/aquas-ROS-apriltags/install/camera_info_manager/lib:/home/xavier/Developer/aquas-ROS-apriltags/install/camera_calibration_parsers/lib:/home/xavier/Developer/aquas-ROS-apriltags/install/apriltag/lib:/opt/ros/humble/opt/rviz_ogre_vendor/lib:/opt/ros/humble/lib/aarch64-linux-gnu:/opt/ros/humble/lib'), ('MOTD_SHOWN', 'pam'), ('HOME', '/home/xavier'), ('OLDPWD', '/home/xavier/Developer'), ('SSH_TTY', '/dev/pts/0'), ('ROS_PYTHON_VERSION', '3'), ('DBUS_SESSION_BUS_ADDRESS', 'unix:path=/run/user/1002/bus'), ('COLCON_PREFIX_PATH', '/home/xavier/Developer/aquas-ROS-apriltags/install'), ('ROS_DISTRO', 'humble'), ('LOGNAME', 'xavier'), ('_', '/usr/bin/colcon'), ('ROS_VERSION', '2'), ('PKG_CONFIG_PATH', '/home/xavier/Developer/aquas-ROS-apriltags/install/apriltag/lib/aarch64-linux-gnu/pkgconfig:/home/xavier/Developer/aquas-ROS-apriltags/install/apriltag/lib/pkgconfig'), ('XDG_SESSION_CLASS', 'user'), ('TERM', 'xterm-kitty'), ('XDG_SESSION_ID', '18'), ('ROS_LOCALHOST_ONLY', '0'), ('PATH', '/home/xavier/Developer/aquas-ROS-apriltags/install/apriltag/bin:/opt/ros/humble/bin:/usr/local/sbin:/usr/local/bin:/usr/sbin:/usr/bin:/sbin:/bin:/usr/games:/usr/local/games:/snap/bin'), ('XDG_RUNTIME_DIR', '/run/user/1002'), ('LANG', 'en_US.UTF-8'), ('LS_COLORS', 'rs=0:di=01;34:ln=01;36:mh=00:pi=40;33:so=01;35:do=01;35:bd=40;33;01:cd=40;33;01:or=40;31;01:mi=00:su=37;41:sg=30;43:ca=30;41:tw=30;42:ow=34;42:st=37;44:ex=01;32:*.tar=01;31:*.tgz=01;31:*.arc=01;31:*.arj=01;31:*.taz=01;31:*.lha=01;31:*.lz4=01;31:*.lzh=01;31:*.lzma=01;31:*.tlz=01;31:*.txz=01;31:*.tzo=01;31:*.t7z=01;31:*.zip=01;31:*.z=01;31:*.dz=01;31:*.gz=01;31:*.lrz=01;31:*.lz=01;31:*.lzo=01;31:*.xz=01;31:*.zst=01;31:*.tzst=01;31:*.bz2=01;31:*.bz=01;31:*.tbz=01;31:*.tbz2=01;31:*.tz=01;31:*.deb=01;31:*.rpm=01;31:*.jar=01;31:*.war=01;31:*.ear=01;31:*.sar=01;31:*.rar=01;31:*.alz=01;31:*.ace=01;31:*.zoo=01;31:*.cpio=01;31:*.7z=01;31:*.rz=01;31:*.cab=01;31:*.wim=01;31:*.swm=01;31:*.dwm=01;31:*.esd=01;31:*.jpg=01;35:*.jpeg=01;35:*.mjpg=01;35:*.mjpeg=01;35:*.gif=01;35:*.bmp=01;35:*.pbm=01;35:*.pgm=01;35:*.ppm=01;35:*.tga=01;35:*.xbm=01;35:*.xpm=01;35:*.tif=01;35:*.tiff=01;35:*.png=01;35:*.svg=01;35:*.svgz=01;35:*.mng=01;35:*.pcx=01;35:*.mov=01;35:*.mpg=01;35:*.mpeg=01;35:*.m2v=01;35:*.mkv=01;35:*.webm=01;35:*.webp=01;35:*.ogm=01;35:*.mp4=01;35:*.m4v=01;35:*.mp4v=01;35:*.vob=01;35:*.qt=01;35:*.nuv=01;35:*.wmv=01;35:*.asf=01;35:*.rm=01;35:*.rmvb=01;35:*.flc=01;35:*.avi=01;35:*.fli=01;35:*.flv=01;35:*.gl=01;35:*.dl=01;35:*.xcf=01;35:*.xwd=01;35:*.yuv=01;35:*.cgm=01;35:*.emf=01;35:*.ogv=01;35:*.ogx=01;35:*.aac=00;36:*.au=00;36:*.flac=00;36:*.m4a=00;36:*.mid=00;36:*.midi=00;36:*.mka=00;36:*.mp3=00;36:*.mpc=00;36:*.ogg=00;36:*.ra=00;36:*.wav=00;36:*.oga=00;36:*.opus=00;36:*.spx=00;36:*.xspf=00;36:'), ('ROS_DOMAIN_ID', '101'), ('AMENT_PREFIX_PATH', '/home/xavier/Developer/aquas-ROS-apriltags/install/image_common:/home/xavier/Developer/aquas-ROS-apriltags/install/apriltag_ros:/home/xavier/Developer/aquas-ROS-apriltags/install/image_transport:/home/xavier/Developer/aquas-ROS-apriltags/install/camera_info_manager_py:/home/xavier/Developer/aquas-ROS-apriltags/install/camera_info_manager:/home/xavier/Developer/aquas-ROS-apriltags/install/camera_calibration_parsers:/home/xavier/Developer/aquas-ROS-apriltags/install/aquas_dock_align:/home/xavier/Developer/aquas-ROS-apriltags/install/aquas_camera_bringup:/home/xavier/Developer/aquas-ROS-apriltags/install/aquas_apriltag_bringup:/opt/ros/humble'), ('SHELL', '/bin/bash'), ('LESSCLOSE', '/usr/bin/lesspipe %s %s'), ('PWD', '/home/xavier/Developer/aquas-ROS-apriltags/build/apriltag'), ('SSH_CONNECTION', '10.207.19.97 56738 10.207.26.163 22'), ('XDG_DATA_DIRS', '/usr/share/gnome:/usr/local/share:/usr/share:/var/lib/snapd/desktop'), ('PYTHONPATH', '/home/xavier/Developer/aquas-ROS-apriltags/build/dock_align:/home/xavier/Developer/aquas-ROS-apriltags/install/dock_align/lib/python3.10/site-packages:/home/xavier/Developer/aquas-ROS-apriltags/build/camera_info_manager_py:/home/xavier/Developer/aquas-ROS-apriltags/install/camera_info_manager_py/lib/python3.10/site-packages:/home/xavier/Developer/aquas-ROS-apriltags/build/camera_bringup:/home/xavier/Developer/aquas-ROS-apriltags/install/camera_bringup/lib/python3.10/site-packages:/home/xavier/Developer/aquas-ROS-apriltags/build/aquas_dock_align:/home/xavier/Developer/aquas-ROS-apriltags/install/aquas_dock_align/lib/python3.10/site-packages:/home/xavier/Developer/aquas-ROS-apriltags/build/aquas_camera_bringup:/home/xavier/Developer/aquas-ROS-apriltags/install/aquas_camera_bringup/lib/python3.10/site-packages:/home/xavier/Developer/aquas-ROS-apriltags/build/aquas_apriltag_bringup:/home/xavier/Developer/aquas-ROS-apriltags/install/aquas_apriltag_bringup/lib/python3.10/site-packages:/home/xavier/Developer/aquas-ROS-apriltags/build/apriltag_bringup:/home/xavier/Developer/aquas-ROS-apriltags/install/apriltag_bringup/lib/python3.10/site-packages:/home/xavier/Developer/aquas-ROS-apriltags/install/apriltag/lib/python3.10/site-packages:/opt/ros/humble/lib/python3.10/site-packages:/opt/ros/humble/local/lib/python3.10/dist-packages'), ('COLCON', '1'), ('CMAKE_PREFIX_PATH', '/home/xavier/Developer/aquas-ROS-apriltags/install/image_common:/home/xavier/Developer/aquas-ROS-apriltags/install/apriltag_ros:/home/xavier/Developer/aquas-ROS-apriltags/install/image_transport:/home/xavier/Developer/aquas-ROS-apriltags/install/camera_info_manager:/home/xavier/Developer/aquas-ROS-apriltags/install/camera_calibration_parsers:/home/xavier/Developer/aquas-ROS-apriltags/install/apriltag:/home/xavier/Developer/aquas-ROS-apriltags/install/camera_info_manager_py:/home/xavier/Developer/aquas-ROS-apriltags/install/aquas_dock_align:/home/xavier/Developer/aquas-ROS-apriltags/install/aquas_camera_bringup:/home/xavier/Developer/aquas-ROS-apriltags/install/aquas_apriltag_bringup:/opt/ros/humble')]), 'shell': False}
[0.297732] (-) TimerEvent: {}
[0.398501] (-) TimerEvent: {}
[0.499284] (-) TimerEvent: {}
[0.600062] (-) TimerEvent: {}
[0.701193] (-) TimerEvent: {}
[0.717131] (camera_calibration_parsers) StdoutLine: {'line': b'-- Found ament_cmake_ros: 0.10.0 (/opt/ros/humble/share/ament_cmake_ros/cmake)\n'}
[0.721729] (image_transport) StdoutLine: {'line': b'-- Found ament_cmake_ros: 0.10.0 (/opt/ros/humble/share/ament_cmake_ros/cmake)\n'}
[0.765635] (apriltag) StdoutLine: {'line': b'\x1b[35m\x1b[1mConsolidate compiler generated dependencies of target apriltag\x1b[0m\n'}
[0.801466] (-) TimerEvent: {}
[0.822653] (apriltag) StdoutLine: {'line': b'[  2%] \x1b[34m\x1b[1mGenerating apriltag_detect_docstring.h, apriltag_detect_docstring.cxx\x1b[0m\n'}
[0.825783] (apriltag) StdoutLine: {'line': b'[  4%] \x1b[34m\x1b[1mGenerating apriltag_py_type_docstring.h, apriltag_py_type_docstring.cxx\x1b[0m\n'}
[0.898952] (apriltag) StdoutLine: {'line': b'[  6%] \x1b[34m\x1b[1mGenerating apriltag_estimate_tag_pose_docstring.h, apriltag_estimate_tag_pose_docstring.cxx\x1b[0m\n'}
[0.901994] (-) TimerEvent: {}
[1.004306] (-) TimerEvent: {}
[1.087974] (apriltag) StdoutLine: {'line': b'[  9%] \x1b[32mBuilding C object CMakeFiles/apriltag.dir/apriltag.c.o\x1b[0m\n'}
[1.104550] (-) TimerEvent: {}
[1.134311] (apriltag) StdoutLine: {'line': b'[ 11%] \x1b[32mBuilding C object CMakeFiles/apriltag.dir/apriltag_pose.c.o\x1b[0m\n'}
[1.150839] (apriltag) StdoutLine: {'line': b'[ 13%] \x1b[32mBuilding C object CMakeFiles/apriltag.dir/apriltag_quad_thresh.c.o\x1b[0m\n'}
[1.207916] (-) TimerEvent: {}
[1.243208] (apriltag) StdoutLine: {'line': b'[ 13%] Built target apriltag_py_docstrings\n'}
[1.308068] (-) TimerEvent: {}
[1.312184] (apriltag) StdoutLine: {'line': b'[ 16%] \x1b[32mBuilding C object CMakeFiles/apriltag.dir/common/g2d.c.o\x1b[0m\n'}
[1.408271] (-) TimerEvent: {}
[1.510222] (-) TimerEvent: {}
[1.612378] (-) TimerEvent: {}
[1.714293] (-) TimerEvent: {}
[1.816533] (-) TimerEvent: {}
[1.918635] (-) TimerEvent: {}
[2.020722] (-) TimerEvent: {}
[2.123296] (-) TimerEvent: {}
[2.225446] (-) TimerEvent: {}
[2.327682] (-) TimerEvent: {}
[2.430006] (-) TimerEvent: {}
[2.448147] (image_transport) StdoutLine: {'line': b'-- Override CMake install command with custom implementation using symlinks instead of copying resources\n'}
[2.513981] (camera_calibration_parsers) StdoutLine: {'line': b'-- Override CMake install command with custom implementation using symlinks instead of copying resources\n'}
[2.530266] (-) TimerEvent: {}
[2.632341] (-) TimerEvent: {}
[2.684875] (image_transport) StdoutLine: {'line': b'-- Found message_filters: 4.3.11 (/opt/ros/humble/share/message_filters/cmake)\n'}
[2.686263] (camera_calibration_parsers) StdoutLine: {'line': b'-- Found rclcpp: 16.0.17 (/opt/ros/humble/share/rclcpp/cmake)\n'}
[2.733255] (-) TimerEvent: {}
[2.835320] (-) TimerEvent: {}
[2.936467] (-) TimerEvent: {}
[3.043315] (-) TimerEvent: {}
[3.144963] (-) TimerEvent: {}
[3.246758] (-) TimerEvent: {}
[3.375385] (-) TimerEvent: {}
[3.427168] (image_transport) StdoutLine: {'line': b'-- Found rosidl_generator_c: 3.1.8 (/opt/ros/humble/share/rosidl_generator_c/cmake)\n'}
[3.428381] (camera_calibration_parsers) StdoutLine: {'line': b'-- Found rosidl_generator_c: 3.1.8 (/opt/ros/humble/share/rosidl_generator_c/cmake)\n'}
[3.475595] (-) TimerEvent: {}
[3.495082] (camera_calibration_parsers) StdoutLine: {'line': b'-- Found rosidl_adapter: 3.1.8 (/opt/ros/humble/share/rosidl_adapter/cmake)\n'}
[3.495907] (image_transport) StdoutLine: {'line': b'-- Found rosidl_adapter: 3.1.8 (/opt/ros/humble/share/rosidl_adapter/cmake)\n'}
[3.575877] (-) TimerEvent: {}
[3.617210] (image_transport) StdoutLine: {'line': b'-- Found rosidl_generator_cpp: 3.1.8 (/opt/ros/humble/share/rosidl_generator_cpp/cmake)\n'}
[3.659634] (camera_calibration_parsers) StdoutLine: {'line': b'-- Found rosidl_generator_cpp: 3.1.8 (/opt/ros/humble/share/rosidl_generator_cpp/cmake)\n'}
[3.676114] (-) TimerEvent: {}
[3.778002] (-) TimerEvent: {}
[3.837370] (apriltag) StdoutLine: {'line': b'[ 18%] \x1b[32mBuilding C object CMakeFiles/apriltag.dir/common/getopt.c.o\x1b[0m\n'}
[3.838636] (camera_calibration_parsers) StdoutLine: {'line': b'-- Using all available rosidl_typesupport_c: rosidl_typesupport_fastrtps_c;rosidl_typesupport_introspection_c\n'}
[3.844188] (image_transport) StdoutLine: {'line': b'-- Using all available rosidl_typesupport_c: rosidl_typesupport_fastrtps_c;rosidl_typesupport_introspection_c\n'}
[3.878207] (-) TimerEvent: {}
[3.979296] (-) TimerEvent: {}
[4.010399] (apriltag) StdoutLine: {'line': b'[ 20%] \x1b[32mBuilding C object CMakeFiles/apriltag.dir/common/homography.c.o\x1b[0m\n'}
[4.072797] (camera_calibration_parsers) StdoutLine: {'line': b'-- Using all available rosidl_typesupport_cpp: rosidl_typesupport_fastrtps_cpp;rosidl_typesupport_introspection_cpp\n'}
[4.079534] (-) TimerEvent: {}
[4.082896] (image_transport) StdoutLine: {'line': b'-- Using all available rosidl_typesupport_cpp: rosidl_typesupport_fastrtps_cpp;rosidl_typesupport_introspection_cpp\n'}
[4.179758] (-) TimerEvent: {}
[4.280959] (-) TimerEvent: {}
[4.382432] (-) TimerEvent: {}
[4.483784] (-) TimerEvent: {}
[4.585054] (-) TimerEvent: {}
[4.680290] (image_transport) StdoutLine: {'line': b'-- Found rmw_implementation_cmake: 6.1.2 (/opt/ros/humble/share/rmw_implementation_cmake/cmake)\n'}
[4.685335] (-) TimerEvent: {}
[4.720418] (image_transport) StdoutLine: {'line': b'-- Found rmw_fastrtps_cpp: 6.2.9 (/opt/ros/humble/share/rmw_fastrtps_cpp/cmake)\n'}
[4.767287] (camera_calibration_parsers) StdoutLine: {'line': b'-- Found rmw_implementation_cmake: 6.1.2 (/opt/ros/humble/share/rmw_implementation_cmake/cmake)\n'}
[4.785613] (-) TimerEvent: {}
[4.801805] (camera_calibration_parsers) StdoutLine: {'line': b'-- Found rmw_fastrtps_cpp: 6.2.9 (/opt/ros/humble/share/rmw_fastrtps_cpp/cmake)\n'}
[4.885906] (-) TimerEvent: {}
[4.988122] (-) TimerEvent: {}
[5.089591] (-) TimerEvent: {}
[5.191111] (-) TimerEvent: {}
[5.293124] (-) TimerEvent: {}
[5.394222] (-) TimerEvent: {}
[5.495582] (-) TimerEvent: {}
[5.596646] (-) TimerEvent: {}
[5.697667] (-) TimerEvent: {}
[5.798729] (-) TimerEvent: {}
[5.884542] (apriltag) StdoutLine: {'line': b'[ 23%] \x1b[32mBuilding C object CMakeFiles/apriltag.dir/common/image_u8.c.o\x1b[0m\n'}
[5.898993] (-) TimerEvent: {}
[6.000123] (-) TimerEvent: {}
[6.101187] (-) TimerEvent: {}
[6.114384] (apriltag) StdoutLine: {'line': b'[ 25%] \x1b[32mBuilding C object CMakeFiles/apriltag.dir/common/image_u8_parallel.c.o\x1b[0m\n'}
[6.201372] (-) TimerEvent: {}
[6.302575] (-) TimerEvent: {}
[6.403642] (-) TimerEvent: {}
[6.504605] (-) TimerEvent: {}
[6.605675] (-) TimerEvent: {}
[6.706698] (-) TimerEvent: {}
[6.808017] (-) TimerEvent: {}
[6.909068] (-) TimerEvent: {}
[7.011536] (-) TimerEvent: {}
[7.113857] (-) TimerEvent: {}
[7.229770] (-) TimerEvent: {}
[7.331981] (-) TimerEvent: {}
[7.433786] (-) TimerEvent: {}
[7.536115] (-) TimerEvent: {}
[7.638282] (-) TimerEvent: {}
[7.701281] (apriltag) StdoutLine: {'line': b'[ 27%] \x1b[32mBuilding C object CMakeFiles/apriltag.dir/common/image_u8x3.c.o\x1b[0m\n'}
[7.738544] (-) TimerEvent: {}
[7.817437] (camera_calibration_parsers) StdoutLine: {'line': b"-- Using RMW implementation 'rmw_fastrtps_cpp' as default\n"}
[7.839246] (-) TimerEvent: {}
[7.940515] (-) TimerEvent: {}
[7.947464] (image_transport) StdoutLine: {'line': b"-- Using RMW implementation 'rmw_fastrtps_cpp' as default\n"}
[8.040751] (-) TimerEvent: {}
[8.136127] (apriltag) StdoutLine: {'line': b'[ 30%] \x1b[32mBuilding C object CMakeFiles/apriltag.dir/common/image_u8x4.c.o\x1b[0m\n'}
[8.141016] (-) TimerEvent: {}
[8.243100] (-) TimerEvent: {}
[8.345569] (-) TimerEvent: {}
[8.447895] (-) TimerEvent: {}
[8.568820] (-) TimerEvent: {}
[8.581754] (apriltag) StdoutLine: {'line': b'[ 32%] \x1b[32mBuilding C object CMakeFiles/apriltag.dir/common/matd.c.o\x1b[0m\n'}
[8.645709] (camera_calibration_parsers) StdoutLine: {'line': b'-- Found sensor_msgs: 4.9.0 (/opt/ros/humble/share/sensor_msgs/cmake)\n'}
[8.651728] (image_transport) StdoutLine: {'line': b'-- Found pluginlib: 5.1.3 (/opt/ros/humble/share/pluginlib/cmake)\n'}
[8.669061] (-) TimerEvent: {}
[8.770906] (-) TimerEvent: {}
[8.872776] (-) TimerEvent: {}
[8.975361] (-) TimerEvent: {}
[9.077292] (-) TimerEvent: {}
[9.179468] (-) TimerEvent: {}
[9.255923] (camera_calibration_parsers) StdoutLine: {'line': b'-- Found yaml_cpp_vendor: 8.0.2 (/opt/ros/humble/share/yaml_cpp_vendor/cmake)\n'}
[9.279640] (-) TimerEvent: {}
[9.302017] (camera_calibration_parsers) StdoutLine: {'line': b'-- Found ament_cmake_cppcheck: 0.12.14 (/opt/ros/humble/share/ament_cmake_cppcheck/cmake)\n'}
[9.320124] (camera_calibration_parsers) StdoutLine: {'line': b'-- Found ament_cmake_cpplint: 0.12.14 (/opt/ros/humble/share/ament_cmake_cpplint/cmake)\n'}
[9.329233] (camera_calibration_parsers) StdoutLine: {'line': b'-- Found ament_cmake_lint_cmake: 0.12.14 (/opt/ros/humble/share/ament_cmake_lint_cmake/cmake)\n'}
[9.351382] (camera_calibration_parsers) StdoutLine: {'line': b'-- Found ament_cmake_uncrustify: 0.12.14 (/opt/ros/humble/share/ament_cmake_uncrustify/cmake)\n'}
[9.364715] (camera_calibration_parsers) StdoutLine: {'line': b"-- Found gtest sources under '/opt/ros/humble/src/gtest_vendor': C++ tests using 'Google Test' will be built\n"}
[9.379892] (-) TimerEvent: {}
[9.399718] (image_transport) StdoutLine: {'line': b'-- Found sensor_msgs: 4.9.0 (/opt/ros/humble/share/sensor_msgs/cmake)\n'}
[9.480205] (-) TimerEvent: {}
[9.581882] (-) TimerEvent: {}
[9.620964] (aquas_apriltag_bringup) Command: {'cmd': ['/usr/bin/python3', '-W', 'ignore:setup.py install is deprecated', '-W', 'ignore:easy_install command is deprecated', 'setup.py', 'develop', '--editable', '--build-directory', '/home/xavier/Developer/aquas-ROS-apriltags/build/aquas_apriltag_bringup/build', '--no-deps', 'symlink_data'], 'cwd': '/home/xavier/Developer/aquas-ROS-apriltags/build/aquas_apriltag_bringup', 'env': {'LESSOPEN': '| /usr/bin/lesspipe %s', 'USER': 'xavier', 'SSH_CLIENT': '10.207.19.97 56738 22', 'XDG_SESSION_TYPE': 'tty', 'SHLVL': '1', 'LD_LIBRARY_PATH': '/home/xavier/Developer/aquas-ROS-apriltags/install/apriltag_ros/lib:/home/xavier/Developer/aquas-ROS-apriltags/install/image_transport/lib:/home/xavier/Developer/aquas-ROS-apriltags/install/camera_info_manager/lib:/home/xavier/Developer/aquas-ROS-apriltags/install/camera_calibration_parsers/lib:/home/xavier/Developer/aquas-ROS-apriltags/install/apriltag/lib:/opt/ros/humble/opt/rviz_ogre_vendor/lib:/opt/ros/humble/lib/aarch64-linux-gnu:/opt/ros/humble/lib', 'MOTD_SHOWN': 'pam', 'HOME': '/home/xavier', 'OLDPWD': '/home/xavier/Developer', 'SSH_TTY': '/dev/pts/0', 'ROS_PYTHON_VERSION': '3', 'DBUS_SESSION_BUS_ADDRESS': 'unix:path=/run/user/1002/bus', 'COLCON_PREFIX_PATH': '/home/xavier/Developer/aquas-ROS-apriltags/install', 'ROS_DISTRO': 'humble', 'LOGNAME': 'xavier', '_': '/usr/bin/colcon', 'ROS_VERSION': '2', 'PKG_CONFIG_PATH': '/home/xavier/Developer/aquas-ROS-apriltags/install/apriltag/lib/aarch64-linux-gnu/pkgconfig:/home/xavier/Developer/aquas-ROS-apriltags/install/apriltag/lib/pkgconfig', 'XDG_SESSION_CLASS': 'user', 'TERM': 'xterm-kitty', 'XDG_SESSION_ID': '18', 'ROS_LOCALHOST_ONLY': '0', 'PATH': '/home/xavier/Developer/aquas-ROS-apriltags/install/apriltag/bin:/opt/ros/humble/bin:/usr/local/sbin:/usr/local/bin:/usr/sbin:/usr/bin:/sbin:/bin:/usr/games:/usr/local/games:/snap/bin', 'XDG_RUNTIME_DIR': '/run/user/1002', 'LANG': 'en_US.UTF-8', 'LS_COLORS': 'rs=0:di=01;34:ln=01;36:mh=00:pi=40;33:so=01;35:do=01;35:bd=40;33;01:cd=40;33;01:or=40;31;01:mi=00:su=37;41:sg=30;43:ca=30;41:tw=30;42:ow=34;42:st=37;44:ex=01;32:*.tar=01;31:*.tgz=01;31:*.arc=01;31:*.arj=01;31:*.taz=01;31:*.lha=01;31:*.lz4=01;31:*.lzh=01;31:*.lzma=01;31:*.tlz=01;31:*.txz=01;31:*.tzo=01;31:*.t7z=01;31:*.zip=01;31:*.z=01;31:*.dz=01;31:*.gz=01;31:*.lrz=01;31:*.lz=01;31:*.lzo=01;31:*.xz=01;31:*.zst=01;31:*.tzst=01;31:*.bz2=01;31:*.bz=01;31:*.tbz=01;31:*.tbz2=01;31:*.tz=01;31:*.deb=01;31:*.rpm=01;31:*.jar=01;31:*.war=01;31:*.ear=01;31:*.sar=01;31:*.rar=01;31:*.alz=01;31:*.ace=01;31:*.zoo=01;31:*.cpio=01;31:*.7z=01;31:*.rz=01;31:*.cab=01;31:*.wim=01;31:*.swm=01;31:*.dwm=01;31:*.esd=01;31:*.jpg=01;35:*.jpeg=01;35:*.mjpg=01;35:*.mjpeg=01;35:*.gif=01;35:*.bmp=01;35:*.pbm=01;35:*.pgm=01;35:*.ppm=01;35:*.tga=01;35:*.xbm=01;35:*.xpm=01;35:*.tif=01;35:*.tiff=01;35:*.png=01;35:*.svg=01;35:*.svgz=01;35:*.mng=01;35:*.pcx=01;35:*.mov=01;35:*.mpg=01;35:*.mpeg=01;35:*.m2v=01;35:*.mkv=01;35:*.webm=01;35:*.webp=01;35:*.ogm=01;35:*.mp4=01;35:*.m4v=01;35:*.mp4v=01;35:*.vob=01;35:*.qt=01;35:*.nuv=01;35:*.wmv=01;35:*.asf=01;35:*.rm=01;35:*.rmvb=01;35:*.flc=01;35:*.avi=01;35:*.fli=01;35:*.flv=01;35:*.gl=01;35:*.dl=01;35:*.xcf=01;35:*.xwd=01;35:*.yuv=01;35:*.cgm=01;35:*.emf=01;35:*.ogv=01;35:*.ogx=01;35:*.aac=00;36:*.au=00;36:*.flac=00;36:*.m4a=00;36:*.mid=00;36:*.midi=00;36:*.mka=00;36:*.mp3=00;36:*.mpc=00;36:*.ogg=00;36:*.ra=00;36:*.wav=00;36:*.oga=00;36:*.opus=00;36:*.spx=00;36:*.xspf=00;36:', 'ROS_DOMAIN_ID': '101', 'AMENT_PREFIX_PATH': '/home/xavier/Developer/aquas-ROS-apriltags/install/image_common:/home/xavier/Developer/aquas-ROS-apriltags/install/apriltag_ros:/home/xavier/Developer/aquas-ROS-apriltags/install/image_transport:/home/xavier/Developer/aquas-ROS-apriltags/install/camera_info_manager_py:/home/xavier/Developer/aquas-ROS-apriltags/install/camera_info_manager:/home/xavier/Developer/aquas-ROS-apriltags/install/camera_calibration_parsers:/home/xavier/Developer/aquas-ROS-apriltags/install/aquas_dock_align:/home/xavier/Developer/aquas-ROS-apriltags/install/aquas_camera_bringup:/home/xavier/Developer/aquas-ROS-apriltags/install/aquas_apriltag_bringup:/opt/ros/humble', 'SHELL': '/bin/bash', 'LESSCLOSE': '/usr/bin/lesspipe %s %s', 'PWD': '/home/xavier/Developer/aquas-ROS-apriltags/build/aquas_apriltag_bringup', 'SSH_CONNECTION': '10.207.19.97 56738 10.207.26.163 22', 'XDG_DATA_DIRS': '/usr/share/gnome:/usr/local/share:/usr/share:/var/lib/snapd/desktop', 'PYTHONPATH': '/home/xavier/Developer/aquas-ROS-apriltags/build/aquas_apriltag_bringup/prefix_override:/usr/lib/python3/dist-packages/colcon_core/task/python/colcon_distutils_commands:/home/xavier/Developer/aquas-ROS-apriltags/install/aquas_apriltag_bringup/lib/python3.10/site-packages:/home/xavier/Developer/aquas-ROS-apriltags/build/dock_align:/home/xavier/Developer/aquas-ROS-apriltags/install/dock_align/lib/python3.10/site-packages:/home/xavier/Developer/aquas-ROS-apriltags/build/camera_info_manager_py:/home/xavier/Developer/aquas-ROS-apriltags/install/camera_info_manager_py/lib/python3.10/site-packages:/home/xavier/Developer/aquas-ROS-apriltags/build/camera_bringup:/home/xavier/Developer/aquas-ROS-apriltags/install/camera_bringup/lib/python3.10/site-packages:/home/xavier/Developer/aquas-ROS-apriltags/build/aquas_dock_align:/home/xavier/Developer/aquas-ROS-apriltags/install/aquas_dock_align/lib/python3.10/site-packages:/home/xavier/Developer/aquas-ROS-apriltags/build/aquas_camera_bringup:/home/xavier/Developer/aquas-ROS-apriltags/install/aquas_camera_bringup/lib/python3.10/site-packages:/home/xavier/Developer/aquas-ROS-apriltags/build/aquas_apriltag_bringup:/home/xavier/Developer/aquas-ROS-apriltags/install/aquas_apriltag_bringup/lib/python3.10/site-packages:/home/xavier/Developer/aquas-ROS-apriltags/build/apriltag_bringup:/home/xavier/Developer/aquas-ROS-apriltags/install/apriltag_bringup/lib/python3.10/site-packages:/home/xavier/Developer/aquas-ROS-apriltags/install/apriltag/lib/python3.10/site-packages:/opt/ros/humble/lib/python3.10/site-packages:/opt/ros/humble/local/lib/python3.10/dist-packages', 'COLCON': '1', 'CMAKE_PREFIX_PATH': '/home/xavier/Developer/aquas-ROS-apriltags/install/image_common:/home/xavier/Developer/aquas-ROS-apriltags/install/apriltag_ros:/home/xavier/Developer/aquas-ROS-apriltags/install/image_transport:/home/xavier/Developer/aquas-ROS-apriltags/install/camera_info_manager:/home/xavier/Developer/aquas-ROS-apriltags/install/camera_calibration_parsers:/home/xavier/Developer/aquas-ROS-apriltags/install/apriltag'}, 'shell': False}
[9.682139] (-) TimerEvent: {}
[9.731460] (apriltag) StdoutLine: {'line': b'[ 34%] \x1b[32mBuilding C object CMakeFiles/apriltag.dir/common/pam.c.o\x1b[0m\n'}
[9.766154] (apriltag) StdoutLine: {'line': b'[ 37%] \x1b[32mBuilding C object CMakeFiles/apriltag.dir/common/pjpeg-idct.c.o\x1b[0m\n'}
[9.782467] (-) TimerEvent: {}
[9.884779] (-) TimerEvent: {}
[9.890007] (image_transport) StdoutLine: {'line': b'-- Found ament_lint_auto: 0.12.14 (/opt/ros/humble/share/ament_lint_auto/cmake)\n'}
[9.985121] (-) TimerEvent: {}
[10.087323] (-) TimerEvent: {}
[10.189141] (-) TimerEvent: {}
[10.291377] (-) TimerEvent: {}
[10.393142] (-) TimerEvent: {}
[10.494746] (-) TimerEvent: {}
[10.596471] (-) TimerEvent: {}
[10.698280] (-) TimerEvent: {}
[10.720424] (apriltag) StdoutLine: {'line': b'[ 39%] \x1b[32mBuilding C object CMakeFiles/apriltag.dir/common/pjpeg.c.o\x1b[0m\n'}
[10.777726] (apriltag) StdoutLine: {'line': b'[ 41%] \x1b[32mBuilding C object CMakeFiles/apriltag.dir/common/pnm.c.o\x1b[0m\n'}
[10.798511] (-) TimerEvent: {}
[10.801566] (camera_calibration_parsers) StdoutLine: {'line': b'-- Configuring done\n'}
[10.898789] (-) TimerEvent: {}
[11.000194] (-) TimerEvent: {}
[11.101248] (-) TimerEvent: {}
[11.181397] (image_transport) StdoutLine: {'line': b"-- Found gtest sources under '/opt/ros/humble/src/gtest_vendor': C++ tests using 'Google Test' will be built\n"}
[11.201506] (-) TimerEvent: {}
[11.293528] (camera_calibration_parsers) StdoutLine: {'line': b'-- Generating done\n'}
[11.301759] (-) TimerEvent: {}
[11.403675] (camera_calibration_parsers) StdoutLine: {'line': b'-- Build files have been written to: /home/xavier/Developer/aquas-ROS-apriltags/build/camera_calibration_parsers\n'}
[11.404556] (-) TimerEvent: {}
[11.506437] (-) TimerEvent: {}
[11.577530] (image_transport) StdoutLine: {'line': b"-- Added test 'copyright' to check source files copyright and LICENSE\n"}
[11.606715] (-) TimerEvent: {}
[11.708788] (-) TimerEvent: {}
[11.711428] (image_transport) StdoutLine: {'line': b"-- Added test 'cpplint' to check C / C++ code against the Google style\n"}
[11.731941] (image_transport) StdoutLine: {'line': b'-- Configured cpplint exclude dirs and/or files: \n'}
[11.796354] (image_transport) StdoutLine: {'line': b"-- Added test 'lint_cmake' to check CMake code style\n"}
[11.801707] (camera_calibration_parsers) StdoutLine: {'line': b'\x1b[35m\x1b[1mConsolidate compiler generated dependencies of target camera_calibration_parsers\x1b[0m\n'}
[11.809081] (-) TimerEvent: {}
[11.822861] (camera_calibration_parsers) StdoutLine: {'line': b'\x1b[35m\x1b[1mConsolidate compiler generated dependencies of target gtest\x1b[0m\n'}
[11.856500] (camera_calibration_parsers) StdoutLine: {'line': b'\x1b[35m\x1b[1mConsolidate compiler generated dependencies of target gtest_main\x1b[0m\n'}
[11.909281] (-) TimerEvent: {}
[11.911110] (image_transport) StdoutLine: {'line': b"-- Added test 'uncrustify' to check C / C++ code style\n"}
[11.927989] (image_transport) StdoutLine: {'line': b'-- Configured uncrustify additional arguments: \n'}
[11.945073] (image_transport) StdoutLine: {'line': b"-- Added test 'xmllint' to check XML markup files\n"}
[11.995795] (image_transport) StdoutLine: {'line': b'-- Configuring done\n'}
[12.009629] (-) TimerEvent: {}
[12.039522] (apriltag) StdoutLine: {'line': b'[ 44%] \x1b[32mBuilding C object CMakeFiles/apriltag.dir/common/pthreads_cross.c.o\x1b[0m\n'}
[12.063556] (camera_calibration_parsers) StdoutLine: {'line': b'[ 14%] Built target gtest_main\n'}
[12.109972] (-) TimerEvent: {}
[12.141191] (camera_calibration_parsers) StdoutLine: {'line': b'[ 28%] Built target gtest\n'}
[12.210235] (-) TimerEvent: {}
[12.311461] (-) TimerEvent: {}
[12.358023] (camera_calibration_parsers) StdoutLine: {'line': b'[ 57%] Built target camera_calibration_parsers\n'}
[12.411646] (-) TimerEvent: {}
[12.513388] (-) TimerEvent: {}
[12.545428] (camera_calibration_parsers) StdoutLine: {'line': b'\x1b[35m\x1b[1mConsolidate compiler generated dependencies of target camera_calibration_parsers-parse_yml\x1b[0m\n'}
[12.566091] (apriltag) StdoutLine: {'line': b'[ 46%] \x1b[32mBuilding C object CMakeFiles/apriltag.dir/common/string_util.c.o\x1b[0m\n'}
[12.603202] (camera_calibration_parsers) StdoutLine: {'line': b'\x1b[35m\x1b[1mConsolidate compiler generated dependencies of target camera_calibration_parsers-parse_ini\x1b[0m\n'}
[12.613679] (-) TimerEvent: {}
[12.656976] (camera_calibration_parsers) StdoutLine: {'line': b'[ 64%] \x1b[32m\x1b[1mLinking CXX executable camera_calibration_parsers-parse_yml\x1b[0m\n'}
[12.676443] (camera_calibration_parsers) StdoutLine: {'line': b'\x1b[35m\x1b[1mConsolidate compiler generated dependencies of target convert\x1b[0m\n'}
[12.714038] (-) TimerEvent: {}
[12.770790] (camera_calibration_parsers) StdoutLine: {'line': b'[ 71%] \x1b[32m\x1b[1mLinking CXX executable camera_calibration_parsers-parse_ini\x1b[0m\n'}
[12.797149] (camera_calibration_parsers) StdoutLine: {'line': b'[ 78%] \x1b[32m\x1b[1mLinking CXX executable convert\x1b[0m\n'}
[12.814186] (-) TimerEvent: {}
[12.892807] (apriltag) StdoutLine: {'line': b'[ 48%] \x1b[32mBuilding C object CMakeFiles/apriltag.dir/common/svd22.c.o\x1b[0m\n'}
[12.914536] (-) TimerEvent: {}
[13.013711] (image_transport) StdoutLine: {'line': b'-- Generating done\n'}
[13.014706] (-) TimerEvent: {}
[13.116542] (-) TimerEvent: {}
[13.218817] (-) TimerEvent: {}
[13.321333] (-) TimerEvent: {}
[13.423306] (-) TimerEvent: {}
[13.524559] (-) TimerEvent: {}
[13.533154] (apriltag) StdoutLine: {'line': b'[ 51%] \x1b[32mBuilding C object CMakeFiles/apriltag.dir/common/time_util.c.o\x1b[0m\n'}
[13.562585] (image_transport) StdoutLine: {'line': b'-- Build files have been written to: /home/xavier/Developer/aquas-ROS-apriltags/build/image_transport\n'}
[13.573614] (aquas_apriltag_bringup) StdoutLine: {'line': b'running develop\n'}
[13.624989] (-) TimerEvent: {}
[13.727304] (-) TimerEvent: {}
[13.832255] (-) TimerEvent: {}
[13.933977] (-) TimerEvent: {}
[14.035994] (-) TimerEvent: {}
[14.045525] (image_transport) StdoutLine: {'line': b'\x1b[35m\x1b[1mConsolidate compiler generated dependencies of target gtest_main\x1b[0m\n'}
[14.136251] (-) TimerEvent: {}
[14.163058] (image_transport) StdoutLine: {'line': b'\x1b[35m\x1b[1mConsolidate compiler generated dependencies of target gtest\x1b[0m\n'}
[14.185980] (image_transport) StdoutLine: {'line': b'\x1b[35m\x1b[1mConsolidate compiler generated dependencies of target image_transport\x1b[0m\n'}
[14.236714] (-) TimerEvent: {}
[14.351623] (-) TimerEvent: {}
[14.367001] (image_transport) StdoutLine: {'line': b'[  6%] Built target gtest_main\n'}
[14.455569] (-) TimerEvent: {}
[14.559388] (-) TimerEvent: {}
[14.657641] (image_transport) StdoutLine: {'line': b'[ 13%] Built target gtest\n'}
[14.659730] (-) TimerEvent: {}
[14.762894] (-) TimerEvent: {}
[14.866088] (-) TimerEvent: {}
[14.967415] (-) TimerEvent: {}
[15.034591] (apriltag) StdoutLine: {'line': b'[ 53%] \x1b[32mBuilding C object CMakeFiles/apriltag.dir/common/unionfind.c.o\x1b[0m\n'}
[15.036016] (image_transport) StdoutLine: {'line': b'[ 40%] Built target image_transport\n'}
[15.067609] (-) TimerEvent: {}
[15.168783] (-) TimerEvent: {}
[15.213329] (image_transport) StdoutLine: {'line': b'\x1b[35m\x1b[1mConsolidate compiler generated dependencies of target list_transports\x1b[0m\n'}
[15.269137] (-) TimerEvent: {}
[15.307477] (image_transport) StdoutLine: {'line': b'\x1b[35m\x1b[1mConsolidate compiler generated dependencies of target republish\x1b[0m\n'}
[15.317716] (image_transport) StdoutLine: {'line': b'\x1b[35m\x1b[1mConsolidate compiler generated dependencies of target image_transport_plugins\x1b[0m\n'}
[15.369381] (-) TimerEvent: {}
[15.384717] (image_transport) StdoutLine: {'line': b'\x1b[35m\x1b[1mConsolidate compiler generated dependencies of target image_transport-camera_common\x1b[0m\n'}
[15.469711] (-) TimerEvent: {}
[15.499261] (image_transport) StdoutLine: {'line': b'[ 46%] Built target list_transports\n'}
[15.564902] (image_transport) StdoutLine: {'line': b'[ 53%] Built target image_transport_plugins\n'}
[15.570007] (-) TimerEvent: {}
[15.620963] (image_transport) StdoutLine: {'line': b'[ 56%] \x1b[32m\x1b[1mLinking CXX executable image_transport-camera_common\x1b[0m\n'}
[15.636879] (image_transport) StdoutLine: {'line': b'[ 63%] Built target republish\n'}
[15.670324] (-) TimerEvent: {}
[15.725525] (image_transport) StdoutLine: {'line': b'\x1b[35m\x1b[1mConsolidate compiler generated dependencies of target image_transport-publisher\x1b[0m\n'}
[15.770670] (-) TimerEvent: {}
[15.859522] (image_transport) StdoutLine: {'line': b'\x1b[35m\x1b[1mConsolidate compiler generated dependencies of target image_transport-subscriber\x1b[0m\n'}
[15.870907] (-) TimerEvent: {}
[15.973129] (-) TimerEvent: {}
[15.996758] (camera_calibration_parsers) StdoutLine: {'line': b'[ 85%] Built target convert\n'}
[16.009068] (image_transport) StdoutLine: {'line': b'[ 66%] \x1b[32m\x1b[1mLinking CXX executable image_transport-publisher\x1b[0m\n'}
[16.011745] (apriltag) StdoutLine: {'line': b'[ 55%] \x1b[32mBuilding C object CMakeFiles/apriltag.dir/common/workerpool.c.o\x1b[0m\n'}
[16.020877] (image_transport) StdoutLine: {'line': b'\x1b[35m\x1b[1mConsolidate compiler generated dependencies of target image_transport-message_passing\x1b[0m\n'}
[16.073409] (-) TimerEvent: {}
[16.133764] (camera_calibration_parsers) StdoutLine: {'line': b'[ 92%] Built target camera_calibration_parsers-parse_yml\n'}
[16.173689] (-) TimerEvent: {}
[16.219089] (image_transport) StdoutLine: {'line': b'[ 70%] \x1b[32m\x1b[1mLinking CXX executable image_transport-message_passing\x1b[0m\n'}
[16.252528] (image_transport) StdoutLine: {'line': b'[ 73%] \x1b[32m\x1b[1mLinking CXX executable image_transport-subscriber\x1b[0m\n'}
[16.273980] (-) TimerEvent: {}
[16.375242] (-) TimerEvent: {}
[16.477624] (-) TimerEvent: {}
[16.579845] (-) TimerEvent: {}
[16.584423] (camera_calibration_parsers) StdoutLine: {'line': b'[100%] Built target camera_calibration_parsers-parse_ini\n'}
[16.680077] (-) TimerEvent: {}
[16.781732] (-) TimerEvent: {}
[16.883369] (-) TimerEvent: {}
[16.909327] (camera_calibration_parsers) CommandEnded: {'returncode': 0}
[16.923392] (camera_calibration_parsers) JobProgress: {'identifier': 'camera_calibration_parsers', 'progress': 'install'}
[16.983680] (-) TimerEvent: {}
[17.086083] (-) TimerEvent: {}
[17.141331] (camera_calibration_parsers) Command: {'cmd': ['/usr/bin/cmake', '--install', '/home/xavier/Developer/aquas-ROS-apriltags/build/camera_calibration_parsers'], 'cwd': '/home/xavier/Developer/aquas-ROS-apriltags/build/camera_calibration_parsers', 'env': OrderedDict([('LESSOPEN', '| /usr/bin/lesspipe %s'), ('USER', 'xavier'), ('SSH_CLIENT', '10.207.19.97 56738 22'), ('XDG_SESSION_TYPE', 'tty'), ('SHLVL', '1'), ('LD_LIBRARY_PATH', '/home/xavier/Developer/aquas-ROS-apriltags/install/apriltag_ros/lib:/home/xavier/Developer/aquas-ROS-apriltags/install/image_transport/lib:/home/xavier/Developer/aquas-ROS-apriltags/install/camera_info_manager/lib:/home/xavier/Developer/aquas-ROS-apriltags/install/camera_calibration_parsers/lib:/home/xavier/Developer/aquas-ROS-apriltags/install/apriltag/lib:/opt/ros/humble/opt/rviz_ogre_vendor/lib:/opt/ros/humble/lib/aarch64-linux-gnu:/opt/ros/humble/lib'), ('MOTD_SHOWN', 'pam'), ('HOME', '/home/xavier'), ('OLDPWD', '/home/xavier/Developer'), ('SSH_TTY', '/dev/pts/0'), ('ROS_PYTHON_VERSION', '3'), ('DBUS_SESSION_BUS_ADDRESS', 'unix:path=/run/user/1002/bus'), ('COLCON_PREFIX_PATH', '/home/xavier/Developer/aquas-ROS-apriltags/install'), ('ROS_DISTRO', 'humble'), ('LOGNAME', 'xavier'), ('_', '/usr/bin/colcon'), ('ROS_VERSION', '2'), ('PKG_CONFIG_PATH', '/home/xavier/Developer/aquas-ROS-apriltags/install/apriltag/lib/aarch64-linux-gnu/pkgconfig:/home/xavier/Developer/aquas-ROS-apriltags/install/apriltag/lib/pkgconfig'), ('XDG_SESSION_CLASS', 'user'), ('TERM', 'xterm-kitty'), ('XDG_SESSION_ID', '18'), ('ROS_LOCALHOST_ONLY', '0'), ('PATH', '/home/xavier/Developer/aquas-ROS-apriltags/install/apriltag/bin:/opt/ros/humble/bin:/usr/local/sbin:/usr/local/bin:/usr/sbin:/usr/bin:/sbin:/bin:/usr/games:/usr/local/games:/snap/bin'), ('XDG_RUNTIME_DIR', '/run/user/1002'), ('LANG', 'en_US.UTF-8'), ('LS_COLORS', 'rs=0:di=01;34:ln=01;36:mh=00:pi=40;33:so=01;35:do=01;35:bd=40;33;01:cd=40;33;01:or=40;31;01:mi=00:su=37;41:sg=30;43:ca=30;41:tw=30;42:ow=34;42:st=37;44:ex=01;32:*.tar=01;31:*.tgz=01;31:*.arc=01;31:*.arj=01;31:*.taz=01;31:*.lha=01;31:*.lz4=01;31:*.lzh=01;31:*.lzma=01;31:*.tlz=01;31:*.txz=01;31:*.tzo=01;31:*.t7z=01;31:*.zip=01;31:*.z=01;31:*.dz=01;31:*.gz=01;31:*.lrz=01;31:*.lz=01;31:*.lzo=01;31:*.xz=01;31:*.zst=01;31:*.tzst=01;31:*.bz2=01;31:*.bz=01;31:*.tbz=01;31:*.tbz2=01;31:*.tz=01;31:*.deb=01;31:*.rpm=01;31:*.jar=01;31:*.war=01;31:*.ear=01;31:*.sar=01;31:*.rar=01;31:*.alz=01;31:*.ace=01;31:*.zoo=01;31:*.cpio=01;31:*.7z=01;31:*.rz=01;31:*.cab=01;31:*.wim=01;31:*.swm=01;31:*.dwm=01;31:*.esd=01;31:*.jpg=01;35:*.jpeg=01;35:*.mjpg=01;35:*.mjpeg=01;35:*.gif=01;35:*.bmp=01;35:*.pbm=01;35:*.pgm=01;35:*.ppm=01;35:*.tga=01;35:*.xbm=01;35:*.xpm=01;35:*.tif=01;35:*.tiff=01;35:*.png=01;35:*.svg=01;35:*.svgz=01;35:*.mng=01;35:*.pcx=01;35:*.mov=01;35:*.mpg=01;35:*.mpeg=01;35:*.m2v=01;35:*.mkv=01;35:*.webm=01;35:*.webp=01;35:*.ogm=01;35:*.mp4=01;35:*.m4v=01;35:*.mp4v=01;35:*.vob=01;35:*.qt=01;35:*.nuv=01;35:*.wmv=01;35:*.asf=01;35:*.rm=01;35:*.rmvb=01;35:*.flc=01;35:*.avi=01;35:*.fli=01;35:*.flv=01;35:*.gl=01;35:*.dl=01;35:*.xcf=01;35:*.xwd=01;35:*.yuv=01;35:*.cgm=01;35:*.emf=01;35:*.ogv=01;35:*.ogx=01;35:*.aac=00;36:*.au=00;36:*.flac=00;36:*.m4a=00;36:*.mid=00;36:*.midi=00;36:*.mka=00;36:*.mp3=00;36:*.mpc=00;36:*.ogg=00;36:*.ra=00;36:*.wav=00;36:*.oga=00;36:*.opus=00;36:*.spx=00;36:*.xspf=00;36:'), ('ROS_DOMAIN_ID', '101'), ('AMENT_PREFIX_PATH', '/home/xavier/Developer/aquas-ROS-apriltags/install/image_common:/home/xavier/Developer/aquas-ROS-apriltags/install/apriltag_ros:/home/xavier/Developer/aquas-ROS-apriltags/install/image_transport:/home/xavier/Developer/aquas-ROS-apriltags/install/camera_info_manager_py:/home/xavier/Developer/aquas-ROS-apriltags/install/camera_info_manager:/home/xavier/Developer/aquas-ROS-apriltags/install/camera_calibration_parsers:/home/xavier/Developer/aquas-ROS-apriltags/install/aquas_dock_align:/home/xavier/Developer/aquas-ROS-apriltags/install/aquas_camera_bringup:/home/xavier/Developer/aquas-ROS-apriltags/install/aquas_apriltag_bringup:/opt/ros/humble'), ('SHELL', '/bin/bash'), ('LESSCLOSE', '/usr/bin/lesspipe %s %s'), ('PWD', '/home/xavier/Developer/aquas-ROS-apriltags/build/camera_calibration_parsers'), ('SSH_CONNECTION', '10.207.19.97 56738 10.207.26.163 22'), ('XDG_DATA_DIRS', '/usr/share/gnome:/usr/local/share:/usr/share:/var/lib/snapd/desktop'), ('PYTHONPATH', '/home/xavier/Developer/aquas-ROS-apriltags/build/dock_align:/home/xavier/Developer/aquas-ROS-apriltags/install/dock_align/lib/python3.10/site-packages:/home/xavier/Developer/aquas-ROS-apriltags/build/camera_info_manager_py:/home/xavier/Developer/aquas-ROS-apriltags/install/camera_info_manager_py/lib/python3.10/site-packages:/home/xavier/Developer/aquas-ROS-apriltags/build/camera_bringup:/home/xavier/Developer/aquas-ROS-apriltags/install/camera_bringup/lib/python3.10/site-packages:/home/xavier/Developer/aquas-ROS-apriltags/build/aquas_dock_align:/home/xavier/Developer/aquas-ROS-apriltags/install/aquas_dock_align/lib/python3.10/site-packages:/home/xavier/Developer/aquas-ROS-apriltags/build/aquas_camera_bringup:/home/xavier/Developer/aquas-ROS-apriltags/install/aquas_camera_bringup/lib/python3.10/site-packages:/home/xavier/Developer/aquas-ROS-apriltags/build/aquas_apriltag_bringup:/home/xavier/Developer/aquas-ROS-apriltags/install/aquas_apriltag_bringup/lib/python3.10/site-packages:/home/xavier/Developer/aquas-ROS-apriltags/build/apriltag_bringup:/home/xavier/Developer/aquas-ROS-apriltags/install/apriltag_bringup/lib/python3.10/site-packages:/home/xavier/Developer/aquas-ROS-apriltags/install/apriltag/lib/python3.10/site-packages:/opt/ros/humble/lib/python3.10/site-packages:/opt/ros/humble/local/lib/python3.10/dist-packages'), ('COLCON', '1'), ('CMAKE_PREFIX_PATH', '/home/xavier/Developer/aquas-ROS-apriltags/install/image_common:/home/xavier/Developer/aquas-ROS-apriltags/install/apriltag_ros:/home/xavier/Developer/aquas-ROS-apriltags/install/image_transport:/home/xavier/Developer/aquas-ROS-apriltags/install/camera_info_manager:/home/xavier/Developer/aquas-ROS-apriltags/install/camera_calibration_parsers:/home/xavier/Developer/aquas-ROS-apriltags/install/apriltag:/home/xavier/Developer/aquas-ROS-apriltags/install/camera_info_manager_py:/home/xavier/Developer/aquas-ROS-apriltags/install/aquas_dock_align:/home/xavier/Developer/aquas-ROS-apriltags/install/aquas_camera_bringup:/home/xavier/Developer/aquas-ROS-apriltags/install/aquas_apriltag_bringup:/opt/ros/humble')]), 'shell': False}
[17.154928] (apriltag) StdoutLine: {'line': b'[ 58%] \x1b[32mBuilding C object CMakeFiles/apriltag.dir/common/zarray.c.o\x1b[0m\n'}
[17.186615] (-) TimerEvent: {}
[17.295373] (-) TimerEvent: {}
[17.310824] (apriltag) StdoutLine: {'line': b'[ 60%] \x1b[32mBuilding C object CMakeFiles/apriltag.dir/common/zhash.c.o\x1b[0m\n'}
[17.393563] (camera_calibration_parsers) StdoutLine: {'line': b'-- Install configuration: ""\n'}
[17.395632] (-) TimerEvent: {}
[17.420094] (camera_calibration_parsers) StdoutLine: {'line': b'-- Execute custom install script\n'}
[17.432367] (camera_calibration_parsers) StdoutLine: {'line': b'-- Up-to-date symlink: /home/xavier/Developer/aquas-ROS-apriltags/install/camera_calibration_parsers/lib/camera_calibration_parsers/convert\n'}
[17.469595] (camera_calibration_parsers) StdoutLine: {'line': b'-- Up-to-date symlink: /home/xavier/Developer/aquas-ROS-apriltags/install/camera_calibration_parsers/include/camera_calibration_parsers/camera_calibration_parsers/parse.h\n'}
[17.484879] (camera_calibration_parsers) StdoutLine: {'line': b'-- Up-to-date symlink: /home/xavier/Developer/aquas-ROS-apriltags/install/camera_calibration_parsers/include/camera_calibration_parsers/camera_calibration_parsers/parse.hpp\n'}
[17.494406] (camera_calibration_parsers) StdoutLine: {'line': b'-- Up-to-date symlink: /home/xavier/Developer/aquas-ROS-apriltags/install/camera_calibration_parsers/include/camera_calibration_parsers/camera_calibration_parsers/parse_ini.h\n'}
[17.496737] (-) TimerEvent: {}
[17.516333] (camera_calibration_parsers) StdoutLine: {'line': b'-- Up-to-date symlink: /home/xavier/Developer/aquas-ROS-apriltags/install/camera_calibration_parsers/include/camera_calibration_parsers/camera_calibration_parsers/parse_ini.hpp\n'}
[17.528987] (camera_calibration_parsers) StdoutLine: {'line': b'-- Up-to-date symlink: /home/xavier/Developer/aquas-ROS-apriltags/install/camera_calibration_parsers/include/camera_calibration_parsers/camera_calibration_parsers/parse_yml.h\n'}
[17.540868] (camera_calibration_parsers) StdoutLine: {'line': b'-- Up-to-date symlink: /home/xavier/Developer/aquas-ROS-apriltags/install/camera_calibration_parsers/include/camera_calibration_parsers/camera_calibration_parsers/parse_yml.hpp\n'}
[17.556723] (camera_calibration_parsers) StdoutLine: {'line': b'-- Up-to-date symlink: /home/xavier/Developer/aquas-ROS-apriltags/install/camera_calibration_parsers/include/camera_calibration_parsers/camera_calibration_parsers/visibility_control.hpp\n'}
[17.572046] (camera_calibration_parsers) StdoutLine: {'line': b'-- Up-to-date symlink: /home/xavier/Developer/aquas-ROS-apriltags/install/camera_calibration_parsers/share/ament_index/resource_index/package_run_dependencies/camera_calibration_parsers\n'}
[17.588985] (camera_calibration_parsers) StdoutLine: {'line': b'-- Up-to-date symlink: /home/xavier/Developer/aquas-ROS-apriltags/install/camera_calibration_parsers/share/ament_index/resource_index/parent_prefix_path/camera_calibration_parsers\n'}
[17.596999] (camera_calibration_parsers) StdoutLine: {'line': b'-- Up-to-date symlink: /home/xavier/Developer/aquas-ROS-apriltags/install/camera_calibration_parsers/share/camera_calibration_parsers/environment/ament_prefix_path.sh\n'}
[17.597715] (-) TimerEvent: {}
[17.609208] (camera_calibration_parsers) StdoutLine: {'line': b'-- Up-to-date symlink: /home/xavier/Developer/aquas-ROS-apriltags/install/camera_calibration_parsers/share/camera_calibration_parsers/environment/ament_prefix_path.dsv\n'}
[17.610882] (camera_calibration_parsers) StdoutLine: {'line': b'-- Up-to-date symlink: /home/xavier/Developer/aquas-ROS-apriltags/install/camera_calibration_parsers/share/camera_calibration_parsers/environment/path.sh\n'}
[17.635568] (camera_calibration_parsers) StdoutLine: {'line': b'-- Up-to-date symlink: /home/xavier/Developer/aquas-ROS-apriltags/install/camera_calibration_parsers/share/camera_calibration_parsers/environment/path.dsv\n'}
[17.636449] (camera_calibration_parsers) StdoutLine: {'line': b'-- Up-to-date symlink: /home/xavier/Developer/aquas-ROS-apriltags/install/camera_calibration_parsers/share/camera_calibration_parsers/local_setup.bash\n'}
[17.637729] (camera_calibration_parsers) StdoutLine: {'line': b'-- Up-to-date symlink: /home/xavier/Developer/aquas-ROS-apriltags/install/camera_calibration_parsers/share/camera_calibration_parsers/local_setup.sh\n'}
[17.638577] (camera_calibration_parsers) StdoutLine: {'line': b'-- Up-to-date symlink: /home/xavier/Developer/aquas-ROS-apriltags/install/camera_calibration_parsers/share/camera_calibration_parsers/local_setup.zsh\n'}
[17.648809] (camera_calibration_parsers) StdoutLine: {'line': b'-- Up-to-date symlink: /home/xavier/Developer/aquas-ROS-apriltags/install/camera_calibration_parsers/share/camera_calibration_parsers/local_setup.dsv\n'}
[17.649763] (camera_calibration_parsers) StdoutLine: {'line': b'-- Symlinking: /home/xavier/Developer/aquas-ROS-apriltags/install/camera_calibration_parsers/share/camera_calibration_parsers/package.dsv\n'}
[17.698261] (-) TimerEvent: {}
[17.800231] (-) TimerEvent: {}
[17.834935] (camera_calibration_parsers) StdoutLine: {'line': b'-- Up-to-date symlink: /home/xavier/Developer/aquas-ROS-apriltags/install/camera_calibration_parsers/share/ament_index/resource_index/packages/camera_calibration_parsers\n'}
[17.841051] (camera_calibration_parsers) StdoutLine: {'line': b'-- Up-to-date symlink: /home/xavier/Developer/aquas-ROS-apriltags/install/camera_calibration_parsers/share/camera_calibration_parsers/cmake/ament_cmake_export_targets-extras.cmake\n'}
[17.848566] (camera_calibration_parsers) StdoutLine: {'line': b'-- Up-to-date symlink: /home/xavier/Developer/aquas-ROS-apriltags/install/camera_calibration_parsers/share/camera_calibration_parsers/cmake/ament_cmake_export_dependencies-extras.cmake\n'}
[17.856629] (camera_calibration_parsers) StdoutLine: {'line': b'-- Up-to-date symlink: /home/xavier/Developer/aquas-ROS-apriltags/install/camera_calibration_parsers/share/camera_calibration_parsers/cmake/camera_calibration_parsersConfig.cmake\n'}
[17.864687] (camera_calibration_parsers) StdoutLine: {'line': b'-- Up-to-date symlink: /home/xavier/Developer/aquas-ROS-apriltags/install/camera_calibration_parsers/share/camera_calibration_parsers/cmake/camera_calibration_parsersConfig-version.cmake\n'}
[17.876829] (camera_calibration_parsers) StdoutLine: {'line': b'-- Up-to-date symlink: /home/xavier/Developer/aquas-ROS-apriltags/install/camera_calibration_parsers/share/camera_calibration_parsers/package.xml\n'}
[17.889141] (camera_calibration_parsers) StdoutLine: {'line': b'-- Installing: /home/xavier/Developer/aquas-ROS-apriltags/install/camera_calibration_parsers/lib/libcamera_calibration_parsers.so\n'}
[17.900738] (-) TimerEvent: {}
[17.905663] (apriltag) StdoutLine: {'line': b'[ 62%] \x1b[32mBuilding C object CMakeFiles/apriltag.dir/common/zmaxheap.c.o\x1b[0m\n'}
[17.929484] (camera_calibration_parsers) StdoutLine: {'line': b'-- Set runtime path of "/home/xavier/Developer/aquas-ROS-apriltags/install/camera_calibration_parsers/lib/libcamera_calibration_parsers.so" to ""\n'}
[17.945287] (camera_calibration_parsers) StdoutLine: {'line': b'-- Installing: /home/xavier/Developer/aquas-ROS-apriltags/install/camera_calibration_parsers/share/camera_calibration_parsers/cmake/export_camera_calibration_parsersExport.cmake\n'}
[17.949344] (camera_calibration_parsers) StdoutLine: {'line': b'-- Installing: /home/xavier/Developer/aquas-ROS-apriltags/install/camera_calibration_parsers/share/camera_calibration_parsers/cmake/export_camera_calibration_parsersExport-noconfig.cmake\n'}
[17.989409] (camera_calibration_parsers) CommandEnded: {'returncode': 0}
[18.001153] (-) TimerEvent: {}
[18.103576] (-) TimerEvent: {}
[18.207425] (-) TimerEvent: {}
[18.310660] (-) TimerEvent: {}
[18.412878] (-) TimerEvent: {}
[18.515675] (-) TimerEvent: {}
[18.621735] (-) TimerEvent: {}
[18.664798] (camera_calibration_parsers) JobEnded: {'identifier': 'camera_calibration_parsers', 'rc': 0}
[18.676121] (camera_info_manager) JobStarted: {'identifier': 'camera_info_manager'}
[18.722131] (-) TimerEvent: {}
[18.823971] (-) TimerEvent: {}
[18.915685] (camera_info_manager) JobProgress: {'identifier': 'camera_info_manager', 'progress': 'cmake'}
[18.924223] (-) TimerEvent: {}
[18.939810] (camera_info_manager) JobProgress: {'identifier': 'camera_info_manager', 'progress': 'build'}
[18.942455] (camera_info_manager) Command: {'cmd': ['/usr/bin/cmake', '--build', '/home/xavier/Developer/aquas-ROS-apriltags/build/camera_info_manager', '--', '-j4', '-l4'], 'cwd': '/home/xavier/Developer/aquas-ROS-apriltags/build/camera_info_manager', 'env': OrderedDict([('LESSOPEN', '| /usr/bin/lesspipe %s'), ('USER', 'xavier'), ('SSH_CLIENT', '10.207.19.97 56738 22'), ('XDG_SESSION_TYPE', 'tty'), ('SHLVL', '1'), ('LD_LIBRARY_PATH', '/home/xavier/Developer/aquas-ROS-apriltags/install/camera_calibration_parsers/lib:/home/xavier/Developer/aquas-ROS-apriltags/install/apriltag_ros/lib:/home/xavier/Developer/aquas-ROS-apriltags/install/image_transport/lib:/home/xavier/Developer/aquas-ROS-apriltags/install/camera_info_manager/lib:/home/xavier/Developer/aquas-ROS-apriltags/install/apriltag/lib:/opt/ros/humble/opt/rviz_ogre_vendor/lib:/opt/ros/humble/lib/aarch64-linux-gnu:/opt/ros/humble/lib'), ('MOTD_SHOWN', 'pam'), ('HOME', '/home/xavier'), ('OLDPWD', '/home/xavier/Developer'), ('SSH_TTY', '/dev/pts/0'), ('ROS_PYTHON_VERSION', '3'), ('DBUS_SESSION_BUS_ADDRESS', 'unix:path=/run/user/1002/bus'), ('COLCON_PREFIX_PATH', '/home/xavier/Developer/aquas-ROS-apriltags/install'), ('ROS_DISTRO', 'humble'), ('LOGNAME', 'xavier'), ('_', '/usr/bin/colcon'), ('ROS_VERSION', '2'), ('PKG_CONFIG_PATH', '/home/xavier/Developer/aquas-ROS-apriltags/install/apriltag/lib/aarch64-linux-gnu/pkgconfig:/home/xavier/Developer/aquas-ROS-apriltags/install/apriltag/lib/pkgconfig'), ('XDG_SESSION_CLASS', 'user'), ('TERM', 'xterm-kitty'), ('XDG_SESSION_ID', '18'), ('ROS_LOCALHOST_ONLY', '0'), ('PATH', '/home/xavier/Developer/aquas-ROS-apriltags/install/apriltag/bin:/opt/ros/humble/bin:/usr/local/sbin:/usr/local/bin:/usr/sbin:/usr/bin:/sbin:/bin:/usr/games:/usr/local/games:/snap/bin'), ('XDG_RUNTIME_DIR', '/run/user/1002'), ('LANG', 'en_US.UTF-8'), ('LS_COLORS', 'rs=0:di=01;34:ln=01;36:mh=00:pi=40;33:so=01;35:do=01;35:bd=40;33;01:cd=40;33;01:or=40;31;01:mi=00:su=37;41:sg=30;43:ca=30;41:tw=30;42:ow=34;42:st=37;44:ex=01;32:*.tar=01;31:*.tgz=01;31:*.arc=01;31:*.arj=01;31:*.taz=01;31:*.lha=01;31:*.lz4=01;31:*.lzh=01;31:*.lzma=01;31:*.tlz=01;31:*.txz=01;31:*.tzo=01;31:*.t7z=01;31:*.zip=01;31:*.z=01;31:*.dz=01;31:*.gz=01;31:*.lrz=01;31:*.lz=01;31:*.lzo=01;31:*.xz=01;31:*.zst=01;31:*.tzst=01;31:*.bz2=01;31:*.bz=01;31:*.tbz=01;31:*.tbz2=01;31:*.tz=01;31:*.deb=01;31:*.rpm=01;31:*.jar=01;31:*.war=01;31:*.ear=01;31:*.sar=01;31:*.rar=01;31:*.alz=01;31:*.ace=01;31:*.zoo=01;31:*.cpio=01;31:*.7z=01;31:*.rz=01;31:*.cab=01;31:*.wim=01;31:*.swm=01;31:*.dwm=01;31:*.esd=01;31:*.jpg=01;35:*.jpeg=01;35:*.mjpg=01;35:*.mjpeg=01;35:*.gif=01;35:*.bmp=01;35:*.pbm=01;35:*.pgm=01;35:*.ppm=01;35:*.tga=01;35:*.xbm=01;35:*.xpm=01;35:*.tif=01;35:*.tiff=01;35:*.png=01;35:*.svg=01;35:*.svgz=01;35:*.mng=01;35:*.pcx=01;35:*.mov=01;35:*.mpg=01;35:*.mpeg=01;35:*.m2v=01;35:*.mkv=01;35:*.webm=01;35:*.webp=01;35:*.ogm=01;35:*.mp4=01;35:*.m4v=01;35:*.mp4v=01;35:*.vob=01;35:*.qt=01;35:*.nuv=01;35:*.wmv=01;35:*.asf=01;35:*.rm=01;35:*.rmvb=01;35:*.flc=01;35:*.avi=01;35:*.fli=01;35:*.flv=01;35:*.gl=01;35:*.dl=01;35:*.xcf=01;35:*.xwd=01;35:*.yuv=01;35:*.cgm=01;35:*.emf=01;35:*.ogv=01;35:*.ogx=01;35:*.aac=00;36:*.au=00;36:*.flac=00;36:*.m4a=00;36:*.mid=00;36:*.midi=00;36:*.mka=00;36:*.mp3=00;36:*.mpc=00;36:*.ogg=00;36:*.ra=00;36:*.wav=00;36:*.oga=00;36:*.opus=00;36:*.spx=00;36:*.xspf=00;36:'), ('ROS_DOMAIN_ID', '101'), ('AMENT_PREFIX_PATH', '/home/xavier/Developer/aquas-ROS-apriltags/install/image_common:/home/xavier/Developer/aquas-ROS-apriltags/install/apriltag_ros:/home/xavier/Developer/aquas-ROS-apriltags/install/image_transport:/home/xavier/Developer/aquas-ROS-apriltags/install/camera_info_manager_py:/home/xavier/Developer/aquas-ROS-apriltags/install/camera_info_manager:/home/xavier/Developer/aquas-ROS-apriltags/install/camera_calibration_parsers:/home/xavier/Developer/aquas-ROS-apriltags/install/aquas_dock_align:/home/xavier/Developer/aquas-ROS-apriltags/install/aquas_camera_bringup:/home/xavier/Developer/aquas-ROS-apriltags/install/aquas_apriltag_bringup:/opt/ros/humble'), ('SHELL', '/bin/bash'), ('LESSCLOSE', '/usr/bin/lesspipe %s %s'), ('PWD', '/home/xavier/Developer/aquas-ROS-apriltags/build/camera_info_manager'), ('SSH_CONNECTION', '10.207.19.97 56738 10.207.26.163 22'), ('XDG_DATA_DIRS', '/usr/share/gnome:/usr/local/share:/usr/share:/var/lib/snapd/desktop'), ('PYTHONPATH', '/home/xavier/Developer/aquas-ROS-apriltags/build/dock_align:/home/xavier/Developer/aquas-ROS-apriltags/install/dock_align/lib/python3.10/site-packages:/home/xavier/Developer/aquas-ROS-apriltags/build/camera_info_manager_py:/home/xavier/Developer/aquas-ROS-apriltags/install/camera_info_manager_py/lib/python3.10/site-packages:/home/xavier/Developer/aquas-ROS-apriltags/build/camera_bringup:/home/xavier/Developer/aquas-ROS-apriltags/install/camera_bringup/lib/python3.10/site-packages:/home/xavier/Developer/aquas-ROS-apriltags/build/aquas_dock_align:/home/xavier/Developer/aquas-ROS-apriltags/install/aquas_dock_align/lib/python3.10/site-packages:/home/xavier/Developer/aquas-ROS-apriltags/build/aquas_camera_bringup:/home/xavier/Developer/aquas-ROS-apriltags/install/aquas_camera_bringup/lib/python3.10/site-packages:/home/xavier/Developer/aquas-ROS-apriltags/build/aquas_apriltag_bringup:/home/xavier/Developer/aquas-ROS-apriltags/install/aquas_apriltag_bringup/lib/python3.10/site-packages:/home/xavier/Developer/aquas-ROS-apriltags/build/apriltag_bringup:/home/xavier/Developer/aquas-ROS-apriltags/install/apriltag_bringup/lib/python3.10/site-packages:/home/xavier/Developer/aquas-ROS-apriltags/install/apriltag/lib/python3.10/site-packages:/opt/ros/humble/lib/python3.10/site-packages:/opt/ros/humble/local/lib/python3.10/dist-packages'), ('COLCON', '1'), ('CMAKE_PREFIX_PATH', '/home/xavier/Developer/aquas-ROS-apriltags/install/camera_calibration_parsers:/home/xavier/Developer/aquas-ROS-apriltags/install/image_common:/home/xavier/Developer/aquas-ROS-apriltags/install/apriltag_ros:/home/xavier/Developer/aquas-ROS-apriltags/install/image_transport:/home/xavier/Developer/aquas-ROS-apriltags/install/camera_info_manager:/home/xavier/Developer/aquas-ROS-apriltags/install/apriltag:/home/xavier/Developer/aquas-ROS-apriltags/install/camera_info_manager_py:/home/xavier/Developer/aquas-ROS-apriltags/install/aquas_dock_align:/home/xavier/Developer/aquas-ROS-apriltags/install/aquas_camera_bringup:/home/xavier/Developer/aquas-ROS-apriltags/install/aquas_apriltag_bringup:/opt/ros/humble')]), 'shell': False}
[19.024677] (-) TimerEvent: {}
[19.128769] (-) TimerEvent: {}
[19.232574] (-) TimerEvent: {}
[19.335925] (-) TimerEvent: {}
[19.438846] (-) TimerEvent: {}
[19.501780] (aquas_apriltag_bringup) StdoutLine: {'line': b'running egg_info\n'}
[19.502989] (aquas_apriltag_bringup) StdoutLine: {'line': b'writing aquas_apriltag_bringup.egg-info/PKG-INFO\n'}
[19.506278] (aquas_apriltag_bringup) StdoutLine: {'line': b'writing dependency_links to aquas_apriltag_bringup.egg-info/dependency_links.txt\n'}
[19.509303] (aquas_apriltag_bringup) StdoutLine: {'line': b'writing entry points to aquas_apriltag_bringup.egg-info/entry_points.txt\n'}
[19.511563] (aquas_apriltag_bringup) StdoutLine: {'line': b'writing requirements to aquas_apriltag_bringup.egg-info/requires.txt\n'}
[19.512818] (aquas_apriltag_bringup) StdoutLine: {'line': b'writing top-level names to aquas_apriltag_bringup.egg-info/top_level.txt\n'}
[19.539569] (-) TimerEvent: {}
[19.555952] (aquas_apriltag_bringup) StdoutLine: {'line': b"reading manifest file 'aquas_apriltag_bringup.egg-info/SOURCES.txt'\n"}
[19.571281] (aquas_apriltag_bringup) StdoutLine: {'line': b"writing manifest file 'aquas_apriltag_bringup.egg-info/SOURCES.txt'\n"}
[19.615898] (camera_info_manager) StdoutLine: {'line': b'-- Found ament_cmake_ros: 0.10.0 (/opt/ros/humble/share/ament_cmake_ros/cmake)\n'}
[19.639956] (-) TimerEvent: {}
[19.645399] (aquas_apriltag_bringup) StdoutLine: {'line': b'running build_ext\n'}
[19.673118] (aquas_apriltag_bringup) StdoutLine: {'line': b'Creating /home/xavier/Developer/aquas-ROS-apriltags/install/aquas_apriltag_bringup/lib/python3.10/site-packages/aquas-apriltag-bringup.egg-link (link to .)\n'}
[19.713907] (aquas_apriltag_bringup) StdoutLine: {'line': b'\n'}
[19.714834] (aquas_apriltag_bringup) StdoutLine: {'line': b'Installed /home/xavier/Developer/aquas-ROS-apriltags/build/aquas_apriltag_bringup\n'}
[19.716742] (aquas_apriltag_bringup) StdoutLine: {'line': b'running symlink_data\n'}
[19.740169] (-) TimerEvent: {}
[19.841526] (-) TimerEvent: {}
[19.943812] (-) TimerEvent: {}
[20.048870] (-) TimerEvent: {}
[20.152154] (-) TimerEvent: {}
[20.254620] (-) TimerEvent: {}
[20.357340] (-) TimerEvent: {}
[20.460412] (-) TimerEvent: {}
[20.563174] (-) TimerEvent: {}
[20.665410] (-) TimerEvent: {}
[20.767377] (-) TimerEvent: {}
[20.816986] (aquas_apriltag_bringup) CommandEnded: {'returncode': 0}
[20.870267] (-) TimerEvent: {}
[20.973347] (-) TimerEvent: {}
[21.076045] (-) TimerEvent: {}
[21.172214] (aquas_apriltag_bringup) JobEnded: {'identifier': 'aquas_apriltag_bringup', 'rc': 0}
[21.177854] (-) TimerEvent: {}
[21.184097] (aquas_camera_bringup) JobStarted: {'identifier': 'aquas_camera_bringup'}
[21.289117] (-) TimerEvent: {}
[21.391194] (-) TimerEvent: {}
[21.492872] (-) TimerEvent: {}
[21.595537] (-) TimerEvent: {}
[21.698713] (-) TimerEvent: {}
[21.800759] (-) TimerEvent: {}
[21.902889] (-) TimerEvent: {}
[22.004738] (-) TimerEvent: {}
[22.106189] (-) TimerEvent: {}
[22.209546] (-) TimerEvent: {}
[22.311841] (-) TimerEvent: {}
[22.414426] (-) TimerEvent: {}
[22.516362] (-) TimerEvent: {}
[22.619325] (-) TimerEvent: {}
[22.721517] (-) TimerEvent: {}
[22.781432] (apriltag) StdoutLine: {'line': b'[ 65%] \x1b[32m\x1b[1mLinking C shared library libapriltag.so\x1b[0m\n'}
[22.821786] (-) TimerEvent: {}
[22.924037] (-) TimerEvent: {}
[23.025148] (-) TimerEvent: {}
[23.127861] (-) TimerEvent: {}
[23.229310] (-) TimerEvent: {}
[23.330979] (-) TimerEvent: {}
[23.339704] (camera_info_manager) StdoutLine: {'line': b'-- Override CMake install command with custom implementation using symlinks instead of copying resources\n'}
[23.431645] (-) TimerEvent: {}
[23.435701] (image_transport) StdoutLine: {'line': b'[ 76%] Built target image_transport-camera_common\n'}
[23.516648] (camera_info_manager) StdoutLine: {'line': b'-- Found ament_index_cpp: 1.4.0 (/opt/ros/humble/share/ament_index_cpp/cmake)\n'}
[23.530878] (camera_info_manager) StdoutLine: {'line': b'-- Found camera_calibration_parsers: 3.1.12 (/home/xavier/Developer/aquas-ROS-apriltags/install/camera_calibration_parsers/share/camera_calibration_parsers/cmake)\n'}
[23.531934] (-) TimerEvent: {}
[23.542822] (image_transport) StdoutLine: {'line': b'\x1b[35m\x1b[1mConsolidate compiler generated dependencies of target image_transport-remapping\x1b[0m\n'}
[23.606114] (apriltag) StdoutLine: {'line': b'[ 86%] Built target apriltag\n'}
[23.632196] (-) TimerEvent: {}
[23.733959] (-) TimerEvent: {}
[23.759010] (apriltag) StdoutLine: {'line': b'\x1b[35m\x1b[1mConsolidate compiler generated dependencies of target apriltag.cpython-310-aarch64-linux-gnu\x1b[0m\n'}
[23.767498] (image_transport) StdoutLine: {'line': b'[ 80%] \x1b[32m\x1b[1mLinking CXX executable image_transport-remapping\x1b[0m\n'}
[23.796615] (apriltag) StdoutLine: {'line': b'\x1b[35m\x1b[1mConsolidate compiler generated dependencies of target apriltag_demo\x1b[0m\n'}
[23.803743] (apriltag) StdoutLine: {'line': b'\x1b[35m\x1b[1mConsolidate compiler generated dependencies of target opencv_demo\x1b[0m\n'}
[23.834236] (-) TimerEvent: {}
[23.936643] (-) TimerEvent: {}
[23.940429] (image_transport) StdoutLine: {'line': b'[ 83%] Built target image_transport-message_passing\n'}
[23.985256] (image_transport) StdoutLine: {'line': b'[ 86%] Built target image_transport-publisher\n'}
[24.037344] (-) TimerEvent: {}
[24.056885] (apriltag) StdoutLine: {'line': b'[ 88%] \x1b[32mBuilding C object CMakeFiles/apriltag.cpython-310-aarch64-linux-gnu.dir/apriltag_pywrap.c.o\x1b[0m\n'}
[24.082599] (apriltag) StdoutLine: {'line': b'[ 90%] \x1b[32mBuilding C object CMakeFiles/apriltag_demo.dir/example/apriltag_demo.c.o\x1b[0m\n'}
[24.130129] (apriltag) StdoutLine: {'line': b'[ 93%] \x1b[32m\x1b[1mLinking CXX executable opencv_demo\x1b[0m\n'}
[24.137358] (-) TimerEvent: {}
[24.149396] (camera_info_manager) StdoutLine: {'line': b'-- Found rosidl_generator_c: 3.1.8 (/opt/ros/humble/share/rosidl_generator_c/cmake)\n'}
[24.237769] (-) TimerEvent: {}
[24.245492] (camera_info_manager) StdoutLine: {'line': b'-- Found rosidl_adapter: 3.1.8 (/opt/ros/humble/share/rosidl_adapter/cmake)\n'}
[24.270223] (image_transport) StdoutLine: {'line': b'\x1b[35m\x1b[1mConsolidate compiler generated dependencies of target image_transport-single_subscriber_publisher\x1b[0m\n'}
[24.338188] (-) TimerEvent: {}
[24.439392] (camera_info_manager) StdoutLine: {'line': b'-- Found rosidl_generator_cpp: 3.1.8 (/opt/ros/humble/share/rosidl_generator_cpp/cmake)\n'}
[24.441303] (-) TimerEvent: {}
[24.543372] (-) TimerEvent: {}
[24.573650] (image_transport) StdoutLine: {'line': b'[ 90%] Built target image_transport-subscriber\n'}
[24.638046] (camera_info_manager) StdoutLine: {'line': b'-- Using all available rosidl_typesupport_c: rosidl_typesupport_fastrtps_c;rosidl_typesupport_introspection_c\n'}
[24.643587] (-) TimerEvent: {}
[24.746100] (-) TimerEvent: {}
[24.796880] (image_transport) StdoutLine: {'line': b'[ 93%] \x1b[32m\x1b[1mLinking CXX executable image_transport-single_subscriber_publisher\x1b[0m\n'}
[24.846393] (-) TimerEvent: {}
[24.909737] (camera_info_manager) StdoutLine: {'line': b'-- Using all available rosidl_typesupport_cpp: rosidl_typesupport_fastrtps_cpp;rosidl_typesupport_introspection_cpp\n'}
[24.946739] (-) TimerEvent: {}
[25.048536] (-) TimerEvent: {}
[25.150757] (-) TimerEvent: {}
[25.252617] (-) TimerEvent: {}
[25.354668] (-) TimerEvent: {}
[25.456079] (-) TimerEvent: {}
[25.475045] (camera_info_manager) StdoutLine: {'line': b'-- Found rmw_implementation_cmake: 6.1.2 (/opt/ros/humble/share/rmw_implementation_cmake/cmake)\n'}
[25.530472] (camera_info_manager) StdoutLine: {'line': b'-- Found rmw_fastrtps_cpp: 6.2.9 (/opt/ros/humble/share/rmw_fastrtps_cpp/cmake)\n'}
[25.556434] (-) TimerEvent: {}
[25.658624] (-) TimerEvent: {}
[25.760808] (-) TimerEvent: {}
[25.863596] (-) TimerEvent: {}
[25.967306] (-) TimerEvent: {}
[25.979647] (apriltag) StdoutLine: {'line': b'[ 95%] \x1b[32m\x1b[1mLinking C executable apriltag_demo\x1b[0m\n'}
[26.067558] (-) TimerEvent: {}
[26.169371] (-) TimerEvent: {}
[26.271416] (-) TimerEvent: {}
[26.373749] (-) TimerEvent: {}
[26.454077] (apriltag) StdoutLine: {'line': b'[ 95%] Built target apriltag_demo\n'}
[26.475274] (-) TimerEvent: {}
[26.580112] (-) TimerEvent: {}
[26.687870] (-) TimerEvent: {}
[26.792574] (-) TimerEvent: {}
[26.895808] (-) TimerEvent: {}
[26.997898] (-) TimerEvent: {}
[27.099364] (-) TimerEvent: {}
[27.201185] (-) TimerEvent: {}
[27.303588] (-) TimerEvent: {}
[27.405877] (-) TimerEvent: {}
[27.508504] (-) TimerEvent: {}
[27.610494] (-) TimerEvent: {}
[27.713890] (-) TimerEvent: {}
[27.816877] (-) TimerEvent: {}
[27.920239] (-) TimerEvent: {}
[27.966071] (apriltag) StdoutLine: {'line': b'[ 97%] \x1b[32m\x1b[1mLinking C shared module apriltag.cpython-310-aarch64-linux-gnu.so\x1b[0m\n'}
[28.020590] (-) TimerEvent: {}
[28.122655] (-) TimerEvent: {}
[28.172307] (camera_info_manager) StdoutLine: {'line': b"-- Using RMW implementation 'rmw_fastrtps_cpp' as default\n"}
[28.222949] (-) TimerEvent: {}
[28.324415] (-) TimerEvent: {}
[28.409411] (apriltag) StdoutLine: {'line': b'[ 97%] Built target apriltag.cpython-310-aarch64-linux-gnu\n'}
[28.424851] (-) TimerEvent: {}
[28.526603] (-) TimerEvent: {}
[28.628340] (-) TimerEvent: {}
[28.730423] (-) TimerEvent: {}
[28.832283] (-) TimerEvent: {}
[28.934621] (-) TimerEvent: {}
[29.036798] (-) TimerEvent: {}
[29.045038] (image_transport) StdoutLine: {'line': b'[ 96%] Built target image_transport-remapping\n'}
[29.137042] (-) TimerEvent: {}
[29.178200] (camera_info_manager) StdoutLine: {'line': b'-- Found ament_cmake_cpplint: 0.12.14 (/opt/ros/humble/share/ament_cmake_cpplint/cmake)\n'}
[29.183798] (camera_info_manager) StdoutLine: {'line': b'-- Found ament_cmake_lint_cmake: 0.12.14 (/opt/ros/humble/share/ament_cmake_lint_cmake/cmake)\n'}
[29.189548] (camera_info_manager) StdoutLine: {'line': b'-- Found ament_cmake_uncrustify: 0.12.14 (/opt/ros/humble/share/ament_cmake_uncrustify/cmake)\n'}
[29.237294] (-) TimerEvent: {}
[29.338690] (-) TimerEvent: {}
[29.411306] (apriltag) StdoutLine: {'line': b'[100%] Built target opencv_demo\n'}
[29.438916] (-) TimerEvent: {}
[29.500009] (apriltag) CommandEnded: {'returncode': 0}
[29.506204] (apriltag) JobProgress: {'identifier': 'apriltag', 'progress': 'install'}
[29.514411] (apriltag) Command: {'cmd': ['/usr/bin/cmake', '--install', '/home/xavier/Developer/aquas-ROS-apriltags/build/apriltag'], 'cwd': '/home/xavier/Developer/aquas-ROS-apriltags/build/apriltag', 'env': OrderedDict([('LESSOPEN', '| /usr/bin/lesspipe %s'), ('USER', 'xavier'), ('SSH_CLIENT', '10.207.19.97 56738 22'), ('XDG_SESSION_TYPE', 'tty'), ('SHLVL', '1'), ('LD_LIBRARY_PATH', '/home/xavier/Developer/aquas-ROS-apriltags/install/apriltag_ros/lib:/home/xavier/Developer/aquas-ROS-apriltags/install/image_transport/lib:/home/xavier/Developer/aquas-ROS-apriltags/install/camera_info_manager/lib:/home/xavier/Developer/aquas-ROS-apriltags/install/camera_calibration_parsers/lib:/home/xavier/Developer/aquas-ROS-apriltags/install/apriltag/lib:/opt/ros/humble/opt/rviz_ogre_vendor/lib:/opt/ros/humble/lib/aarch64-linux-gnu:/opt/ros/humble/lib'), ('MOTD_SHOWN', 'pam'), ('HOME', '/home/xavier'), ('OLDPWD', '/home/xavier/Developer'), ('SSH_TTY', '/dev/pts/0'), ('ROS_PYTHON_VERSION', '3'), ('DBUS_SESSION_BUS_ADDRESS', 'unix:path=/run/user/1002/bus'), ('COLCON_PREFIX_PATH', '/home/xavier/Developer/aquas-ROS-apriltags/install'), ('ROS_DISTRO', 'humble'), ('LOGNAME', 'xavier'), ('_', '/usr/bin/colcon'), ('ROS_VERSION', '2'), ('PKG_CONFIG_PATH', '/home/xavier/Developer/aquas-ROS-apriltags/install/apriltag/lib/aarch64-linux-gnu/pkgconfig:/home/xavier/Developer/aquas-ROS-apriltags/install/apriltag/lib/pkgconfig'), ('XDG_SESSION_CLASS', 'user'), ('TERM', 'xterm-kitty'), ('XDG_SESSION_ID', '18'), ('ROS_LOCALHOST_ONLY', '0'), ('PATH', '/home/xavier/Developer/aquas-ROS-apriltags/install/apriltag/bin:/opt/ros/humble/bin:/usr/local/sbin:/usr/local/bin:/usr/sbin:/usr/bin:/sbin:/bin:/usr/games:/usr/local/games:/snap/bin'), ('XDG_RUNTIME_DIR', '/run/user/1002'), ('LANG', 'en_US.UTF-8'), ('LS_COLORS', 'rs=0:di=01;34:ln=01;36:mh=00:pi=40;33:so=01;35:do=01;35:bd=40;33;01:cd=40;33;01:or=40;31;01:mi=00:su=37;41:sg=30;43:ca=30;41:tw=30;42:ow=34;42:st=37;44:ex=01;32:*.tar=01;31:*.tgz=01;31:*.arc=01;31:*.arj=01;31:*.taz=01;31:*.lha=01;31:*.lz4=01;31:*.lzh=01;31:*.lzma=01;31:*.tlz=01;31:*.txz=01;31:*.tzo=01;31:*.t7z=01;31:*.zip=01;31:*.z=01;31:*.dz=01;31:*.gz=01;31:*.lrz=01;31:*.lz=01;31:*.lzo=01;31:*.xz=01;31:*.zst=01;31:*.tzst=01;31:*.bz2=01;31:*.bz=01;31:*.tbz=01;31:*.tbz2=01;31:*.tz=01;31:*.deb=01;31:*.rpm=01;31:*.jar=01;31:*.war=01;31:*.ear=01;31:*.sar=01;31:*.rar=01;31:*.alz=01;31:*.ace=01;31:*.zoo=01;31:*.cpio=01;31:*.7z=01;31:*.rz=01;31:*.cab=01;31:*.wim=01;31:*.swm=01;31:*.dwm=01;31:*.esd=01;31:*.jpg=01;35:*.jpeg=01;35:*.mjpg=01;35:*.mjpeg=01;35:*.gif=01;35:*.bmp=01;35:*.pbm=01;35:*.pgm=01;35:*.ppm=01;35:*.tga=01;35:*.xbm=01;35:*.xpm=01;35:*.tif=01;35:*.tiff=01;35:*.png=01;35:*.svg=01;35:*.svgz=01;35:*.mng=01;35:*.pcx=01;35:*.mov=01;35:*.mpg=01;35:*.mpeg=01;35:*.m2v=01;35:*.mkv=01;35:*.webm=01;35:*.webp=01;35:*.ogm=01;35:*.mp4=01;35:*.m4v=01;35:*.mp4v=01;35:*.vob=01;35:*.qt=01;35:*.nuv=01;35:*.wmv=01;35:*.asf=01;35:*.rm=01;35:*.rmvb=01;35:*.flc=01;35:*.avi=01;35:*.fli=01;35:*.flv=01;35:*.gl=01;35:*.dl=01;35:*.xcf=01;35:*.xwd=01;35:*.yuv=01;35:*.cgm=01;35:*.emf=01;35:*.ogv=01;35:*.ogx=01;35:*.aac=00;36:*.au=00;36:*.flac=00;36:*.m4a=00;36:*.mid=00;36:*.midi=00;36:*.mka=00;36:*.mp3=00;36:*.mpc=00;36:*.ogg=00;36:*.ra=00;36:*.wav=00;36:*.oga=00;36:*.opus=00;36:*.spx=00;36:*.xspf=00;36:'), ('ROS_DOMAIN_ID', '101'), ('AMENT_PREFIX_PATH', '/home/xavier/Developer/aquas-ROS-apriltags/install/image_common:/home/xavier/Developer/aquas-ROS-apriltags/install/apriltag_ros:/home/xavier/Developer/aquas-ROS-apriltags/install/image_transport:/home/xavier/Developer/aquas-ROS-apriltags/install/camera_info_manager_py:/home/xavier/Developer/aquas-ROS-apriltags/install/camera_info_manager:/home/xavier/Developer/aquas-ROS-apriltags/install/camera_calibration_parsers:/home/xavier/Developer/aquas-ROS-apriltags/install/aquas_dock_align:/home/xavier/Developer/aquas-ROS-apriltags/install/aquas_camera_bringup:/home/xavier/Developer/aquas-ROS-apriltags/install/aquas_apriltag_bringup:/opt/ros/humble'), ('SHELL', '/bin/bash'), ('LESSCLOSE', '/usr/bin/lesspipe %s %s'), ('PWD', '/home/xavier/Developer/aquas-ROS-apriltags/build/apriltag'), ('SSH_CONNECTION', '10.207.19.97 56738 10.207.26.163 22'), ('XDG_DATA_DIRS', '/usr/share/gnome:/usr/local/share:/usr/share:/var/lib/snapd/desktop'), ('PYTHONPATH', '/home/xavier/Developer/aquas-ROS-apriltags/build/dock_align:/home/xavier/Developer/aquas-ROS-apriltags/install/dock_align/lib/python3.10/site-packages:/home/xavier/Developer/aquas-ROS-apriltags/build/camera_info_manager_py:/home/xavier/Developer/aquas-ROS-apriltags/install/camera_info_manager_py/lib/python3.10/site-packages:/home/xavier/Developer/aquas-ROS-apriltags/build/camera_bringup:/home/xavier/Developer/aquas-ROS-apriltags/install/camera_bringup/lib/python3.10/site-packages:/home/xavier/Developer/aquas-ROS-apriltags/build/aquas_dock_align:/home/xavier/Developer/aquas-ROS-apriltags/install/aquas_dock_align/lib/python3.10/site-packages:/home/xavier/Developer/aquas-ROS-apriltags/build/aquas_camera_bringup:/home/xavier/Developer/aquas-ROS-apriltags/install/aquas_camera_bringup/lib/python3.10/site-packages:/home/xavier/Developer/aquas-ROS-apriltags/build/aquas_apriltag_bringup:/home/xavier/Developer/aquas-ROS-apriltags/install/aquas_apriltag_bringup/lib/python3.10/site-packages:/home/xavier/Developer/aquas-ROS-apriltags/build/apriltag_bringup:/home/xavier/Developer/aquas-ROS-apriltags/install/apriltag_bringup/lib/python3.10/site-packages:/home/xavier/Developer/aquas-ROS-apriltags/install/apriltag/lib/python3.10/site-packages:/opt/ros/humble/lib/python3.10/site-packages:/opt/ros/humble/local/lib/python3.10/dist-packages'), ('COLCON', '1'), ('CMAKE_PREFIX_PATH', '/home/xavier/Developer/aquas-ROS-apriltags/install/image_common:/home/xavier/Developer/aquas-ROS-apriltags/install/apriltag_ros:/home/xavier/Developer/aquas-ROS-apriltags/install/image_transport:/home/xavier/Developer/aquas-ROS-apriltags/install/camera_info_manager:/home/xavier/Developer/aquas-ROS-apriltags/install/camera_calibration_parsers:/home/xavier/Developer/aquas-ROS-apriltags/install/apriltag:/home/xavier/Developer/aquas-ROS-apriltags/install/camera_info_manager_py:/home/xavier/Developer/aquas-ROS-apriltags/install/aquas_dock_align:/home/xavier/Developer/aquas-ROS-apriltags/install/aquas_camera_bringup:/home/xavier/Developer/aquas-ROS-apriltags/install/aquas_apriltag_bringup:/opt/ros/humble')]), 'shell': False}
[29.539201] (-) TimerEvent: {}
[29.571143] (image_transport) StdoutLine: {'line': b'[100%] Built target image_transport-single_subscriber_publisher\n'}
[29.573090] (apriltag) StdoutLine: {'line': b'-- Install configuration: "Release"\n'}
[29.576680] (apriltag) StdoutLine: {'line': b'-- Installing: /home/xavier/Developer/aquas-ROS-apriltags/install/apriltag/include/apriltag/apriltag.h\n'}
[29.578318] (apriltag) StdoutLine: {'line': b'-- Installing: /home/xavier/Developer/aquas-ROS-apriltags/install/apriltag/include/apriltag/apriltag_math.h\n'}
[29.581101] (apriltag) StdoutLine: {'line': b'-- Installing: /home/xavier/Developer/aquas-ROS-apriltags/install/apriltag/include/apriltag/apriltag_pose.h\n'}
[29.585057] (apriltag) StdoutLine: {'line': b'-- Installing: /home/xavier/Developer/aquas-ROS-apriltags/install/apriltag/include/apriltag/common/debug_print.h\n'}
[29.587095] (apriltag) StdoutLine: {'line': b'-- Installing: /home/xavier/Developer/aquas-ROS-apriltags/install/apriltag/include/apriltag/common/doubles.h\n'}
[29.589984] (apriltag) StdoutLine: {'line': b'-- Installing: /home/xavier/Developer/aquas-ROS-apriltags/install/apriltag/include/apriltag/common/doubles_floats_impl.h\n'}
[29.594198] (apriltag) StdoutLine: {'line': b'-- Installing: /home/xavier/Developer/aquas-ROS-apriltags/install/apriltag/include/apriltag/common/floats.h\n'}
[29.596658] (apriltag) StdoutLine: {'line': b'-- Installing: /home/xavier/Developer/aquas-ROS-apriltags/install/apriltag/include/apriltag/common/g2d.h\n'}
[29.598489] (apriltag) StdoutLine: {'line': b'-- Installing: /home/xavier/Developer/aquas-ROS-apriltags/install/apriltag/include/apriltag/common/getopt.h\n'}
[29.600425] (apriltag) StdoutLine: {'line': b'-- Installing: /home/xavier/Developer/aquas-ROS-apriltags/install/apriltag/include/apriltag/common/homography.h\n'}
[29.602476] (apriltag) StdoutLine: {'line': b'-- Installing: /home/xavier/Developer/aquas-ROS-apriltags/install/apriltag/include/apriltag/common/image_types.h\n'}
[29.604487] (apriltag) StdoutLine: {'line': b'-- Installing: /home/xavier/Developer/aquas-ROS-apriltags/install/apriltag/include/apriltag/common/image_u8.h\n'}
[29.606297] (apriltag) StdoutLine: {'line': b'-- Installing: /home/xavier/Developer/aquas-ROS-apriltags/install/apriltag/include/apriltag/common/image_u8_parallel.h\n'}
[29.608203] (apriltag) StdoutLine: {'line': b'-- Installing: /home/xavier/Developer/aquas-ROS-apriltags/install/apriltag/include/apriltag/common/image_u8x3.h\n'}
[29.610120] (apriltag) StdoutLine: {'line': b'-- Installing: /home/xavier/Developer/aquas-ROS-apriltags/install/apriltag/include/apriltag/common/image_u8x4.h\n'}
[29.614689] (apriltag) StdoutLine: {'line': b'-- Installing: /home/xavier/Developer/aquas-ROS-apriltags/install/apriltag/include/apriltag/common/matd.h\n'}
[29.617365] (apriltag) StdoutLine: {'line': b'-- Installing: /home/xavier/Developer/aquas-ROS-apriltags/install/apriltag/include/apriltag/common/math_util.h\n'}
[29.619273] (apriltag) StdoutLine: {'line': b'-- Installing: /home/xavier/Developer/aquas-ROS-apriltags/install/apriltag/include/apriltag/common/pam.h\n'}
[29.621124] (apriltag) StdoutLine: {'line': b'-- Installing: /home/xavier/Developer/aquas-ROS-apriltags/install/apriltag/include/apriltag/common/pjpeg.h\n'}
[29.622870] (apriltag) StdoutLine: {'line': b'-- Installing: /home/xavier/Developer/aquas-ROS-apriltags/install/apriltag/include/apriltag/common/pnm.h\n'}
[29.625050] (apriltag) StdoutLine: {'line': b'-- Installing: /home/xavier/Developer/aquas-ROS-apriltags/install/apriltag/include/apriltag/common/postscript_utils.h\n'}
[29.626869] (apriltag) StdoutLine: {'line': b'-- Installing: /home/xavier/Developer/aquas-ROS-apriltags/install/apriltag/include/apriltag/common/pthreads_cross.h\n'}
[29.628783] (apriltag) StdoutLine: {'line': b'-- Installing: /home/xavier/Developer/aquas-ROS-apriltags/install/apriltag/include/apriltag/common/string_util.h\n'}
[29.630661] (apriltag) StdoutLine: {'line': b'-- Installing: /home/xavier/Developer/aquas-ROS-apriltags/install/apriltag/include/apriltag/common/svd22.h\n'}
[29.635288] (apriltag) StdoutLine: {'line': b'-- Installing: /home/xavier/Developer/aquas-ROS-apriltags/install/apriltag/include/apriltag/common/time_util.h\n'}
[29.637223] (apriltag) StdoutLine: {'line': b'-- Installing: /home/xavier/Developer/aquas-ROS-apriltags/install/apriltag/include/apriltag/common/timeprofile.h\n'}
[29.639088] (apriltag) StdoutLine: {'line': b'-- Installing: /home/xavier/Developer/aquas-ROS-apriltags/install/apriltag/include/apriltag/common/unionfind.h\n'}
[29.640001] (-) TimerEvent: {}
[29.641593] (apriltag) StdoutLine: {'line': b'-- Installing: /home/xavier/Developer/aquas-ROS-apriltags/install/apriltag/include/apriltag/common/workerpool.h\n'}
[29.643414] (apriltag) StdoutLine: {'line': b'-- Installing: /home/xavier/Developer/aquas-ROS-apriltags/install/apriltag/include/apriltag/common/zarray.h\n'}
[29.645643] (apriltag) StdoutLine: {'line': b'-- Installing: /home/xavier/Developer/aquas-ROS-apriltags/install/apriltag/include/apriltag/common/zhash.h\n'}
[29.647819] (apriltag) StdoutLine: {'line': b'-- Installing: /home/xavier/Developer/aquas-ROS-apriltags/install/apriltag/include/apriltag/common/zmaxheap.h\n'}
[29.649622] (apriltag) StdoutLine: {'line': b'-- Installing: /home/xavier/Developer/aquas-ROS-apriltags/install/apriltag/include/apriltag/tag16h5.h\n'}
[29.651448] (apriltag) StdoutLine: {'line': b'-- Installing: /home/xavier/Developer/aquas-ROS-apriltags/install/apriltag/include/apriltag/tag25h9.h\n'}
[29.653378] (apriltag) StdoutLine: {'line': b'-- Installing: /home/xavier/Developer/aquas-ROS-apriltags/install/apriltag/include/apriltag/tag36h10.h\n'}
[29.655786] (apriltag) StdoutLine: {'line': b'-- Installing: /home/xavier/Developer/aquas-ROS-apriltags/install/apriltag/include/apriltag/tag36h11.h\n'}
[29.657194] (apriltag) StdoutLine: {'line': b'-- Installing: /home/xavier/Developer/aquas-ROS-apriltags/install/apriltag/include/apriltag/tagCircle21h7.h\n'}
[29.659881] (apriltag) StdoutLine: {'line': b'-- Installing: /home/xavier/Developer/aquas-ROS-apriltags/install/apriltag/include/apriltag/tagCircle49h12.h\n'}
[29.662483] (apriltag) StdoutLine: {'line': b'-- Installing: /home/xavier/Developer/aquas-ROS-apriltags/install/apriltag/include/apriltag/tagCustom48h12.h\n'}
[29.665622] (apriltag) StdoutLine: {'line': b'-- Installing: /home/xavier/Developer/aquas-ROS-apriltags/install/apriltag/include/apriltag/tagStandard41h12.h\n'}
[29.668693] (apriltag) StdoutLine: {'line': b'-- Installing: /home/xavier/Developer/aquas-ROS-apriltags/install/apriltag/include/apriltag/tagStandard52h13.h\n'}
[29.677904] (apriltag) StdoutLine: {'line': b'-- Installing: /home/xavier/Developer/aquas-ROS-apriltags/install/apriltag/lib/libapriltag.so.3.4.5\n'}
[29.703016] (apriltag) StdoutLine: {'line': b'-- Up-to-date: /home/xavier/Developer/aquas-ROS-apriltags/install/apriltag/lib/libapriltag.so.3\n'}
[29.706589] (apriltag) StdoutLine: {'line': b'-- Up-to-date: /home/xavier/Developer/aquas-ROS-apriltags/install/apriltag/lib/libapriltag.so\n'}
[29.715287] (image_transport) CommandEnded: {'returncode': 0}
[29.722355] (image_transport) JobProgress: {'identifier': 'image_transport', 'progress': 'install'}
[29.722681] (image_transport) Command: {'cmd': ['/usr/bin/cmake', '--install', '/home/xavier/Developer/aquas-ROS-apriltags/build/image_transport'], 'cwd': '/home/xavier/Developer/aquas-ROS-apriltags/build/image_transport', 'env': OrderedDict([('LESSOPEN', '| /usr/bin/lesspipe %s'), ('USER', 'xavier'), ('SSH_CLIENT', '10.207.19.97 56738 22'), ('XDG_SESSION_TYPE', 'tty'), ('SHLVL', '1'), ('LD_LIBRARY_PATH', '/home/xavier/Developer/aquas-ROS-apriltags/install/apriltag_ros/lib:/home/xavier/Developer/aquas-ROS-apriltags/install/image_transport/lib:/home/xavier/Developer/aquas-ROS-apriltags/install/camera_info_manager/lib:/home/xavier/Developer/aquas-ROS-apriltags/install/camera_calibration_parsers/lib:/home/xavier/Developer/aquas-ROS-apriltags/install/apriltag/lib:/opt/ros/humble/opt/rviz_ogre_vendor/lib:/opt/ros/humble/lib/aarch64-linux-gnu:/opt/ros/humble/lib'), ('MOTD_SHOWN', 'pam'), ('HOME', '/home/xavier'), ('OLDPWD', '/home/xavier/Developer'), ('SSH_TTY', '/dev/pts/0'), ('ROS_PYTHON_VERSION', '3'), ('DBUS_SESSION_BUS_ADDRESS', 'unix:path=/run/user/1002/bus'), ('COLCON_PREFIX_PATH', '/home/xavier/Developer/aquas-ROS-apriltags/install'), ('ROS_DISTRO', 'humble'), ('LOGNAME', 'xavier'), ('_', '/usr/bin/colcon'), ('ROS_VERSION', '2'), ('PKG_CONFIG_PATH', '/home/xavier/Developer/aquas-ROS-apriltags/install/apriltag/lib/aarch64-linux-gnu/pkgconfig:/home/xavier/Developer/aquas-ROS-apriltags/install/apriltag/lib/pkgconfig'), ('XDG_SESSION_CLASS', 'user'), ('TERM', 'xterm-kitty'), ('XDG_SESSION_ID', '18'), ('ROS_LOCALHOST_ONLY', '0'), ('PATH', '/home/xavier/Developer/aquas-ROS-apriltags/install/apriltag/bin:/opt/ros/humble/bin:/usr/local/sbin:/usr/local/bin:/usr/sbin:/usr/bin:/sbin:/bin:/usr/games:/usr/local/games:/snap/bin'), ('XDG_RUNTIME_DIR', '/run/user/1002'), ('LANG', 'en_US.UTF-8'), ('LS_COLORS', 'rs=0:di=01;34:ln=01;36:mh=00:pi=40;33:so=01;35:do=01;35:bd=40;33;01:cd=40;33;01:or=40;31;01:mi=00:su=37;41:sg=30;43:ca=30;41:tw=30;42:ow=34;42:st=37;44:ex=01;32:*.tar=01;31:*.tgz=01;31:*.arc=01;31:*.arj=01;31:*.taz=01;31:*.lha=01;31:*.lz4=01;31:*.lzh=01;31:*.lzma=01;31:*.tlz=01;31:*.txz=01;31:*.tzo=01;31:*.t7z=01;31:*.zip=01;31:*.z=01;31:*.dz=01;31:*.gz=01;31:*.lrz=01;31:*.lz=01;31:*.lzo=01;31:*.xz=01;31:*.zst=01;31:*.tzst=01;31:*.bz2=01;31:*.bz=01;31:*.tbz=01;31:*.tbz2=01;31:*.tz=01;31:*.deb=01;31:*.rpm=01;31:*.jar=01;31:*.war=01;31:*.ear=01;31:*.sar=01;31:*.rar=01;31:*.alz=01;31:*.ace=01;31:*.zoo=01;31:*.cpio=01;31:*.7z=01;31:*.rz=01;31:*.cab=01;31:*.wim=01;31:*.swm=01;31:*.dwm=01;31:*.esd=01;31:*.jpg=01;35:*.jpeg=01;35:*.mjpg=01;35:*.mjpeg=01;35:*.gif=01;35:*.bmp=01;35:*.pbm=01;35:*.pgm=01;35:*.ppm=01;35:*.tga=01;35:*.xbm=01;35:*.xpm=01;35:*.tif=01;35:*.tiff=01;35:*.png=01;35:*.svg=01;35:*.svgz=01;35:*.mng=01;35:*.pcx=01;35:*.mov=01;35:*.mpg=01;35:*.mpeg=01;35:*.m2v=01;35:*.mkv=01;35:*.webm=01;35:*.webp=01;35:*.ogm=01;35:*.mp4=01;35:*.m4v=01;35:*.mp4v=01;35:*.vob=01;35:*.qt=01;35:*.nuv=01;35:*.wmv=01;35:*.asf=01;35:*.rm=01;35:*.rmvb=01;35:*.flc=01;35:*.avi=01;35:*.fli=01;35:*.flv=01;35:*.gl=01;35:*.dl=01;35:*.xcf=01;35:*.xwd=01;35:*.yuv=01;35:*.cgm=01;35:*.emf=01;35:*.ogv=01;35:*.ogx=01;35:*.aac=00;36:*.au=00;36:*.flac=00;36:*.m4a=00;36:*.mid=00;36:*.midi=00;36:*.mka=00;36:*.mp3=00;36:*.mpc=00;36:*.ogg=00;36:*.ra=00;36:*.wav=00;36:*.oga=00;36:*.opus=00;36:*.spx=00;36:*.xspf=00;36:'), ('ROS_DOMAIN_ID', '101'), ('AMENT_PREFIX_PATH', '/home/xavier/Developer/aquas-ROS-apriltags/install/image_common:/home/xavier/Developer/aquas-ROS-apriltags/install/apriltag_ros:/home/xavier/Developer/aquas-ROS-apriltags/install/image_transport:/home/xavier/Developer/aquas-ROS-apriltags/install/camera_info_manager_py:/home/xavier/Developer/aquas-ROS-apriltags/install/camera_info_manager:/home/xavier/Developer/aquas-ROS-apriltags/install/camera_calibration_parsers:/home/xavier/Developer/aquas-ROS-apriltags/install/aquas_dock_align:/home/xavier/Developer/aquas-ROS-apriltags/install/aquas_camera_bringup:/home/xavier/Developer/aquas-ROS-apriltags/install/aquas_apriltag_bringup:/opt/ros/humble'), ('SHELL', '/bin/bash'), ('LESSCLOSE', '/usr/bin/lesspipe %s %s'), ('PWD', '/home/xavier/Developer/aquas-ROS-apriltags/build/image_transport'), ('SSH_CONNECTION', '10.207.19.97 56738 10.207.26.163 22'), ('XDG_DATA_DIRS', '/usr/share/gnome:/usr/local/share:/usr/share:/var/lib/snapd/desktop'), ('PYTHONPATH', '/home/xavier/Developer/aquas-ROS-apriltags/build/dock_align:/home/xavier/Developer/aquas-ROS-apriltags/install/dock_align/lib/python3.10/site-packages:/home/xavier/Developer/aquas-ROS-apriltags/build/camera_info_manager_py:/home/xavier/Developer/aquas-ROS-apriltags/install/camera_info_manager_py/lib/python3.10/site-packages:/home/xavier/Developer/aquas-ROS-apriltags/build/camera_bringup:/home/xavier/Developer/aquas-ROS-apriltags/install/camera_bringup/lib/python3.10/site-packages:/home/xavier/Developer/aquas-ROS-apriltags/build/aquas_dock_align:/home/xavier/Developer/aquas-ROS-apriltags/install/aquas_dock_align/lib/python3.10/site-packages:/home/xavier/Developer/aquas-ROS-apriltags/build/aquas_camera_bringup:/home/xavier/Developer/aquas-ROS-apriltags/install/aquas_camera_bringup/lib/python3.10/site-packages:/home/xavier/Developer/aquas-ROS-apriltags/build/aquas_apriltag_bringup:/home/xavier/Developer/aquas-ROS-apriltags/install/aquas_apriltag_bringup/lib/python3.10/site-packages:/home/xavier/Developer/aquas-ROS-apriltags/build/apriltag_bringup:/home/xavier/Developer/aquas-ROS-apriltags/install/apriltag_bringup/lib/python3.10/site-packages:/home/xavier/Developer/aquas-ROS-apriltags/install/apriltag/lib/python3.10/site-packages:/opt/ros/humble/lib/python3.10/site-packages:/opt/ros/humble/local/lib/python3.10/dist-packages'), ('COLCON', '1'), ('CMAKE_PREFIX_PATH', '/home/xavier/Developer/aquas-ROS-apriltags/install/image_common:/home/xavier/Developer/aquas-ROS-apriltags/install/apriltag_ros:/home/xavier/Developer/aquas-ROS-apriltags/install/image_transport:/home/xavier/Developer/aquas-ROS-apriltags/install/camera_info_manager:/home/xavier/Developer/aquas-ROS-apriltags/install/camera_calibration_parsers:/home/xavier/Developer/aquas-ROS-apriltags/install/apriltag:/home/xavier/Developer/aquas-ROS-apriltags/install/camera_info_manager_py:/home/xavier/Developer/aquas-ROS-apriltags/install/aquas_dock_align:/home/xavier/Developer/aquas-ROS-apriltags/install/aquas_camera_bringup:/home/xavier/Developer/aquas-ROS-apriltags/install/aquas_apriltag_bringup:/opt/ros/humble')]), 'shell': False}
[29.725859] (apriltag) StdoutLine: {'line': b'-- Installing: /home/xavier/Developer/aquas-ROS-apriltags/install/apriltag/lib/apriltag/cmake/apriltagTargets.cmake\n'}
[29.726648] (apriltag) StdoutLine: {'line': b'-- Installing: /home/xavier/Developer/aquas-ROS-apriltags/install/apriltag/lib/apriltag/cmake/apriltagTargets-release.cmake\n'}
[29.731215] (apriltag) StdoutLine: {'line': b'-- Installing: /home/xavier/Developer/aquas-ROS-apriltags/install/apriltag/lib/apriltag/cmake/apriltagConfig.cmake\n'}
[29.732026] (apriltag) StdoutLine: {'line': b'-- Installing: /home/xavier/Developer/aquas-ROS-apriltags/install/apriltag/lib/apriltag/cmake/apriltagConfigVersion.cmake\n'}
[29.736711] (apriltag) StdoutLine: {'line': b'-- Installing: /home/xavier/Developer/aquas-ROS-apriltags/install/apriltag/lib/pkgconfig/apriltag.pc\n'}
[29.741011] (-) TimerEvent: {}
[29.743604] (apriltag) StdoutLine: {'line': b'-- Installing: /home/xavier/Developer/aquas-ROS-apriltags/install/apriltag/lib/python3.10/site-packages/apriltag.cpython-310-aarch64-linux-gnu.so\n'}
[29.746099] (apriltag) StdoutLine: {'line': b'-- Set runtime path of "/home/xavier/Developer/aquas-ROS-apriltags/install/apriltag/lib/python3.10/site-packages/apriltag.cpython-310-aarch64-linux-gnu.so" to ""\n'}
[29.749976] (apriltag) StdoutLine: {'line': b'-- Installing: /home/xavier/Developer/aquas-ROS-apriltags/install/apriltag/bin/opencv_demo\n'}
[29.753555] (apriltag) StdoutLine: {'line': b'-- Set runtime path of "/home/xavier/Developer/aquas-ROS-apriltags/install/apriltag/bin/opencv_demo" to ""\n'}
[29.756521] (apriltag) StdoutLine: {'line': b'-- Installing: /home/xavier/Developer/aquas-ROS-apriltags/install/apriltag/bin/apriltag_demo\n'}
[29.759886] (apriltag) StdoutLine: {'line': b'-- Set runtime path of "/home/xavier/Developer/aquas-ROS-apriltags/install/apriltag/bin/apriltag_demo" to ""\n'}
[29.767420] (apriltag) CommandEnded: {'returncode': 0}
[29.810121] (camera_info_manager) StdoutLine: {'line': b'-- Configuring done\n'}
[29.811592] (image_transport) StdoutLine: {'line': b'-- Install configuration: ""\n'}
[29.812143] (image_transport) StdoutLine: {'line': b'-- Execute custom install script\n'}
[29.812600] (image_transport) StdoutLine: {'line': b'-- Up-to-date symlink: /home/xavier/Developer/aquas-ROS-apriltags/install/image_transport/share/image_transport//default_plugins.xml\n'}
[29.813395] (image_transport) StdoutLine: {'line': b'-- Up-to-date symlink: /home/xavier/Developer/aquas-ROS-apriltags/install/image_transport/lib/libimage_transport.so\n'}
[29.814074] (image_transport) StdoutLine: {'line': b'-- Up-to-date symlink: /home/xavier/Developer/aquas-ROS-apriltags/install/image_transport/lib/libimage_transport_plugins.so\n'}
[29.814542] (image_transport) StdoutLine: {'line': b'-- Up-to-date symlink: /home/xavier/Developer/aquas-ROS-apriltags/install/image_transport/lib/image_transport/list_transports\n'}
[29.815448] (image_transport) StdoutLine: {'line': b'-- Up-to-date symlink: /home/xavier/Developer/aquas-ROS-apriltags/install/image_transport/lib/image_transport/republish\n'}
[29.825271] (image_transport) StdoutLine: {'line': b'-- Up-to-date symlink: /home/xavier/Developer/aquas-ROS-apriltags/install/image_transport/include/image_transport/image_transport/camera_common.h\n'}
[29.829903] (image_transport) StdoutLine: {'line': b'-- Up-to-date symlink: /home/xavier/Developer/aquas-ROS-apriltags/install/image_transport/include/image_transport/image_transport/camera_common.hpp\n'}
[29.831451] (image_transport) StdoutLine: {'line': b'-- Up-to-date symlink: /home/xavier/Developer/aquas-ROS-apriltags/install/image_transport/include/image_transport/image_transport/camera_publisher.h\n'}
[29.834708] (image_transport) StdoutLine: {'line': b'-- Up-to-date symlink: /home/xavier/Developer/aquas-ROS-apriltags/install/image_transport/include/image_transport/image_transport/camera_publisher.hpp\n'}
[29.838170] (image_transport) StdoutLine: {'line': b'-- Up-to-date symlink: /home/xavier/Developer/aquas-ROS-apriltags/install/image_transport/include/image_transport/image_transport/camera_subscriber.h\n'}
[29.841371] (-) TimerEvent: {}
[29.844377] (image_transport) StdoutLine: {'line': b'-- Up-to-date symlink: /home/xavier/Developer/aquas-ROS-apriltags/install/image_transport/include/image_transport/image_transport/camera_subscriber.hpp\n'}
[29.847495] (image_transport) StdoutLine: {'line': b'-- Up-to-date symlink: /home/xavier/Developer/aquas-ROS-apriltags/install/image_transport/include/image_transport/image_transport/exception.h\n'}
[29.851722] (image_transport) StdoutLine: {'line': b'-- Up-to-date symlink: /home/xavier/Developer/aquas-ROS-apriltags/install/image_transport/include/image_transport/image_transport/exception.hpp\n'}
[29.854905] (image_transport) StdoutLine: {'line': b'-- Up-to-date symlink: /home/xavier/Developer/aquas-ROS-apriltags/install/image_transport/include/image_transport/image_transport/image_transport.h\n'}
[29.858315] (image_transport) StdoutLine: {'line': b'-- Up-to-date symlink: /home/xavier/Developer/aquas-ROS-apriltags/install/image_transport/include/image_transport/image_transport/image_transport.hpp\n'}
[29.859883] (image_transport) StdoutLine: {'line': b'-- Up-to-date symlink: /home/xavier/Developer/aquas-ROS-apriltags/install/image_transport/include/image_transport/image_transport/loader_fwds.h\n'}
[29.862293] (image_transport) StdoutLine: {'line': b'-- Up-to-date symlink: /home/xavier/Developer/aquas-ROS-apriltags/install/image_transport/include/image_transport/image_transport/loader_fwds.hpp\n'}
[29.864918] (image_transport) StdoutLine: {'line': b'-- Up-to-date symlink: /home/xavier/Developer/aquas-ROS-apriltags/install/image_transport/include/image_transport/image_transport/publisher.h\n'}
[29.867484] (image_transport) StdoutLine: {'line': b'-- Up-to-date symlink: /home/xavier/Developer/aquas-ROS-apriltags/install/image_transport/include/image_transport/image_transport/publisher.hpp\n'}
[29.870961] (image_transport) StdoutLine: {'line': b'-- Up-to-date symlink: /home/xavier/Developer/aquas-ROS-apriltags/install/image_transport/include/image_transport/image_transport/publisher_plugin.h\n'}
[29.875222] (image_transport) StdoutLine: {'line': b'-- Up-to-date symlink: /home/xavier/Developer/aquas-ROS-apriltags/install/image_transport/include/image_transport/image_transport/publisher_plugin.hpp\n'}
[29.877418] (image_transport) StdoutLine: {'line': b'-- Up-to-date symlink: /home/xavier/Developer/aquas-ROS-apriltags/install/image_transport/include/image_transport/image_transport/raw_publisher.h\n'}
[29.879812] (image_transport) StdoutLine: {'line': b'-- Up-to-date symlink: /home/xavier/Developer/aquas-ROS-apriltags/install/image_transport/include/image_transport/image_transport/raw_publisher.hpp\n'}
[29.882095] (image_transport) StdoutLine: {'line': b'-- Up-to-date symlink: /home/xavier/Developer/aquas-ROS-apriltags/install/image_transport/include/image_transport/image_transport/raw_subscriber.h\n'}
[29.885084] (image_transport) StdoutLine: {'line': b'-- Up-to-date symlink: /home/xavier/Developer/aquas-ROS-apriltags/install/image_transport/include/image_transport/image_transport/raw_subscriber.hpp\n'}
[29.887654] (image_transport) StdoutLine: {'line': b'-- Up-to-date symlink: /home/xavier/Developer/aquas-ROS-apriltags/install/image_transport/include/image_transport/image_transport/simple_publisher_plugin.h\n'}
[29.891582] (image_transport) StdoutLine: {'line': b'-- Up-to-date symlink: /home/xavier/Developer/aquas-ROS-apriltags/install/image_transport/include/image_transport/image_transport/simple_publisher_plugin.hpp\n'}
[29.895523] (image_transport) StdoutLine: {'line': b'-- Up-to-date symlink: /home/xavier/Developer/aquas-ROS-apriltags/install/image_transport/include/image_transport/image_transport/simple_subscriber_plugin.h\n'}
[29.898821] (image_transport) StdoutLine: {'line': b'-- Up-to-date symlink: /home/xavier/Developer/aquas-ROS-apriltags/install/image_transport/include/image_transport/image_transport/simple_subscriber_plugin.hpp\n'}
[29.902257] (image_transport) StdoutLine: {'line': b'-- Up-to-date symlink: /home/xavier/Developer/aquas-ROS-apriltags/install/image_transport/include/image_transport/image_transport/single_subscriber_publisher.h\n'}
[29.907099] (image_transport) StdoutLine: {'line': b'-- Up-to-date symlink: /home/xavier/Developer/aquas-ROS-apriltags/install/image_transport/include/image_transport/image_transport/single_subscriber_publisher.hpp\n'}
[29.910989] (image_transport) StdoutLine: {'line': b'-- Up-to-date symlink: /home/xavier/Developer/aquas-ROS-apriltags/install/image_transport/include/image_transport/image_transport/subscriber.h\n'}
[29.914708] (image_transport) StdoutLine: {'line': b'-- Up-to-date symlink: /home/xavier/Developer/aquas-ROS-apriltags/install/image_transport/include/image_transport/image_transport/subscriber.hpp\n'}
[29.920346] (image_transport) StdoutLine: {'line': b'-- Up-to-date symlink: /home/xavier/Developer/aquas-ROS-apriltags/install/image_transport/include/image_transport/image_transport/subscriber_filter.h\n'}
[29.923850] (image_transport) StdoutLine: {'line': b'-- Up-to-date symlink: /home/xavier/Developer/aquas-ROS-apriltags/install/image_transport/include/image_transport/image_transport/subscriber_filter.hpp\n'}
[29.924528] (camera_info_manager) StdoutLine: {'line': b'-- Generating done\n'}
[29.925752] (image_transport) StdoutLine: {'line': b'-- Up-to-date symlink: /home/xavier/Developer/aquas-ROS-apriltags/install/image_transport/include/image_transport/image_transport/subscriber_plugin.h\n'}
[29.929016] (image_transport) StdoutLine: {'line': b'-- Up-to-date symlink: /home/xavier/Developer/aquas-ROS-apriltags/install/image_transport/include/image_transport/image_transport/subscriber_plugin.hpp\n'}
[29.930594] (image_transport) StdoutLine: {'line': b'-- Up-to-date symlink: /home/xavier/Developer/aquas-ROS-apriltags/install/image_transport/include/image_transport/image_transport/transport_hints.h\n'}
[29.933052] (image_transport) StdoutLine: {'line': b'-- Up-to-date symlink: /home/xavier/Developer/aquas-ROS-apriltags/install/image_transport/include/image_transport/image_transport/transport_hints.hpp\n'}
[29.935835] (image_transport) StdoutLine: {'line': b'-- Up-to-date symlink: /home/xavier/Developer/aquas-ROS-apriltags/install/image_transport/include/image_transport/image_transport/visibility_control.hpp\n'}
[29.940811] (image_transport) StdoutLine: {'line': b'-- Up-to-date symlink: /home/xavier/Developer/aquas-ROS-apriltags/install/image_transport/share/ament_index/resource_index/package_run_dependencies/image_transport\n'}
[29.941498] (-) TimerEvent: {}
[29.944558] (image_transport) StdoutLine: {'line': b'-- Up-to-date symlink: /home/xavier/Developer/aquas-ROS-apriltags/install/image_transport/share/ament_index/resource_index/parent_prefix_path/image_transport\n'}
[29.948697] (image_transport) StdoutLine: {'line': b'-- Up-to-date symlink: /home/xavier/Developer/aquas-ROS-apriltags/install/image_transport/share/image_transport/environment/ament_prefix_path.sh\n'}
[29.953734] (camera_info_manager) StdoutLine: {'line': b'-- Build files have been written to: /home/xavier/Developer/aquas-ROS-apriltags/build/camera_info_manager\n'}
[29.954850] (image_transport) StdoutLine: {'line': b'-- Up-to-date symlink: /home/xavier/Developer/aquas-ROS-apriltags/install/image_transport/share/image_transport/environment/ament_prefix_path.dsv\n'}
[29.956221] (image_transport) StdoutLine: {'line': b'-- Up-to-date symlink: /home/xavier/Developer/aquas-ROS-apriltags/install/image_transport/share/image_transport/environment/path.sh\n'}
[29.957861] (image_transport) StdoutLine: {'line': b'-- Up-to-date symlink: /home/xavier/Developer/aquas-ROS-apriltags/install/image_transport/share/image_transport/environment/path.dsv\n'}
[29.960819] (image_transport) StdoutLine: {'line': b'-- Up-to-date symlink: /home/xavier/Developer/aquas-ROS-apriltags/install/image_transport/share/image_transport/local_setup.bash\n'}
[29.968244] (image_transport) StdoutLine: {'line': b'-- Up-to-date symlink: /home/xavier/Developer/aquas-ROS-apriltags/install/image_transport/share/image_transport/local_setup.sh\n'}
[29.971769] (image_transport) StdoutLine: {'line': b'-- Up-to-date symlink: /home/xavier/Developer/aquas-ROS-apriltags/install/image_transport/share/image_transport/local_setup.zsh\n'}
[29.980034] (image_transport) StdoutLine: {'line': b'-- Up-to-date symlink: /home/xavier/Developer/aquas-ROS-apriltags/install/image_transport/share/image_transport/local_setup.dsv\n'}
[29.981476] (image_transport) StdoutLine: {'line': b'-- Symlinking: /home/xavier/Developer/aquas-ROS-apriltags/install/image_transport/share/image_transport/package.dsv\n'}
[29.992473] (apriltag) JobEnded: {'identifier': 'apriltag', 'rc': 0}
[29.998992] (aquas_dock_align) JobStarted: {'identifier': 'aquas_dock_align'}
[30.042574] (-) TimerEvent: {}
[30.052869] (image_transport) StdoutLine: {'line': b'-- Up-to-date symlink: /home/xavier/Developer/aquas-ROS-apriltags/install/image_transport/share/ament_index/resource_index/packages/image_transport\n'}
[30.057478] (image_transport) StdoutLine: {'line': b'-- Up-to-date symlink: /home/xavier/Developer/aquas-ROS-apriltags/install/image_transport/share/ament_index/resource_index/image_transport__pluginlib__plugin/image_transport\n'}
[30.060358] (image_transport) StdoutLine: {'line': b'-- Up-to-date symlink: /home/xavier/Developer/aquas-ROS-apriltags/install/image_transport/share/image_transport/cmake/ament_cmake_export_targets-extras.cmake\n'}
[30.063186] (image_transport) StdoutLine: {'line': b'-- Up-to-date symlink: /home/xavier/Developer/aquas-ROS-apriltags/install/image_transport/share/image_transport/cmake/ament_cmake_export_dependencies-extras.cmake\n'}
[30.068847] (image_transport) StdoutLine: {'line': b'-- Up-to-date symlink: /home/xavier/Developer/aquas-ROS-apriltags/install/image_transport/share/image_transport/cmake/image_transportConfig.cmake\n'}
[30.070072] (image_transport) StdoutLine: {'line': b'-- Up-to-date symlink: /home/xavier/Developer/aquas-ROS-apriltags/install/image_transport/share/image_transport/cmake/image_transportConfig-version.cmake\n'}
[30.073598] (image_transport) StdoutLine: {'line': b'-- Up-to-date symlink: /home/xavier/Developer/aquas-ROS-apriltags/install/image_transport/share/image_transport/package.xml\n'}
[30.078378] (image_transport) StdoutLine: {'line': b'-- Installing: /home/xavier/Developer/aquas-ROS-apriltags/install/image_transport/share/image_transport/cmake/export_image_transportExport.cmake\n'}
[30.082334] (image_transport) StdoutLine: {'line': b'-- Installing: /home/xavier/Developer/aquas-ROS-apriltags/install/image_transport/share/image_transport/cmake/export_image_transportExport-noconfig.cmake\n'}
[30.123716] (camera_info_manager) StdoutLine: {'line': b'\x1b[35m\x1b[1mConsolidate compiler generated dependencies of target camera_info_manager\x1b[0m\n'}
[30.142780] (-) TimerEvent: {}
[30.244551] (-) TimerEvent: {}
[30.260612] (camera_info_manager) StdoutLine: {'line': b'[100%] Built target camera_info_manager\n'}
[30.344742] (-) TimerEvent: {}
[30.445671] (-) TimerEvent: {}
[30.547533] (-) TimerEvent: {}
[30.648496] (-) TimerEvent: {}
[30.749413] (-) TimerEvent: {}
[30.850612] (-) TimerEvent: {}
[30.951986] (-) TimerEvent: {}
[31.053968] (-) TimerEvent: {}
[31.155252] (-) TimerEvent: {}
[31.255959] (-) TimerEvent: {}
[31.356677] (-) TimerEvent: {}
[31.457432] (-) TimerEvent: {}
[31.558160] (-) TimerEvent: {}
[31.658903] (-) TimerEvent: {}
[31.759800] (-) TimerEvent: {}
[31.826701] (camera_info_manager) CommandEnded: {'returncode': 0}
[31.832560] (camera_info_manager) JobProgress: {'identifier': 'camera_info_manager', 'progress': 'install'}
[31.840138] (camera_info_manager) Command: {'cmd': ['/usr/bin/cmake', '--install', '/home/xavier/Developer/aquas-ROS-apriltags/build/camera_info_manager'], 'cwd': '/home/xavier/Developer/aquas-ROS-apriltags/build/camera_info_manager', 'env': OrderedDict([('LESSOPEN', '| /usr/bin/lesspipe %s'), ('USER', 'xavier'), ('SSH_CLIENT', '10.207.19.97 56738 22'), ('XDG_SESSION_TYPE', 'tty'), ('SHLVL', '1'), ('LD_LIBRARY_PATH', '/home/xavier/Developer/aquas-ROS-apriltags/install/camera_calibration_parsers/lib:/home/xavier/Developer/aquas-ROS-apriltags/install/apriltag_ros/lib:/home/xavier/Developer/aquas-ROS-apriltags/install/image_transport/lib:/home/xavier/Developer/aquas-ROS-apriltags/install/camera_info_manager/lib:/home/xavier/Developer/aquas-ROS-apriltags/install/apriltag/lib:/opt/ros/humble/opt/rviz_ogre_vendor/lib:/opt/ros/humble/lib/aarch64-linux-gnu:/opt/ros/humble/lib'), ('MOTD_SHOWN', 'pam'), ('HOME', '/home/xavier'), ('OLDPWD', '/home/xavier/Developer'), ('SSH_TTY', '/dev/pts/0'), ('ROS_PYTHON_VERSION', '3'), ('DBUS_SESSION_BUS_ADDRESS', 'unix:path=/run/user/1002/bus'), ('COLCON_PREFIX_PATH', '/home/xavier/Developer/aquas-ROS-apriltags/install'), ('ROS_DISTRO', 'humble'), ('LOGNAME', 'xavier'), ('_', '/usr/bin/colcon'), ('ROS_VERSION', '2'), ('PKG_CONFIG_PATH', '/home/xavier/Developer/aquas-ROS-apriltags/install/apriltag/lib/aarch64-linux-gnu/pkgconfig:/home/xavier/Developer/aquas-ROS-apriltags/install/apriltag/lib/pkgconfig'), ('XDG_SESSION_CLASS', 'user'), ('TERM', 'xterm-kitty'), ('XDG_SESSION_ID', '18'), ('ROS_LOCALHOST_ONLY', '0'), ('PATH', '/home/xavier/Developer/aquas-ROS-apriltags/install/apriltag/bin:/opt/ros/humble/bin:/usr/local/sbin:/usr/local/bin:/usr/sbin:/usr/bin:/sbin:/bin:/usr/games:/usr/local/games:/snap/bin'), ('XDG_RUNTIME_DIR', '/run/user/1002'), ('LANG', 'en_US.UTF-8'), ('LS_COLORS', 'rs=0:di=01;34:ln=01;36:mh=00:pi=40;33:so=01;35:do=01;35:bd=40;33;01:cd=40;33;01:or=40;31;01:mi=00:su=37;41:sg=30;43:ca=30;41:tw=30;42:ow=34;42:st=37;44:ex=01;32:*.tar=01;31:*.tgz=01;31:*.arc=01;31:*.arj=01;31:*.taz=01;31:*.lha=01;31:*.lz4=01;31:*.lzh=01;31:*.lzma=01;31:*.tlz=01;31:*.txz=01;31:*.tzo=01;31:*.t7z=01;31:*.zip=01;31:*.z=01;31:*.dz=01;31:*.gz=01;31:*.lrz=01;31:*.lz=01;31:*.lzo=01;31:*.xz=01;31:*.zst=01;31:*.tzst=01;31:*.bz2=01;31:*.bz=01;31:*.tbz=01;31:*.tbz2=01;31:*.tz=01;31:*.deb=01;31:*.rpm=01;31:*.jar=01;31:*.war=01;31:*.ear=01;31:*.sar=01;31:*.rar=01;31:*.alz=01;31:*.ace=01;31:*.zoo=01;31:*.cpio=01;31:*.7z=01;31:*.rz=01;31:*.cab=01;31:*.wim=01;31:*.swm=01;31:*.dwm=01;31:*.esd=01;31:*.jpg=01;35:*.jpeg=01;35:*.mjpg=01;35:*.mjpeg=01;35:*.gif=01;35:*.bmp=01;35:*.pbm=01;35:*.pgm=01;35:*.ppm=01;35:*.tga=01;35:*.xbm=01;35:*.xpm=01;35:*.tif=01;35:*.tiff=01;35:*.png=01;35:*.svg=01;35:*.svgz=01;35:*.mng=01;35:*.pcx=01;35:*.mov=01;35:*.mpg=01;35:*.mpeg=01;35:*.m2v=01;35:*.mkv=01;35:*.webm=01;35:*.webp=01;35:*.ogm=01;35:*.mp4=01;35:*.m4v=01;35:*.mp4v=01;35:*.vob=01;35:*.qt=01;35:*.nuv=01;35:*.wmv=01;35:*.asf=01;35:*.rm=01;35:*.rmvb=01;35:*.flc=01;35:*.avi=01;35:*.fli=01;35:*.flv=01;35:*.gl=01;35:*.dl=01;35:*.xcf=01;35:*.xwd=01;35:*.yuv=01;35:*.cgm=01;35:*.emf=01;35:*.ogv=01;35:*.ogx=01;35:*.aac=00;36:*.au=00;36:*.flac=00;36:*.m4a=00;36:*.mid=00;36:*.midi=00;36:*.mka=00;36:*.mp3=00;36:*.mpc=00;36:*.ogg=00;36:*.ra=00;36:*.wav=00;36:*.oga=00;36:*.opus=00;36:*.spx=00;36:*.xspf=00;36:'), ('ROS_DOMAIN_ID', '101'), ('AMENT_PREFIX_PATH', '/home/xavier/Developer/aquas-ROS-apriltags/install/image_common:/home/xavier/Developer/aquas-ROS-apriltags/install/apriltag_ros:/home/xavier/Developer/aquas-ROS-apriltags/install/image_transport:/home/xavier/Developer/aquas-ROS-apriltags/install/camera_info_manager_py:/home/xavier/Developer/aquas-ROS-apriltags/install/camera_info_manager:/home/xavier/Developer/aquas-ROS-apriltags/install/camera_calibration_parsers:/home/xavier/Developer/aquas-ROS-apriltags/install/aquas_dock_align:/home/xavier/Developer/aquas-ROS-apriltags/install/aquas_camera_bringup:/home/xavier/Developer/aquas-ROS-apriltags/install/aquas_apriltag_bringup:/opt/ros/humble'), ('SHELL', '/bin/bash'), ('LESSCLOSE', '/usr/bin/lesspipe %s %s'), ('PWD', '/home/xavier/Developer/aquas-ROS-apriltags/build/camera_info_manager'), ('SSH_CONNECTION', '10.207.19.97 56738 10.207.26.163 22'), ('XDG_DATA_DIRS', '/usr/share/gnome:/usr/local/share:/usr/share:/var/lib/snapd/desktop'), ('PYTHONPATH', '/home/xavier/Developer/aquas-ROS-apriltags/build/dock_align:/home/xavier/Developer/aquas-ROS-apriltags/install/dock_align/lib/python3.10/site-packages:/home/xavier/Developer/aquas-ROS-apriltags/build/camera_info_manager_py:/home/xavier/Developer/aquas-ROS-apriltags/install/camera_info_manager_py/lib/python3.10/site-packages:/home/xavier/Developer/aquas-ROS-apriltags/build/camera_bringup:/home/xavier/Developer/aquas-ROS-apriltags/install/camera_bringup/lib/python3.10/site-packages:/home/xavier/Developer/aquas-ROS-apriltags/build/aquas_dock_align:/home/xavier/Developer/aquas-ROS-apriltags/install/aquas_dock_align/lib/python3.10/site-packages:/home/xavier/Developer/aquas-ROS-apriltags/build/aquas_camera_bringup:/home/xavier/Developer/aquas-ROS-apriltags/install/aquas_camera_bringup/lib/python3.10/site-packages:/home/xavier/Developer/aquas-ROS-apriltags/build/aquas_apriltag_bringup:/home/xavier/Developer/aquas-ROS-apriltags/install/aquas_apriltag_bringup/lib/python3.10/site-packages:/home/xavier/Developer/aquas-ROS-apriltags/build/apriltag_bringup:/home/xavier/Developer/aquas-ROS-apriltags/install/apriltag_bringup/lib/python3.10/site-packages:/home/xavier/Developer/aquas-ROS-apriltags/install/apriltag/lib/python3.10/site-packages:/opt/ros/humble/lib/python3.10/site-packages:/opt/ros/humble/local/lib/python3.10/dist-packages'), ('COLCON', '1'), ('CMAKE_PREFIX_PATH', '/home/xavier/Developer/aquas-ROS-apriltags/install/camera_calibration_parsers:/home/xavier/Developer/aquas-ROS-apriltags/install/image_common:/home/xavier/Developer/aquas-ROS-apriltags/install/apriltag_ros:/home/xavier/Developer/aquas-ROS-apriltags/install/image_transport:/home/xavier/Developer/aquas-ROS-apriltags/install/camera_info_manager:/home/xavier/Developer/aquas-ROS-apriltags/install/apriltag:/home/xavier/Developer/aquas-ROS-apriltags/install/camera_info_manager_py:/home/xavier/Developer/aquas-ROS-apriltags/install/aquas_dock_align:/home/xavier/Developer/aquas-ROS-apriltags/install/aquas_camera_bringup:/home/xavier/Developer/aquas-ROS-apriltags/install/aquas_apriltag_bringup:/opt/ros/humble')]), 'shell': False}
[31.843208] (image_transport) CommandEnded: {'returncode': 0}
[31.860007] (-) TimerEvent: {}
[31.956594] (image_transport) JobEnded: {'identifier': 'image_transport', 'rc': 0}
[31.960492] (-) TimerEvent: {}
[31.965853] (aquas_camera_bringup) Command: {'cmd': ['/usr/bin/python3', '-W', 'ignore:setup.py install is deprecated', '-W', 'ignore:easy_install command is deprecated', 'setup.py', 'develop', '--editable', '--build-directory', '/home/xavier/Developer/aquas-ROS-apriltags/build/aquas_camera_bringup/build', '--no-deps', 'symlink_data'], 'cwd': '/home/xavier/Developer/aquas-ROS-apriltags/build/aquas_camera_bringup', 'env': {'LESSOPEN': '| /usr/bin/lesspipe %s', 'USER': 'xavier', 'SSH_CLIENT': '10.207.19.97 56738 22', 'XDG_SESSION_TYPE': 'tty', 'SHLVL': '1', 'LD_LIBRARY_PATH': '/home/xavier/Developer/aquas-ROS-apriltags/install/apriltag_ros/lib:/home/xavier/Developer/aquas-ROS-apriltags/install/image_transport/lib:/home/xavier/Developer/aquas-ROS-apriltags/install/camera_info_manager/lib:/home/xavier/Developer/aquas-ROS-apriltags/install/camera_calibration_parsers/lib:/home/xavier/Developer/aquas-ROS-apriltags/install/apriltag/lib:/opt/ros/humble/opt/rviz_ogre_vendor/lib:/opt/ros/humble/lib/aarch64-linux-gnu:/opt/ros/humble/lib', 'MOTD_SHOWN': 'pam', 'HOME': '/home/xavier', 'OLDPWD': '/home/xavier/Developer', 'SSH_TTY': '/dev/pts/0', 'ROS_PYTHON_VERSION': '3', 'DBUS_SESSION_BUS_ADDRESS': 'unix:path=/run/user/1002/bus', 'COLCON_PREFIX_PATH': '/home/xavier/Developer/aquas-ROS-apriltags/install', 'ROS_DISTRO': 'humble', 'LOGNAME': 'xavier', '_': '/usr/bin/colcon', 'ROS_VERSION': '2', 'PKG_CONFIG_PATH': '/home/xavier/Developer/aquas-ROS-apriltags/install/apriltag/lib/aarch64-linux-gnu/pkgconfig:/home/xavier/Developer/aquas-ROS-apriltags/install/apriltag/lib/pkgconfig', 'XDG_SESSION_CLASS': 'user', 'TERM': 'xterm-kitty', 'XDG_SESSION_ID': '18', 'ROS_LOCALHOST_ONLY': '0', 'PATH': '/home/xavier/Developer/aquas-ROS-apriltags/install/apriltag/bin:/opt/ros/humble/bin:/usr/local/sbin:/usr/local/bin:/usr/sbin:/usr/bin:/sbin:/bin:/usr/games:/usr/local/games:/snap/bin', 'XDG_RUNTIME_DIR': '/run/user/1002', 'LANG': 'en_US.UTF-8', 'LS_COLORS': 'rs=0:di=01;34:ln=01;36:mh=00:pi=40;33:so=01;35:do=01;35:bd=40;33;01:cd=40;33;01:or=40;31;01:mi=00:su=37;41:sg=30;43:ca=30;41:tw=30;42:ow=34;42:st=37;44:ex=01;32:*.tar=01;31:*.tgz=01;31:*.arc=01;31:*.arj=01;31:*.taz=01;31:*.lha=01;31:*.lz4=01;31:*.lzh=01;31:*.lzma=01;31:*.tlz=01;31:*.txz=01;31:*.tzo=01;31:*.t7z=01;31:*.zip=01;31:*.z=01;31:*.dz=01;31:*.gz=01;31:*.lrz=01;31:*.lz=01;31:*.lzo=01;31:*.xz=01;31:*.zst=01;31:*.tzst=01;31:*.bz2=01;31:*.bz=01;31:*.tbz=01;31:*.tbz2=01;31:*.tz=01;31:*.deb=01;31:*.rpm=01;31:*.jar=01;31:*.war=01;31:*.ear=01;31:*.sar=01;31:*.rar=01;31:*.alz=01;31:*.ace=01;31:*.zoo=01;31:*.cpio=01;31:*.7z=01;31:*.rz=01;31:*.cab=01;31:*.wim=01;31:*.swm=01;31:*.dwm=01;31:*.esd=01;31:*.jpg=01;35:*.jpeg=01;35:*.mjpg=01;35:*.mjpeg=01;35:*.gif=01;35:*.bmp=01;35:*.pbm=01;35:*.pgm=01;35:*.ppm=01;35:*.tga=01;35:*.xbm=01;35:*.xpm=01;35:*.tif=01;35:*.tiff=01;35:*.png=01;35:*.svg=01;35:*.svgz=01;35:*.mng=01;35:*.pcx=01;35:*.mov=01;35:*.mpg=01;35:*.mpeg=01;35:*.m2v=01;35:*.mkv=01;35:*.webm=01;35:*.webp=01;35:*.ogm=01;35:*.mp4=01;35:*.m4v=01;35:*.mp4v=01;35:*.vob=01;35:*.qt=01;35:*.nuv=01;35:*.wmv=01;35:*.asf=01;35:*.rm=01;35:*.rmvb=01;35:*.flc=01;35:*.avi=01;35:*.fli=01;35:*.flv=01;35:*.gl=01;35:*.dl=01;35:*.xcf=01;35:*.xwd=01;35:*.yuv=01;35:*.cgm=01;35:*.emf=01;35:*.ogv=01;35:*.ogx=01;35:*.aac=00;36:*.au=00;36:*.flac=00;36:*.m4a=00;36:*.mid=00;36:*.midi=00;36:*.mka=00;36:*.mp3=00;36:*.mpc=00;36:*.ogg=00;36:*.ra=00;36:*.wav=00;36:*.oga=00;36:*.opus=00;36:*.spx=00;36:*.xspf=00;36:', 'ROS_DOMAIN_ID': '101', 'AMENT_PREFIX_PATH': '/home/xavier/Developer/aquas-ROS-apriltags/install/image_common:/home/xavier/Developer/aquas-ROS-apriltags/install/apriltag_ros:/home/xavier/Developer/aquas-ROS-apriltags/install/image_transport:/home/xavier/Developer/aquas-ROS-apriltags/install/camera_info_manager_py:/home/xavier/Developer/aquas-ROS-apriltags/install/camera_info_manager:/home/xavier/Developer/aquas-ROS-apriltags/install/camera_calibration_parsers:/home/xavier/Developer/aquas-ROS-apriltags/install/aquas_dock_align:/home/xavier/Developer/aquas-ROS-apriltags/install/aquas_camera_bringup:/home/xavier/Developer/aquas-ROS-apriltags/install/aquas_apriltag_bringup:/opt/ros/humble', 'SHELL': '/bin/bash', 'LESSCLOSE': '/usr/bin/lesspipe %s %s', 'PWD': '/home/xavier/Developer/aquas-ROS-apriltags/build/aquas_camera_bringup', 'SSH_CONNECTION': '10.207.19.97 56738 10.207.26.163 22', 'XDG_DATA_DIRS': '/usr/share/gnome:/usr/local/share:/usr/share:/var/lib/snapd/desktop', 'PYTHONPATH': '/home/xavier/Developer/aquas-ROS-apriltags/build/aquas_camera_bringup/prefix_override:/usr/lib/python3/dist-packages/colcon_core/task/python/colcon_distutils_commands:/home/xavier/Developer/aquas-ROS-apriltags/install/aquas_camera_bringup/lib/python3.10/site-packages:/home/xavier/Developer/aquas-ROS-apriltags/build/dock_align:/home/xavier/Developer/aquas-ROS-apriltags/install/dock_align/lib/python3.10/site-packages:/home/xavier/Developer/aquas-ROS-apriltags/build/camera_info_manager_py:/home/xavier/Developer/aquas-ROS-apriltags/install/camera_info_manager_py/lib/python3.10/site-packages:/home/xavier/Developer/aquas-ROS-apriltags/build/camera_bringup:/home/xavier/Developer/aquas-ROS-apriltags/install/camera_bringup/lib/python3.10/site-packages:/home/xavier/Developer/aquas-ROS-apriltags/build/aquas_dock_align:/home/xavier/Developer/aquas-ROS-apriltags/install/aquas_dock_align/lib/python3.10/site-packages:/home/xavier/Developer/aquas-ROS-apriltags/build/aquas_camera_bringup:/home/xavier/Developer/aquas-ROS-apriltags/install/aquas_camera_bringup/lib/python3.10/site-packages:/home/xavier/Developer/aquas-ROS-apriltags/build/aquas_apriltag_bringup:/home/xavier/Developer/aquas-ROS-apriltags/install/aquas_apriltag_bringup/lib/python3.10/site-packages:/home/xavier/Developer/aquas-ROS-apriltags/build/apriltag_bringup:/home/xavier/Developer/aquas-ROS-apriltags/install/apriltag_bringup/lib/python3.10/site-packages:/home/xavier/Developer/aquas-ROS-apriltags/install/apriltag/lib/python3.10/site-packages:/opt/ros/humble/lib/python3.10/site-packages:/opt/ros/humble/local/lib/python3.10/dist-packages', 'COLCON': '1', 'CMAKE_PREFIX_PATH': '/home/xavier/Developer/aquas-ROS-apriltags/install/image_common:/home/xavier/Developer/aquas-ROS-apriltags/install/apriltag_ros:/home/xavier/Developer/aquas-ROS-apriltags/install/image_transport:/home/xavier/Developer/aquas-ROS-apriltags/install/camera_info_manager:/home/xavier/Developer/aquas-ROS-apriltags/install/camera_calibration_parsers:/home/xavier/Developer/aquas-ROS-apriltags/install/apriltag'}, 'shell': False}
[31.980769] (camera_info_manager_py) JobStarted: {'identifier': 'camera_info_manager_py'}
[31.984810] (camera_info_manager) StdoutLine: {'line': b'-- Install configuration: ""\n'}
[31.985972] (camera_info_manager) StdoutLine: {'line': b'-- Execute custom install script\n'}
[31.986795] (camera_info_manager) StdoutLine: {'line': b'-- Up-to-date symlink: /home/xavier/Developer/aquas-ROS-apriltags/install/camera_info_manager/include/camera_info_manager/camera_info_manager/camera_info_manager.h\n'}
[31.988129] (camera_info_manager) StdoutLine: {'line': b'-- Up-to-date symlink: /home/xavier/Developer/aquas-ROS-apriltags/install/camera_info_manager/include/camera_info_manager/camera_info_manager/camera_info_manager.hpp\n'}
[31.989644] (camera_info_manager) StdoutLine: {'line': b'-- Up-to-date symlink: /home/xavier/Developer/aquas-ROS-apriltags/install/camera_info_manager/include/camera_info_manager/camera_info_manager/visibility_control.h\n'}
[31.990465] (camera_info_manager) StdoutLine: {'line': b'-- Up-to-date symlink: /home/xavier/Developer/aquas-ROS-apriltags/install/camera_info_manager/share/ament_index/resource_index/package_run_dependencies/camera_info_manager\n'}
[31.992400] (camera_info_manager) StdoutLine: {'line': b'-- Up-to-date symlink: /home/xavier/Developer/aquas-ROS-apriltags/install/camera_info_manager/share/ament_index/resource_index/parent_prefix_path/camera_info_manager\n'}
[31.993607] (camera_info_manager) StdoutLine: {'line': b'-- Up-to-date symlink: /home/xavier/Developer/aquas-ROS-apriltags/install/camera_info_manager/share/camera_info_manager/environment/ament_prefix_path.sh\n'}
[31.994830] (camera_info_manager) StdoutLine: {'line': b'-- Up-to-date symlink: /home/xavier/Developer/aquas-ROS-apriltags/install/camera_info_manager/share/camera_info_manager/environment/ament_prefix_path.dsv\n'}
[31.996248] (camera_info_manager) StdoutLine: {'line': b'-- Up-to-date symlink: /home/xavier/Developer/aquas-ROS-apriltags/install/camera_info_manager/share/camera_info_manager/environment/path.sh\n'}
[31.998167] (camera_info_manager) StdoutLine: {'line': b'-- Up-to-date symlink: /home/xavier/Developer/aquas-ROS-apriltags/install/camera_info_manager/share/camera_info_manager/environment/path.dsv\n'}
[31.998884] (camera_info_manager) StdoutLine: {'line': b'-- Up-to-date symlink: /home/xavier/Developer/aquas-ROS-apriltags/install/camera_info_manager/share/camera_info_manager/local_setup.bash\n'}
[32.000839] (camera_info_manager) StdoutLine: {'line': b'-- Up-to-date symlink: /home/xavier/Developer/aquas-ROS-apriltags/install/camera_info_manager/share/camera_info_manager/local_setup.sh\n'}
[32.002825] (camera_info_manager) StdoutLine: {'line': b'-- Up-to-date symlink: /home/xavier/Developer/aquas-ROS-apriltags/install/camera_info_manager/share/camera_info_manager/local_setup.zsh\n'}
[32.003459] (camera_info_manager) StdoutLine: {'line': b'-- Up-to-date symlink: /home/xavier/Developer/aquas-ROS-apriltags/install/camera_info_manager/share/camera_info_manager/local_setup.dsv\n'}
[32.004400] (camera_info_manager) StdoutLine: {'line': b'-- Symlinking: /home/xavier/Developer/aquas-ROS-apriltags/install/camera_info_manager/share/camera_info_manager/package.dsv\n'}
[32.005042] (camera_info_manager) StdoutLine: {'line': b'-- Up-to-date symlink: /home/xavier/Developer/aquas-ROS-apriltags/install/camera_info_manager/share/ament_index/resource_index/packages/camera_info_manager\n'}
[32.007610] (camera_info_manager) StdoutLine: {'line': b'-- Up-to-date symlink: /home/xavier/Developer/aquas-ROS-apriltags/install/camera_info_manager/share/camera_info_manager/cmake/ament_cmake_export_dependencies-extras.cmake\n'}
[32.008593] (camera_info_manager) StdoutLine: {'line': b'-- Up-to-date symlink: /home/xavier/Developer/aquas-ROS-apriltags/install/camera_info_manager/share/camera_info_manager/cmake/ament_cmake_export_targets-extras.cmake\n'}
[32.009149] (camera_info_manager) StdoutLine: {'line': b'-- Up-to-date symlink: /home/xavier/Developer/aquas-ROS-apriltags/install/camera_info_manager/share/camera_info_manager/cmake/camera_info_managerConfig.cmake\n'}
[32.009874] (camera_info_manager) StdoutLine: {'line': b'-- Up-to-date symlink: /home/xavier/Developer/aquas-ROS-apriltags/install/camera_info_manager/share/camera_info_manager/cmake/camera_info_managerConfig-version.cmake\n'}
[32.010455] (camera_info_manager) StdoutLine: {'line': b'-- Up-to-date symlink: /home/xavier/Developer/aquas-ROS-apriltags/install/camera_info_manager/share/camera_info_manager/package.xml\n'}
[32.011278] (camera_info_manager) StdoutLine: {'line': b'-- Installing: /home/xavier/Developer/aquas-ROS-apriltags/install/camera_info_manager/lib/libcamera_info_manager.so\n'}
[32.020407] (camera_info_manager) StdoutLine: {'line': b'-- Set runtime path of "/home/xavier/Developer/aquas-ROS-apriltags/install/camera_info_manager/lib/libcamera_info_manager.so" to ""\n'}
[32.022377] (camera_info_manager) StdoutLine: {'line': b'-- Installing: /home/xavier/Developer/aquas-ROS-apriltags/install/camera_info_manager/share/camera_info_manager/cmake/export_camera_info_managerExport.cmake\n'}
[32.024551] (camera_info_manager) StdoutLine: {'line': b'-- Installing: /home/xavier/Developer/aquas-ROS-apriltags/install/camera_info_manager/share/camera_info_manager/cmake/export_camera_info_managerExport-noconfig.cmake\n'}
[32.058581] (camera_info_manager) CommandEnded: {'returncode': 0}
[32.063426] (-) TimerEvent: {}
[32.165330] (-) TimerEvent: {}
[32.180858] (camera_info_manager) JobEnded: {'identifier': 'camera_info_manager', 'rc': 0}
[32.184921] (apriltag_ros) JobStarted: {'identifier': 'apriltag_ros'}
[32.265593] (-) TimerEvent: {}
[32.366855] (-) TimerEvent: {}
[32.468877] (-) TimerEvent: {}
[32.571433] (-) TimerEvent: {}
[32.673656] (-) TimerEvent: {}
[32.776097] (-) TimerEvent: {}
[32.878068] (-) TimerEvent: {}
[32.979642] (-) TimerEvent: {}
[33.081225] (-) TimerEvent: {}
[33.182093] (-) TimerEvent: {}
[33.282942] (-) TimerEvent: {}
[33.383941] (-) TimerEvent: {}
[33.484875] (-) TimerEvent: {}
[33.585837] (-) TimerEvent: {}
[33.686746] (-) TimerEvent: {}
[33.788441] (-) TimerEvent: {}
[33.889996] (aquas_camera_bringup) StdoutLine: {'line': b'running develop\n'}
[33.891388] (-) TimerEvent: {}
[33.992372] (-) TimerEvent: {}
[34.094140] (-) TimerEvent: {}
[34.148586] (apriltag_ros) JobProgress: {'identifier': 'apriltag_ros', 'progress': 'cmake'}
[34.156735] (apriltag_ros) JobProgress: {'identifier': 'apriltag_ros', 'progress': 'build'}
[34.165112] (apriltag_ros) Command: {'cmd': ['/usr/bin/cmake', '--build', '/home/xavier/Developer/aquas-ROS-apriltags/build/apriltag_ros', '--', '-j4', '-l4'], 'cwd': '/home/xavier/Developer/aquas-ROS-apriltags/build/apriltag_ros', 'env': OrderedDict([('LESSOPEN', '| /usr/bin/lesspipe %s'), ('USER', 'xavier'), ('SSH_CLIENT', '10.207.19.97 56738 22'), ('XDG_SESSION_TYPE', 'tty'), ('SHLVL', '1'), ('LD_LIBRARY_PATH', '/home/xavier/Developer/aquas-ROS-apriltags/install/image_transport/lib:/home/xavier/Developer/aquas-ROS-apriltags/install/apriltag/lib:/home/xavier/Developer/aquas-ROS-apriltags/install/apriltag_ros/lib:/home/xavier/Developer/aquas-ROS-apriltags/install/camera_info_manager/lib:/home/xavier/Developer/aquas-ROS-apriltags/install/camera_calibration_parsers/lib:/opt/ros/humble/opt/rviz_ogre_vendor/lib:/opt/ros/humble/lib/aarch64-linux-gnu:/opt/ros/humble/lib'), ('MOTD_SHOWN', 'pam'), ('HOME', '/home/xavier'), ('OLDPWD', '/home/xavier/Developer'), ('SSH_TTY', '/dev/pts/0'), ('ROS_PYTHON_VERSION', '3'), ('DBUS_SESSION_BUS_ADDRESS', 'unix:path=/run/user/1002/bus'), ('COLCON_PREFIX_PATH', '/home/xavier/Developer/aquas-ROS-apriltags/install'), ('ROS_DISTRO', 'humble'), ('LOGNAME', 'xavier'), ('_', '/usr/bin/colcon'), ('ROS_VERSION', '2'), ('PKG_CONFIG_PATH', '/home/xavier/Developer/aquas-ROS-apriltags/install/apriltag/lib/aarch64-linux-gnu/pkgconfig:/home/xavier/Developer/aquas-ROS-apriltags/install/apriltag/lib/pkgconfig'), ('XDG_SESSION_CLASS', 'user'), ('TERM', 'xterm-kitty'), ('XDG_SESSION_ID', '18'), ('ROS_LOCALHOST_ONLY', '0'), ('PATH', '/home/xavier/Developer/aquas-ROS-apriltags/install/apriltag/bin:/opt/ros/humble/bin:/usr/local/sbin:/usr/local/bin:/usr/sbin:/usr/bin:/sbin:/bin:/usr/games:/usr/local/games:/snap/bin'), ('XDG_RUNTIME_DIR', '/run/user/1002'), ('LANG', 'en_US.UTF-8'), ('LS_COLORS', 'rs=0:di=01;34:ln=01;36:mh=00:pi=40;33:so=01;35:do=01;35:bd=40;33;01:cd=40;33;01:or=40;31;01:mi=00:su=37;41:sg=30;43:ca=30;41:tw=30;42:ow=34;42:st=37;44:ex=01;32:*.tar=01;31:*.tgz=01;31:*.arc=01;31:*.arj=01;31:*.taz=01;31:*.lha=01;31:*.lz4=01;31:*.lzh=01;31:*.lzma=01;31:*.tlz=01;31:*.txz=01;31:*.tzo=01;31:*.t7z=01;31:*.zip=01;31:*.z=01;31:*.dz=01;31:*.gz=01;31:*.lrz=01;31:*.lz=01;31:*.lzo=01;31:*.xz=01;31:*.zst=01;31:*.tzst=01;31:*.bz2=01;31:*.bz=01;31:*.tbz=01;31:*.tbz2=01;31:*.tz=01;31:*.deb=01;31:*.rpm=01;31:*.jar=01;31:*.war=01;31:*.ear=01;31:*.sar=01;31:*.rar=01;31:*.alz=01;31:*.ace=01;31:*.zoo=01;31:*.cpio=01;31:*.7z=01;31:*.rz=01;31:*.cab=01;31:*.wim=01;31:*.swm=01;31:*.dwm=01;31:*.esd=01;31:*.jpg=01;35:*.jpeg=01;35:*.mjpg=01;35:*.mjpeg=01;35:*.gif=01;35:*.bmp=01;35:*.pbm=01;35:*.pgm=01;35:*.ppm=01;35:*.tga=01;35:*.xbm=01;35:*.xpm=01;35:*.tif=01;35:*.tiff=01;35:*.png=01;35:*.svg=01;35:*.svgz=01;35:*.mng=01;35:*.pcx=01;35:*.mov=01;35:*.mpg=01;35:*.mpeg=01;35:*.m2v=01;35:*.mkv=01;35:*.webm=01;35:*.webp=01;35:*.ogm=01;35:*.mp4=01;35:*.m4v=01;35:*.mp4v=01;35:*.vob=01;35:*.qt=01;35:*.nuv=01;35:*.wmv=01;35:*.asf=01;35:*.rm=01;35:*.rmvb=01;35:*.flc=01;35:*.avi=01;35:*.fli=01;35:*.flv=01;35:*.gl=01;35:*.dl=01;35:*.xcf=01;35:*.xwd=01;35:*.yuv=01;35:*.cgm=01;35:*.emf=01;35:*.ogv=01;35:*.ogx=01;35:*.aac=00;36:*.au=00;36:*.flac=00;36:*.m4a=00;36:*.mid=00;36:*.midi=00;36:*.mka=00;36:*.mp3=00;36:*.mpc=00;36:*.ogg=00;36:*.ra=00;36:*.wav=00;36:*.oga=00;36:*.opus=00;36:*.spx=00;36:*.xspf=00;36:'), ('ROS_DOMAIN_ID', '101'), ('AMENT_PREFIX_PATH', '/home/xavier/Developer/aquas-ROS-apriltags/install/image_common:/home/xavier/Developer/aquas-ROS-apriltags/install/apriltag_ros:/home/xavier/Developer/aquas-ROS-apriltags/install/image_transport:/home/xavier/Developer/aquas-ROS-apriltags/install/camera_info_manager_py:/home/xavier/Developer/aquas-ROS-apriltags/install/camera_info_manager:/home/xavier/Developer/aquas-ROS-apriltags/install/camera_calibration_parsers:/home/xavier/Developer/aquas-ROS-apriltags/install/aquas_dock_align:/home/xavier/Developer/aquas-ROS-apriltags/install/aquas_camera_bringup:/home/xavier/Developer/aquas-ROS-apriltags/install/aquas_apriltag_bringup:/opt/ros/humble'), ('SHELL', '/bin/bash'), ('LESSCLOSE', '/usr/bin/lesspipe %s %s'), ('PWD', '/home/xavier/Developer/aquas-ROS-apriltags/build/apriltag_ros'), ('SSH_CONNECTION', '10.207.19.97 56738 10.207.26.163 22'), ('XDG_DATA_DIRS', '/usr/share/gnome:/usr/local/share:/usr/share:/var/lib/snapd/desktop'), ('PYTHONPATH', '/home/xavier/Developer/aquas-ROS-apriltags/install/apriltag/lib/python3.10/site-packages:/home/xavier/Developer/aquas-ROS-apriltags/build/dock_align:/home/xavier/Developer/aquas-ROS-apriltags/install/dock_align/lib/python3.10/site-packages:/home/xavier/Developer/aquas-ROS-apriltags/build/camera_info_manager_py:/home/xavier/Developer/aquas-ROS-apriltags/install/camera_info_manager_py/lib/python3.10/site-packages:/home/xavier/Developer/aquas-ROS-apriltags/build/camera_bringup:/home/xavier/Developer/aquas-ROS-apriltags/install/camera_bringup/lib/python3.10/site-packages:/home/xavier/Developer/aquas-ROS-apriltags/build/aquas_dock_align:/home/xavier/Developer/aquas-ROS-apriltags/install/aquas_dock_align/lib/python3.10/site-packages:/home/xavier/Developer/aquas-ROS-apriltags/build/aquas_camera_bringup:/home/xavier/Developer/aquas-ROS-apriltags/install/aquas_camera_bringup/lib/python3.10/site-packages:/home/xavier/Developer/aquas-ROS-apriltags/build/aquas_apriltag_bringup:/home/xavier/Developer/aquas-ROS-apriltags/install/aquas_apriltag_bringup/lib/python3.10/site-packages:/home/xavier/Developer/aquas-ROS-apriltags/build/apriltag_bringup:/home/xavier/Developer/aquas-ROS-apriltags/install/apriltag_bringup/lib/python3.10/site-packages:/opt/ros/humble/lib/python3.10/site-packages:/opt/ros/humble/local/lib/python3.10/dist-packages'), ('COLCON', '1'), ('CMAKE_PREFIX_PATH', '/home/xavier/Developer/aquas-ROS-apriltags/install/image_transport:/home/xavier/Developer/aquas-ROS-apriltags/install/apriltag:/home/xavier/Developer/aquas-ROS-apriltags/install/image_common:/home/xavier/Developer/aquas-ROS-apriltags/install/apriltag_ros:/home/xavier/Developer/aquas-ROS-apriltags/install/camera_info_manager:/home/xavier/Developer/aquas-ROS-apriltags/install/camera_calibration_parsers:/home/xavier/Developer/aquas-ROS-apriltags/install/camera_info_manager_py:/home/xavier/Developer/aquas-ROS-apriltags/install/aquas_dock_align:/home/xavier/Developer/aquas-ROS-apriltags/install/aquas_camera_bringup:/home/xavier/Developer/aquas-ROS-apriltags/install/aquas_apriltag_bringup:/opt/ros/humble')]), 'shell': False}
[34.196016] (-) TimerEvent: {}
[34.297853] (-) TimerEvent: {}
[34.399256] (-) TimerEvent: {}
[34.416489] (aquas_dock_align) Command: {'cmd': ['/usr/bin/python3', '-W', 'ignore:setup.py install is deprecated', '-W', 'ignore:easy_install command is deprecated', 'setup.py', 'develop', '--editable', '--build-directory', '/home/xavier/Developer/aquas-ROS-apriltags/build/aquas_dock_align/build', '--no-deps', 'symlink_data'], 'cwd': '/home/xavier/Developer/aquas-ROS-apriltags/build/aquas_dock_align', 'env': {'LESSOPEN': '| /usr/bin/lesspipe %s', 'USER': 'xavier', 'SSH_CLIENT': '10.207.19.97 56738 22', 'XDG_SESSION_TYPE': 'tty', 'SHLVL': '1', 'LD_LIBRARY_PATH': '/home/xavier/Developer/aquas-ROS-apriltags/install/apriltag_ros/lib:/home/xavier/Developer/aquas-ROS-apriltags/install/image_transport/lib:/home/xavier/Developer/aquas-ROS-apriltags/install/camera_info_manager/lib:/home/xavier/Developer/aquas-ROS-apriltags/install/camera_calibration_parsers/lib:/home/xavier/Developer/aquas-ROS-apriltags/install/apriltag/lib:/opt/ros/humble/opt/rviz_ogre_vendor/lib:/opt/ros/humble/lib/aarch64-linux-gnu:/opt/ros/humble/lib', 'MOTD_SHOWN': 'pam', 'HOME': '/home/xavier', 'OLDPWD': '/home/xavier/Developer', 'SSH_TTY': '/dev/pts/0', 'ROS_PYTHON_VERSION': '3', 'DBUS_SESSION_BUS_ADDRESS': 'unix:path=/run/user/1002/bus', 'COLCON_PREFIX_PATH': '/home/xavier/Developer/aquas-ROS-apriltags/install', 'ROS_DISTRO': 'humble', 'LOGNAME': 'xavier', '_': '/usr/bin/colcon', 'ROS_VERSION': '2', 'PKG_CONFIG_PATH': '/home/xavier/Developer/aquas-ROS-apriltags/install/apriltag/lib/aarch64-linux-gnu/pkgconfig:/home/xavier/Developer/aquas-ROS-apriltags/install/apriltag/lib/pkgconfig', 'XDG_SESSION_CLASS': 'user', 'TERM': 'xterm-kitty', 'XDG_SESSION_ID': '18', 'ROS_LOCALHOST_ONLY': '0', 'PATH': '/home/xavier/Developer/aquas-ROS-apriltags/install/apriltag/bin:/opt/ros/humble/bin:/usr/local/sbin:/usr/local/bin:/usr/sbin:/usr/bin:/sbin:/bin:/usr/games:/usr/local/games:/snap/bin', 'XDG_RUNTIME_DIR': '/run/user/1002', 'LANG': 'en_US.UTF-8', 'LS_COLORS': 'rs=0:di=01;34:ln=01;36:mh=00:pi=40;33:so=01;35:do=01;35:bd=40;33;01:cd=40;33;01:or=40;31;01:mi=00:su=37;41:sg=30;43:ca=30;41:tw=30;42:ow=34;42:st=37;44:ex=01;32:*.tar=01;31:*.tgz=01;31:*.arc=01;31:*.arj=01;31:*.taz=01;31:*.lha=01;31:*.lz4=01;31:*.lzh=01;31:*.lzma=01;31:*.tlz=01;31:*.txz=01;31:*.tzo=01;31:*.t7z=01;31:*.zip=01;31:*.z=01;31:*.dz=01;31:*.gz=01;31:*.lrz=01;31:*.lz=01;31:*.lzo=01;31:*.xz=01;31:*.zst=01;31:*.tzst=01;31:*.bz2=01;31:*.bz=01;31:*.tbz=01;31:*.tbz2=01;31:*.tz=01;31:*.deb=01;31:*.rpm=01;31:*.jar=01;31:*.war=01;31:*.ear=01;31:*.sar=01;31:*.rar=01;31:*.alz=01;31:*.ace=01;31:*.zoo=01;31:*.cpio=01;31:*.7z=01;31:*.rz=01;31:*.cab=01;31:*.wim=01;31:*.swm=01;31:*.dwm=01;31:*.esd=01;31:*.jpg=01;35:*.jpeg=01;35:*.mjpg=01;35:*.mjpeg=01;35:*.gif=01;35:*.bmp=01;35:*.pbm=01;35:*.pgm=01;35:*.ppm=01;35:*.tga=01;35:*.xbm=01;35:*.xpm=01;35:*.tif=01;35:*.tiff=01;35:*.png=01;35:*.svg=01;35:*.svgz=01;35:*.mng=01;35:*.pcx=01;35:*.mov=01;35:*.mpg=01;35:*.mpeg=01;35:*.m2v=01;35:*.mkv=01;35:*.webm=01;35:*.webp=01;35:*.ogm=01;35:*.mp4=01;35:*.m4v=01;35:*.mp4v=01;35:*.vob=01;35:*.qt=01;35:*.nuv=01;35:*.wmv=01;35:*.asf=01;35:*.rm=01;35:*.rmvb=01;35:*.flc=01;35:*.avi=01;35:*.fli=01;35:*.flv=01;35:*.gl=01;35:*.dl=01;35:*.xcf=01;35:*.xwd=01;35:*.yuv=01;35:*.cgm=01;35:*.emf=01;35:*.ogv=01;35:*.ogx=01;35:*.aac=00;36:*.au=00;36:*.flac=00;36:*.m4a=00;36:*.mid=00;36:*.midi=00;36:*.mka=00;36:*.mp3=00;36:*.mpc=00;36:*.ogg=00;36:*.ra=00;36:*.wav=00;36:*.oga=00;36:*.opus=00;36:*.spx=00;36:*.xspf=00;36:', 'ROS_DOMAIN_ID': '101', 'AMENT_PREFIX_PATH': '/home/xavier/Developer/aquas-ROS-apriltags/install/image_common:/home/xavier/Developer/aquas-ROS-apriltags/install/apriltag_ros:/home/xavier/Developer/aquas-ROS-apriltags/install/image_transport:/home/xavier/Developer/aquas-ROS-apriltags/install/camera_info_manager_py:/home/xavier/Developer/aquas-ROS-apriltags/install/camera_info_manager:/home/xavier/Developer/aquas-ROS-apriltags/install/camera_calibration_parsers:/home/xavier/Developer/aquas-ROS-apriltags/install/aquas_dock_align:/home/xavier/Developer/aquas-ROS-apriltags/install/aquas_camera_bringup:/home/xavier/Developer/aquas-ROS-apriltags/install/aquas_apriltag_bringup:/opt/ros/humble', 'SHELL': '/bin/bash', 'LESSCLOSE': '/usr/bin/lesspipe %s %s', 'PWD': '/home/xavier/Developer/aquas-ROS-apriltags/build/aquas_dock_align', 'SSH_CONNECTION': '10.207.19.97 56738 10.207.26.163 22', 'XDG_DATA_DIRS': '/usr/share/gnome:/usr/local/share:/usr/share:/var/lib/snapd/desktop', 'PYTHONPATH': '/home/xavier/Developer/aquas-ROS-apriltags/build/aquas_dock_align/prefix_override:/usr/lib/python3/dist-packages/colcon_core/task/python/colcon_distutils_commands:/home/xavier/Developer/aquas-ROS-apriltags/install/aquas_dock_align/lib/python3.10/site-packages:/home/xavier/Developer/aquas-ROS-apriltags/build/dock_align:/home/xavier/Developer/aquas-ROS-apriltags/install/dock_align/lib/python3.10/site-packages:/home/xavier/Developer/aquas-ROS-apriltags/build/camera_info_manager_py:/home/xavier/Developer/aquas-ROS-apriltags/install/camera_info_manager_py/lib/python3.10/site-packages:/home/xavier/Developer/aquas-ROS-apriltags/build/camera_bringup:/home/xavier/Developer/aquas-ROS-apriltags/install/camera_bringup/lib/python3.10/site-packages:/home/xavier/Developer/aquas-ROS-apriltags/build/aquas_dock_align:/home/xavier/Developer/aquas-ROS-apriltags/install/aquas_dock_align/lib/python3.10/site-packages:/home/xavier/Developer/aquas-ROS-apriltags/build/aquas_camera_bringup:/home/xavier/Developer/aquas-ROS-apriltags/install/aquas_camera_bringup/lib/python3.10/site-packages:/home/xavier/Developer/aquas-ROS-apriltags/build/aquas_apriltag_bringup:/home/xavier/Developer/aquas-ROS-apriltags/install/aquas_apriltag_bringup/lib/python3.10/site-packages:/home/xavier/Developer/aquas-ROS-apriltags/build/apriltag_bringup:/home/xavier/Developer/aquas-ROS-apriltags/install/apriltag_bringup/lib/python3.10/site-packages:/home/xavier/Developer/aquas-ROS-apriltags/install/apriltag/lib/python3.10/site-packages:/opt/ros/humble/lib/python3.10/site-packages:/opt/ros/humble/local/lib/python3.10/dist-packages', 'COLCON': '1', 'CMAKE_PREFIX_PATH': '/home/xavier/Developer/aquas-ROS-apriltags/install/image_common:/home/xavier/Developer/aquas-ROS-apriltags/install/apriltag_ros:/home/xavier/Developer/aquas-ROS-apriltags/install/image_transport:/home/xavier/Developer/aquas-ROS-apriltags/install/camera_info_manager:/home/xavier/Developer/aquas-ROS-apriltags/install/camera_calibration_parsers:/home/xavier/Developer/aquas-ROS-apriltags/install/apriltag'}, 'shell': False}
[34.466271] (apriltag_ros) StdoutLine: {'line': b'-- Found rclcpp: 16.0.17 (/opt/ros/humble/share/rclcpp/cmake)\n'}
[34.499470] (-) TimerEvent: {}
[34.600636] (-) TimerEvent: {}
[34.701868] (-) TimerEvent: {}
[34.802989] (-) TimerEvent: {}
[34.904151] (-) TimerEvent: {}
[35.005133] (-) TimerEvent: {}
[35.106134] (-) TimerEvent: {}
[35.207218] (-) TimerEvent: {}
[35.308212] (-) TimerEvent: {}
[35.409585] (-) TimerEvent: {}
[35.479927] (apriltag_ros) StdoutLine: {'line': b'-- Override CMake install command with custom implementation using symlinks instead of copying resources\n'}
[35.509868] (-) TimerEvent: {}
[35.605101] (aquas_camera_bringup) StdoutLine: {'line': b'running egg_info\n'}
[35.606332] (aquas_camera_bringup) StdoutLine: {'line': b'writing aquas_camera_bringup.egg-info/PKG-INFO\n'}
[35.607689] (aquas_camera_bringup) StdoutLine: {'line': b'writing dependency_links to aquas_camera_bringup.egg-info/dependency_links.txt\n'}
[35.608935] (aquas_camera_bringup) StdoutLine: {'line': b'writing entry points to aquas_camera_bringup.egg-info/entry_points.txt\n'}
[35.610123] (-) TimerEvent: {}
[35.612434] (aquas_camera_bringup) StdoutLine: {'line': b'writing requirements to aquas_camera_bringup.egg-info/requires.txt\n'}
[35.613366] (aquas_camera_bringup) StdoutLine: {'line': b'writing top-level names to aquas_camera_bringup.egg-info/top_level.txt\n'}
[35.622107] (aquas_camera_bringup) StdoutLine: {'line': b"reading manifest file 'aquas_camera_bringup.egg-info/SOURCES.txt'\n"}
[35.629959] (aquas_camera_bringup) StdoutLine: {'line': b"writing manifest file 'aquas_camera_bringup.egg-info/SOURCES.txt'\n"}
[35.639789] (aquas_camera_bringup) StdoutLine: {'line': b'running build_ext\n'}
[35.640918] (aquas_camera_bringup) StdoutLine: {'line': b'Creating /home/xavier/Developer/aquas-ROS-apriltags/install/aquas_camera_bringup/lib/python3.10/site-packages/aquas-camera-bringup.egg-link (link to .)\n'}
[35.646179] (aquas_camera_bringup) StdoutLine: {'line': b'\n'}
[35.647055] (aquas_camera_bringup) StdoutLine: {'line': b'Installed /home/xavier/Developer/aquas-ROS-apriltags/build/aquas_camera_bringup\n'}
[35.647927] (aquas_camera_bringup) StdoutLine: {'line': b'running symlink_data\n'}
[35.710494] (-) TimerEvent: {}
[35.813436] (-) TimerEvent: {}
[35.845418] (aquas_camera_bringup) CommandEnded: {'returncode': 0}
[35.862623] (apriltag_ros) StdoutLine: {'line': b'-- Found rosidl_generator_c: 3.1.8 (/opt/ros/humble/share/rosidl_generator_c/cmake)\n'}
[35.879764] (apriltag_ros) StdoutLine: {'line': b'-- Found rosidl_adapter: 3.1.8 (/opt/ros/humble/share/rosidl_adapter/cmake)\n'}
[35.912366] (aquas_camera_bringup) JobEnded: {'identifier': 'aquas_camera_bringup', 'rc': 0}
[35.919064] (-) TimerEvent: {}
[35.920403] (image_common) JobStarted: {'identifier': 'image_common'}
[35.922158] (apriltag_ros) StdoutLine: {'line': b'-- Found rosidl_generator_cpp: 3.1.8 (/opt/ros/humble/share/rosidl_generator_cpp/cmake)\n'}
[35.987830] (apriltag_ros) StdoutLine: {'line': b'-- Using all available rosidl_typesupport_c: rosidl_typesupport_fastrtps_c;rosidl_typesupport_introspection_c\n'}
[35.991021] (image_common) JobProgress: {'identifier': 'image_common', 'progress': 'cmake'}
[35.997348] (image_common) JobProgress: {'identifier': 'image_common', 'progress': 'build'}
[35.998932] (image_common) Command: {'cmd': ['/usr/bin/cmake', '--build', '/home/xavier/Developer/aquas-ROS-apriltags/build/image_common', '--', '-j4', '-l4'], 'cwd': '/home/xavier/Developer/aquas-ROS-apriltags/build/image_common', 'env': OrderedDict([('LESSOPEN', '| /usr/bin/lesspipe %s'), ('USER', 'xavier'), ('SSH_CLIENT', '10.207.19.97 56738 22'), ('XDG_SESSION_TYPE', 'tty'), ('SHLVL', '1'), ('LD_LIBRARY_PATH', '/home/xavier/Developer/aquas-ROS-apriltags/install/camera_info_manager/lib:/home/xavier/Developer/aquas-ROS-apriltags/install/image_transport/lib:/home/xavier/Developer/aquas-ROS-apriltags/install/camera_calibration_parsers/lib:/home/xavier/Developer/aquas-ROS-apriltags/install/apriltag_ros/lib:/home/xavier/Developer/aquas-ROS-apriltags/install/apriltag/lib:/opt/ros/humble/opt/rviz_ogre_vendor/lib:/opt/ros/humble/lib/aarch64-linux-gnu:/opt/ros/humble/lib'), ('MOTD_SHOWN', 'pam'), ('HOME', '/home/xavier'), ('OLDPWD', '/home/xavier/Developer'), ('SSH_TTY', '/dev/pts/0'), ('ROS_PYTHON_VERSION', '3'), ('DBUS_SESSION_BUS_ADDRESS', 'unix:path=/run/user/1002/bus'), ('COLCON_PREFIX_PATH', '/home/xavier/Developer/aquas-ROS-apriltags/install'), ('ROS_DISTRO', 'humble'), ('LOGNAME', 'xavier'), ('_', '/usr/bin/colcon'), ('ROS_VERSION', '2'), ('PKG_CONFIG_PATH', '/home/xavier/Developer/aquas-ROS-apriltags/install/apriltag/lib/aarch64-linux-gnu/pkgconfig:/home/xavier/Developer/aquas-ROS-apriltags/install/apriltag/lib/pkgconfig'), ('XDG_SESSION_CLASS', 'user'), ('TERM', 'xterm-kitty'), ('XDG_SESSION_ID', '18'), ('ROS_LOCALHOST_ONLY', '0'), ('PATH', '/home/xavier/Developer/aquas-ROS-apriltags/install/apriltag/bin:/opt/ros/humble/bin:/usr/local/sbin:/usr/local/bin:/usr/sbin:/usr/bin:/sbin:/bin:/usr/games:/usr/local/games:/snap/bin'), ('XDG_RUNTIME_DIR', '/run/user/1002'), ('LANG', 'en_US.UTF-8'), ('LS_COLORS', 'rs=0:di=01;34:ln=01;36:mh=00:pi=40;33:so=01;35:do=01;35:bd=40;33;01:cd=40;33;01:or=40;31;01:mi=00:su=37;41:sg=30;43:ca=30;41:tw=30;42:ow=34;42:st=37;44:ex=01;32:*.tar=01;31:*.tgz=01;31:*.arc=01;31:*.arj=01;31:*.taz=01;31:*.lha=01;31:*.lz4=01;31:*.lzh=01;31:*.lzma=01;31:*.tlz=01;31:*.txz=01;31:*.tzo=01;31:*.t7z=01;31:*.zip=01;31:*.z=01;31:*.dz=01;31:*.gz=01;31:*.lrz=01;31:*.lz=01;31:*.lzo=01;31:*.xz=01;31:*.zst=01;31:*.tzst=01;31:*.bz2=01;31:*.bz=01;31:*.tbz=01;31:*.tbz2=01;31:*.tz=01;31:*.deb=01;31:*.rpm=01;31:*.jar=01;31:*.war=01;31:*.ear=01;31:*.sar=01;31:*.rar=01;31:*.alz=01;31:*.ace=01;31:*.zoo=01;31:*.cpio=01;31:*.7z=01;31:*.rz=01;31:*.cab=01;31:*.wim=01;31:*.swm=01;31:*.dwm=01;31:*.esd=01;31:*.jpg=01;35:*.jpeg=01;35:*.mjpg=01;35:*.mjpeg=01;35:*.gif=01;35:*.bmp=01;35:*.pbm=01;35:*.pgm=01;35:*.ppm=01;35:*.tga=01;35:*.xbm=01;35:*.xpm=01;35:*.tif=01;35:*.tiff=01;35:*.png=01;35:*.svg=01;35:*.svgz=01;35:*.mng=01;35:*.pcx=01;35:*.mov=01;35:*.mpg=01;35:*.mpeg=01;35:*.m2v=01;35:*.mkv=01;35:*.webm=01;35:*.webp=01;35:*.ogm=01;35:*.mp4=01;35:*.m4v=01;35:*.mp4v=01;35:*.vob=01;35:*.qt=01;35:*.nuv=01;35:*.wmv=01;35:*.asf=01;35:*.rm=01;35:*.rmvb=01;35:*.flc=01;35:*.avi=01;35:*.fli=01;35:*.flv=01;35:*.gl=01;35:*.dl=01;35:*.xcf=01;35:*.xwd=01;35:*.yuv=01;35:*.cgm=01;35:*.emf=01;35:*.ogv=01;35:*.ogx=01;35:*.aac=00;36:*.au=00;36:*.flac=00;36:*.m4a=00;36:*.mid=00;36:*.midi=00;36:*.mka=00;36:*.mp3=00;36:*.mpc=00;36:*.ogg=00;36:*.ra=00;36:*.wav=00;36:*.oga=00;36:*.opus=00;36:*.spx=00;36:*.xspf=00;36:'), ('ROS_DOMAIN_ID', '101'), ('AMENT_PREFIX_PATH', '/home/xavier/Developer/aquas-ROS-apriltags/install/image_common:/home/xavier/Developer/aquas-ROS-apriltags/install/apriltag_ros:/home/xavier/Developer/aquas-ROS-apriltags/install/image_transport:/home/xavier/Developer/aquas-ROS-apriltags/install/camera_info_manager_py:/home/xavier/Developer/aquas-ROS-apriltags/install/camera_info_manager:/home/xavier/Developer/aquas-ROS-apriltags/install/camera_calibration_parsers:/home/xavier/Developer/aquas-ROS-apriltags/install/aquas_dock_align:/home/xavier/Developer/aquas-ROS-apriltags/install/aquas_camera_bringup:/home/xavier/Developer/aquas-ROS-apriltags/install/aquas_apriltag_bringup:/opt/ros/humble'), ('SHELL', '/bin/bash'), ('LESSCLOSE', '/usr/bin/lesspipe %s %s'), ('PWD', '/home/xavier/Developer/aquas-ROS-apriltags/build/image_common'), ('SSH_CONNECTION', '10.207.19.97 56738 10.207.26.163 22'), ('XDG_DATA_DIRS', '/usr/share/gnome:/usr/local/share:/usr/share:/var/lib/snapd/desktop'), ('PYTHONPATH', '/home/xavier/Developer/aquas-ROS-apriltags/build/dock_align:/home/xavier/Developer/aquas-ROS-apriltags/install/dock_align/lib/python3.10/site-packages:/home/xavier/Developer/aquas-ROS-apriltags/build/camera_info_manager_py:/home/xavier/Developer/aquas-ROS-apriltags/install/camera_info_manager_py/lib/python3.10/site-packages:/home/xavier/Developer/aquas-ROS-apriltags/build/camera_bringup:/home/xavier/Developer/aquas-ROS-apriltags/install/camera_bringup/lib/python3.10/site-packages:/home/xavier/Developer/aquas-ROS-apriltags/build/aquas_dock_align:/home/xavier/Developer/aquas-ROS-apriltags/install/aquas_dock_align/lib/python3.10/site-packages:/home/xavier/Developer/aquas-ROS-apriltags/build/aquas_camera_bringup:/home/xavier/Developer/aquas-ROS-apriltags/install/aquas_camera_bringup/lib/python3.10/site-packages:/home/xavier/Developer/aquas-ROS-apriltags/build/aquas_apriltag_bringup:/home/xavier/Developer/aquas-ROS-apriltags/install/aquas_apriltag_bringup/lib/python3.10/site-packages:/home/xavier/Developer/aquas-ROS-apriltags/build/apriltag_bringup:/home/xavier/Developer/aquas-ROS-apriltags/install/apriltag_bringup/lib/python3.10/site-packages:/home/xavier/Developer/aquas-ROS-apriltags/install/apriltag/lib/python3.10/site-packages:/opt/ros/humble/lib/python3.10/site-packages:/opt/ros/humble/local/lib/python3.10/dist-packages'), ('COLCON', '1'), ('CMAKE_PREFIX_PATH', '/home/xavier/Developer/aquas-ROS-apriltags/install/camera_info_manager:/home/xavier/Developer/aquas-ROS-apriltags/install/image_transport:/home/xavier/Developer/aquas-ROS-apriltags/install/camera_calibration_parsers:/home/xavier/Developer/aquas-ROS-apriltags/install/image_common:/home/xavier/Developer/aquas-ROS-apriltags/install/apriltag_ros:/home/xavier/Developer/aquas-ROS-apriltags/install/apriltag:/home/xavier/Developer/aquas-ROS-apriltags/install/camera_info_manager_py:/home/xavier/Developer/aquas-ROS-apriltags/install/aquas_dock_align:/home/xavier/Developer/aquas-ROS-apriltags/install/aquas_camera_bringup:/home/xavier/Developer/aquas-ROS-apriltags/install/aquas_apriltag_bringup:/opt/ros/humble')]), 'shell': False}
[36.019316] (-) TimerEvent: {}
[36.072667] (apriltag_ros) StdoutLine: {'line': b'-- Using all available rosidl_typesupport_cpp: rosidl_typesupport_fastrtps_cpp;rosidl_typesupport_introspection_cpp\n'}
[36.119551] (-) TimerEvent: {}
[36.185347] (image_common) StdoutLine: {'line': b'-- Found ament_cmake: 1.3.12 (/opt/ros/humble/share/ament_cmake/cmake)\n'}
[36.219740] (-) TimerEvent: {}
[36.286905] (apriltag_ros) StdoutLine: {'line': b'-- Found rmw_implementation_cmake: 6.1.2 (/opt/ros/humble/share/rmw_implementation_cmake/cmake)\n'}
[36.299013] (apriltag_ros) StdoutLine: {'line': b'-- Found rmw_fastrtps_cpp: 6.2.9 (/opt/ros/humble/share/rmw_fastrtps_cpp/cmake)\n'}
[36.320007] (-) TimerEvent: {}
[36.421110] (-) TimerEvent: {}
[36.522042] (-) TimerEvent: {}
[36.623208] (-) TimerEvent: {}
[36.691375] (aquas_dock_align) StdoutLine: {'line': b'running develop\n'}
[36.723520] (-) TimerEvent: {}
[36.824825] (-) TimerEvent: {}
[36.904130] (camera_info_manager_py) Command: {'cmd': ['/usr/bin/python3', '-W', 'ignore:setup.py install is deprecated', '-W', 'ignore:easy_install command is deprecated', 'setup.py', 'develop', '--editable', '--build-directory', '/home/xavier/Developer/aquas-ROS-apriltags/build/camera_info_manager_py/build', '--no-deps', 'symlink_data'], 'cwd': '/home/xavier/Developer/aquas-ROS-apriltags/build/camera_info_manager_py', 'env': {'LESSOPEN': '| /usr/bin/lesspipe %s', 'USER': 'xavier', 'SSH_CLIENT': '10.207.19.97 56738 22', 'XDG_SESSION_TYPE': 'tty', 'SHLVL': '1', 'LD_LIBRARY_PATH': '/home/xavier/Developer/aquas-ROS-apriltags/install/apriltag_ros/lib:/home/xavier/Developer/aquas-ROS-apriltags/install/image_transport/lib:/home/xavier/Developer/aquas-ROS-apriltags/install/camera_info_manager/lib:/home/xavier/Developer/aquas-ROS-apriltags/install/camera_calibration_parsers/lib:/home/xavier/Developer/aquas-ROS-apriltags/install/apriltag/lib:/opt/ros/humble/opt/rviz_ogre_vendor/lib:/opt/ros/humble/lib/aarch64-linux-gnu:/opt/ros/humble/lib', 'MOTD_SHOWN': 'pam', 'HOME': '/home/xavier', 'OLDPWD': '/home/xavier/Developer', 'SSH_TTY': '/dev/pts/0', 'ROS_PYTHON_VERSION': '3', 'DBUS_SESSION_BUS_ADDRESS': 'unix:path=/run/user/1002/bus', 'COLCON_PREFIX_PATH': '/home/xavier/Developer/aquas-ROS-apriltags/install', 'ROS_DISTRO': 'humble', 'LOGNAME': 'xavier', '_': '/usr/bin/colcon', 'ROS_VERSION': '2', 'PKG_CONFIG_PATH': '/home/xavier/Developer/aquas-ROS-apriltags/install/apriltag/lib/aarch64-linux-gnu/pkgconfig:/home/xavier/Developer/aquas-ROS-apriltags/install/apriltag/lib/pkgconfig', 'XDG_SESSION_CLASS': 'user', 'TERM': 'xterm-kitty', 'XDG_SESSION_ID': '18', 'ROS_LOCALHOST_ONLY': '0', 'PATH': '/home/xavier/Developer/aquas-ROS-apriltags/install/apriltag/bin:/opt/ros/humble/bin:/usr/local/sbin:/usr/local/bin:/usr/sbin:/usr/bin:/sbin:/bin:/usr/games:/usr/local/games:/snap/bin', 'XDG_RUNTIME_DIR': '/run/user/1002', 'LANG': 'en_US.UTF-8', 'LS_COLORS': 'rs=0:di=01;34:ln=01;36:mh=00:pi=40;33:so=01;35:do=01;35:bd=40;33;01:cd=40;33;01:or=40;31;01:mi=00:su=37;41:sg=30;43:ca=30;41:tw=30;42:ow=34;42:st=37;44:ex=01;32:*.tar=01;31:*.tgz=01;31:*.arc=01;31:*.arj=01;31:*.taz=01;31:*.lha=01;31:*.lz4=01;31:*.lzh=01;31:*.lzma=01;31:*.tlz=01;31:*.txz=01;31:*.tzo=01;31:*.t7z=01;31:*.zip=01;31:*.z=01;31:*.dz=01;31:*.gz=01;31:*.lrz=01;31:*.lz=01;31:*.lzo=01;31:*.xz=01;31:*.zst=01;31:*.tzst=01;31:*.bz2=01;31:*.bz=01;31:*.tbz=01;31:*.tbz2=01;31:*.tz=01;31:*.deb=01;31:*.rpm=01;31:*.jar=01;31:*.war=01;31:*.ear=01;31:*.sar=01;31:*.rar=01;31:*.alz=01;31:*.ace=01;31:*.zoo=01;31:*.cpio=01;31:*.7z=01;31:*.rz=01;31:*.cab=01;31:*.wim=01;31:*.swm=01;31:*.dwm=01;31:*.esd=01;31:*.jpg=01;35:*.jpeg=01;35:*.mjpg=01;35:*.mjpeg=01;35:*.gif=01;35:*.bmp=01;35:*.pbm=01;35:*.pgm=01;35:*.ppm=01;35:*.tga=01;35:*.xbm=01;35:*.xpm=01;35:*.tif=01;35:*.tiff=01;35:*.png=01;35:*.svg=01;35:*.svgz=01;35:*.mng=01;35:*.pcx=01;35:*.mov=01;35:*.mpg=01;35:*.mpeg=01;35:*.m2v=01;35:*.mkv=01;35:*.webm=01;35:*.webp=01;35:*.ogm=01;35:*.mp4=01;35:*.m4v=01;35:*.mp4v=01;35:*.vob=01;35:*.qt=01;35:*.nuv=01;35:*.wmv=01;35:*.asf=01;35:*.rm=01;35:*.rmvb=01;35:*.flc=01;35:*.avi=01;35:*.fli=01;35:*.flv=01;35:*.gl=01;35:*.dl=01;35:*.xcf=01;35:*.xwd=01;35:*.yuv=01;35:*.cgm=01;35:*.emf=01;35:*.ogv=01;35:*.ogx=01;35:*.aac=00;36:*.au=00;36:*.flac=00;36:*.m4a=00;36:*.mid=00;36:*.midi=00;36:*.mka=00;36:*.mp3=00;36:*.mpc=00;36:*.ogg=00;36:*.ra=00;36:*.wav=00;36:*.oga=00;36:*.opus=00;36:*.spx=00;36:*.xspf=00;36:', 'ROS_DOMAIN_ID': '101', 'AMENT_PREFIX_PATH': '/home/xavier/Developer/aquas-ROS-apriltags/install/image_common:/home/xavier/Developer/aquas-ROS-apriltags/install/apriltag_ros:/home/xavier/Developer/aquas-ROS-apriltags/install/image_transport:/home/xavier/Developer/aquas-ROS-apriltags/install/camera_info_manager_py:/home/xavier/Developer/aquas-ROS-apriltags/install/camera_info_manager:/home/xavier/Developer/aquas-ROS-apriltags/install/camera_calibration_parsers:/home/xavier/Developer/aquas-ROS-apriltags/install/aquas_dock_align:/home/xavier/Developer/aquas-ROS-apriltags/install/aquas_camera_bringup:/home/xavier/Developer/aquas-ROS-apriltags/install/aquas_apriltag_bringup:/opt/ros/humble', 'SHELL': '/bin/bash', 'LESSCLOSE': '/usr/bin/lesspipe %s %s', 'PWD': '/home/xavier/Developer/aquas-ROS-apriltags/build/camera_info_manager_py', 'SSH_CONNECTION': '10.207.19.97 56738 10.207.26.163 22', 'XDG_DATA_DIRS': '/usr/share/gnome:/usr/local/share:/usr/share:/var/lib/snapd/desktop', 'PYTHONPATH': '/home/xavier/Developer/aquas-ROS-apriltags/build/camera_info_manager_py/prefix_override:/usr/lib/python3/dist-packages/colcon_core/task/python/colcon_distutils_commands:/home/xavier/Developer/aquas-ROS-apriltags/install/camera_info_manager_py/lib/python3.10/site-packages:/home/xavier/Developer/aquas-ROS-apriltags/build/dock_align:/home/xavier/Developer/aquas-ROS-apriltags/install/dock_align/lib/python3.10/site-packages:/home/xavier/Developer/aquas-ROS-apriltags/build/camera_info_manager_py:/home/xavier/Developer/aquas-ROS-apriltags/install/camera_info_manager_py/lib/python3.10/site-packages:/home/xavier/Developer/aquas-ROS-apriltags/build/camera_bringup:/home/xavier/Developer/aquas-ROS-apriltags/install/camera_bringup/lib/python3.10/site-packages:/home/xavier/Developer/aquas-ROS-apriltags/build/aquas_dock_align:/home/xavier/Developer/aquas-ROS-apriltags/install/aquas_dock_align/lib/python3.10/site-packages:/home/xavier/Developer/aquas-ROS-apriltags/build/aquas_camera_bringup:/home/xavier/Developer/aquas-ROS-apriltags/install/aquas_camera_bringup/lib/python3.10/site-packages:/home/xavier/Developer/aquas-ROS-apriltags/build/aquas_apriltag_bringup:/home/xavier/Developer/aquas-ROS-apriltags/install/aquas_apriltag_bringup/lib/python3.10/site-packages:/home/xavier/Developer/aquas-ROS-apriltags/build/apriltag_bringup:/home/xavier/Developer/aquas-ROS-apriltags/install/apriltag_bringup/lib/python3.10/site-packages:/home/xavier/Developer/aquas-ROS-apriltags/install/apriltag/lib/python3.10/site-packages:/opt/ros/humble/lib/python3.10/site-packages:/opt/ros/humble/local/lib/python3.10/dist-packages', 'COLCON': '1', 'CMAKE_PREFIX_PATH': '/home/xavier/Developer/aquas-ROS-apriltags/install/image_common:/home/xavier/Developer/aquas-ROS-apriltags/install/apriltag_ros:/home/xavier/Developer/aquas-ROS-apriltags/install/image_transport:/home/xavier/Developer/aquas-ROS-apriltags/install/camera_info_manager:/home/xavier/Developer/aquas-ROS-apriltags/install/camera_calibration_parsers:/home/xavier/Developer/aquas-ROS-apriltags/install/apriltag'}, 'shell': False}
[36.925033] (-) TimerEvent: {}
[37.026061] (-) TimerEvent: {}
[37.127320] (-) TimerEvent: {}
[37.217606] (image_common) StdoutLine: {'line': b'-- Override CMake install command with custom implementation using symlinks instead of copying resources\n'}
[37.227467] (-) TimerEvent: {}
[37.278494] (image_common) StdoutLine: {'line': b'-- Found ament_lint_auto: 0.12.14 (/opt/ros/humble/share/ament_lint_auto/cmake)\n'}
[37.327648] (-) TimerEvent: {}
[37.429474] (-) TimerEvent: {}
[37.530349] (-) TimerEvent: {}
[37.631284] (-) TimerEvent: {}
[37.684845] (apriltag_ros) StdoutLine: {'line': b"-- Using RMW implementation 'rmw_fastrtps_cpp' as default\n"}
[37.731538] (-) TimerEvent: {}
[37.832463] (-) TimerEvent: {}
[37.855360] (image_common) StdoutLine: {'line': b"-- Added test 'copyright' to check source files copyright and LICENSE\n"}
[37.868516] (image_common) StdoutLine: {'line': b"-- Added test 'lint_cmake' to check CMake code style\n"}
[37.874857] (image_common) StdoutLine: {'line': b"-- Added test 'xmllint' to check XML markup files\n"}
[37.887823] (image_common) StdoutLine: {'line': b'-- Configuring done\n'}
[37.929969] (image_common) StdoutLine: {'line': b'-- Generating done\n'}
[37.932688] (-) TimerEvent: {}
[37.946882] (image_common) StdoutLine: {'line': b'-- Build files have been written to: /home/xavier/Developer/aquas-ROS-apriltags/build/image_common\n'}
[38.030757] (apriltag_ros) StdoutLine: {'line': b'-- Found rclcpp_components: 16.0.17 (/opt/ros/humble/share/rclcpp_components/cmake)\n'}
[38.032867] (-) TimerEvent: {}
[38.087821] (image_common) CommandEnded: {'returncode': 0}
[38.089595] (image_common) JobProgress: {'identifier': 'image_common', 'progress': 'install'}
[38.089864] (image_common) Command: {'cmd': ['/usr/bin/cmake', '--install', '/home/xavier/Developer/aquas-ROS-apriltags/build/image_common'], 'cwd': '/home/xavier/Developer/aquas-ROS-apriltags/build/image_common', 'env': OrderedDict([('LESSOPEN', '| /usr/bin/lesspipe %s'), ('USER', 'xavier'), ('SSH_CLIENT', '10.207.19.97 56738 22'), ('XDG_SESSION_TYPE', 'tty'), ('SHLVL', '1'), ('LD_LIBRARY_PATH', '/home/xavier/Developer/aquas-ROS-apriltags/install/camera_info_manager/lib:/home/xavier/Developer/aquas-ROS-apriltags/install/image_transport/lib:/home/xavier/Developer/aquas-ROS-apriltags/install/camera_calibration_parsers/lib:/home/xavier/Developer/aquas-ROS-apriltags/install/apriltag_ros/lib:/home/xavier/Developer/aquas-ROS-apriltags/install/apriltag/lib:/opt/ros/humble/opt/rviz_ogre_vendor/lib:/opt/ros/humble/lib/aarch64-linux-gnu:/opt/ros/humble/lib'), ('MOTD_SHOWN', 'pam'), ('HOME', '/home/xavier'), ('OLDPWD', '/home/xavier/Developer'), ('SSH_TTY', '/dev/pts/0'), ('ROS_PYTHON_VERSION', '3'), ('DBUS_SESSION_BUS_ADDRESS', 'unix:path=/run/user/1002/bus'), ('COLCON_PREFIX_PATH', '/home/xavier/Developer/aquas-ROS-apriltags/install'), ('ROS_DISTRO', 'humble'), ('LOGNAME', 'xavier'), ('_', '/usr/bin/colcon'), ('ROS_VERSION', '2'), ('PKG_CONFIG_PATH', '/home/xavier/Developer/aquas-ROS-apriltags/install/apriltag/lib/aarch64-linux-gnu/pkgconfig:/home/xavier/Developer/aquas-ROS-apriltags/install/apriltag/lib/pkgconfig'), ('XDG_SESSION_CLASS', 'user'), ('TERM', 'xterm-kitty'), ('XDG_SESSION_ID', '18'), ('ROS_LOCALHOST_ONLY', '0'), ('PATH', '/home/xavier/Developer/aquas-ROS-apriltags/install/apriltag/bin:/opt/ros/humble/bin:/usr/local/sbin:/usr/local/bin:/usr/sbin:/usr/bin:/sbin:/bin:/usr/games:/usr/local/games:/snap/bin'), ('XDG_RUNTIME_DIR', '/run/user/1002'), ('LANG', 'en_US.UTF-8'), ('LS_COLORS', 'rs=0:di=01;34:ln=01;36:mh=00:pi=40;33:so=01;35:do=01;35:bd=40;33;01:cd=40;33;01:or=40;31;01:mi=00:su=37;41:sg=30;43:ca=30;41:tw=30;42:ow=34;42:st=37;44:ex=01;32:*.tar=01;31:*.tgz=01;31:*.arc=01;31:*.arj=01;31:*.taz=01;31:*.lha=01;31:*.lz4=01;31:*.lzh=01;31:*.lzma=01;31:*.tlz=01;31:*.txz=01;31:*.tzo=01;31:*.t7z=01;31:*.zip=01;31:*.z=01;31:*.dz=01;31:*.gz=01;31:*.lrz=01;31:*.lz=01;31:*.lzo=01;31:*.xz=01;31:*.zst=01;31:*.tzst=01;31:*.bz2=01;31:*.bz=01;31:*.tbz=01;31:*.tbz2=01;31:*.tz=01;31:*.deb=01;31:*.rpm=01;31:*.jar=01;31:*.war=01;31:*.ear=01;31:*.sar=01;31:*.rar=01;31:*.alz=01;31:*.ace=01;31:*.zoo=01;31:*.cpio=01;31:*.7z=01;31:*.rz=01;31:*.cab=01;31:*.wim=01;31:*.swm=01;31:*.dwm=01;31:*.esd=01;31:*.jpg=01;35:*.jpeg=01;35:*.mjpg=01;35:*.mjpeg=01;35:*.gif=01;35:*.bmp=01;35:*.pbm=01;35:*.pgm=01;35:*.ppm=01;35:*.tga=01;35:*.xbm=01;35:*.xpm=01;35:*.tif=01;35:*.tiff=01;35:*.png=01;35:*.svg=01;35:*.svgz=01;35:*.mng=01;35:*.pcx=01;35:*.mov=01;35:*.mpg=01;35:*.mpeg=01;35:*.m2v=01;35:*.mkv=01;35:*.webm=01;35:*.webp=01;35:*.ogm=01;35:*.mp4=01;35:*.m4v=01;35:*.mp4v=01;35:*.vob=01;35:*.qt=01;35:*.nuv=01;35:*.wmv=01;35:*.asf=01;35:*.rm=01;35:*.rmvb=01;35:*.flc=01;35:*.avi=01;35:*.fli=01;35:*.flv=01;35:*.gl=01;35:*.dl=01;35:*.xcf=01;35:*.xwd=01;35:*.yuv=01;35:*.cgm=01;35:*.emf=01;35:*.ogv=01;35:*.ogx=01;35:*.aac=00;36:*.au=00;36:*.flac=00;36:*.m4a=00;36:*.mid=00;36:*.midi=00;36:*.mka=00;36:*.mp3=00;36:*.mpc=00;36:*.ogg=00;36:*.ra=00;36:*.wav=00;36:*.oga=00;36:*.opus=00;36:*.spx=00;36:*.xspf=00;36:'), ('ROS_DOMAIN_ID', '101'), ('AMENT_PREFIX_PATH', '/home/xavier/Developer/aquas-ROS-apriltags/install/image_common:/home/xavier/Developer/aquas-ROS-apriltags/install/apriltag_ros:/home/xavier/Developer/aquas-ROS-apriltags/install/image_transport:/home/xavier/Developer/aquas-ROS-apriltags/install/camera_info_manager_py:/home/xavier/Developer/aquas-ROS-apriltags/install/camera_info_manager:/home/xavier/Developer/aquas-ROS-apriltags/install/camera_calibration_parsers:/home/xavier/Developer/aquas-ROS-apriltags/install/aquas_dock_align:/home/xavier/Developer/aquas-ROS-apriltags/install/aquas_camera_bringup:/home/xavier/Developer/aquas-ROS-apriltags/install/aquas_apriltag_bringup:/opt/ros/humble'), ('SHELL', '/bin/bash'), ('LESSCLOSE', '/usr/bin/lesspipe %s %s'), ('PWD', '/home/xavier/Developer/aquas-ROS-apriltags/build/image_common'), ('SSH_CONNECTION', '10.207.19.97 56738 10.207.26.163 22'), ('XDG_DATA_DIRS', '/usr/share/gnome:/usr/local/share:/usr/share:/var/lib/snapd/desktop'), ('PYTHONPATH', '/home/xavier/Developer/aquas-ROS-apriltags/build/dock_align:/home/xavier/Developer/aquas-ROS-apriltags/install/dock_align/lib/python3.10/site-packages:/home/xavier/Developer/aquas-ROS-apriltags/build/camera_info_manager_py:/home/xavier/Developer/aquas-ROS-apriltags/install/camera_info_manager_py/lib/python3.10/site-packages:/home/xavier/Developer/aquas-ROS-apriltags/build/camera_bringup:/home/xavier/Developer/aquas-ROS-apriltags/install/camera_bringup/lib/python3.10/site-packages:/home/xavier/Developer/aquas-ROS-apriltags/build/aquas_dock_align:/home/xavier/Developer/aquas-ROS-apriltags/install/aquas_dock_align/lib/python3.10/site-packages:/home/xavier/Developer/aquas-ROS-apriltags/build/aquas_camera_bringup:/home/xavier/Developer/aquas-ROS-apriltags/install/aquas_camera_bringup/lib/python3.10/site-packages:/home/xavier/Developer/aquas-ROS-apriltags/build/aquas_apriltag_bringup:/home/xavier/Developer/aquas-ROS-apriltags/install/aquas_apriltag_bringup/lib/python3.10/site-packages:/home/xavier/Developer/aquas-ROS-apriltags/build/apriltag_bringup:/home/xavier/Developer/aquas-ROS-apriltags/install/apriltag_bringup/lib/python3.10/site-packages:/home/xavier/Developer/aquas-ROS-apriltags/install/apriltag/lib/python3.10/site-packages:/opt/ros/humble/lib/python3.10/site-packages:/opt/ros/humble/local/lib/python3.10/dist-packages'), ('COLCON', '1'), ('CMAKE_PREFIX_PATH', '/home/xavier/Developer/aquas-ROS-apriltags/install/camera_info_manager:/home/xavier/Developer/aquas-ROS-apriltags/install/image_transport:/home/xavier/Developer/aquas-ROS-apriltags/install/camera_calibration_parsers:/home/xavier/Developer/aquas-ROS-apriltags/install/image_common:/home/xavier/Developer/aquas-ROS-apriltags/install/apriltag_ros:/home/xavier/Developer/aquas-ROS-apriltags/install/apriltag:/home/xavier/Developer/aquas-ROS-apriltags/install/camera_info_manager_py:/home/xavier/Developer/aquas-ROS-apriltags/install/aquas_dock_align:/home/xavier/Developer/aquas-ROS-apriltags/install/aquas_camera_bringup:/home/xavier/Developer/aquas-ROS-apriltags/install/aquas_apriltag_bringup:/opt/ros/humble')]), 'shell': False}
[38.133091] (-) TimerEvent: {}
[38.150494] (image_common) StdoutLine: {'line': b'-- Install configuration: ""\n'}
[38.154011] (image_common) StdoutLine: {'line': b'-- Execute custom install script\n'}
[38.159915] (image_common) StdoutLine: {'line': b'-- Up-to-date symlink: /home/xavier/Developer/aquas-ROS-apriltags/install/image_common/share/ament_index/resource_index/package_run_dependencies/image_common\n'}
[38.165031] (image_common) StdoutLine: {'line': b'-- Up-to-date symlink: /home/xavier/Developer/aquas-ROS-apriltags/install/image_common/share/ament_index/resource_index/parent_prefix_path/image_common\n'}
[38.169846] (image_common) StdoutLine: {'line': b'-- Up-to-date symlink: /home/xavier/Developer/aquas-ROS-apriltags/install/image_common/share/image_common/environment/ament_prefix_path.sh\n'}
[38.173567] (image_common) StdoutLine: {'line': b'-- Up-to-date symlink: /home/xavier/Developer/aquas-ROS-apriltags/install/image_common/share/image_common/environment/ament_prefix_path.dsv\n'}
[38.177398] (image_common) StdoutLine: {'line': b'-- Up-to-date symlink: /home/xavier/Developer/aquas-ROS-apriltags/install/image_common/share/image_common/environment/path.sh\n'}
[38.181046] (image_common) StdoutLine: {'line': b'-- Up-to-date symlink: /home/xavier/Developer/aquas-ROS-apriltags/install/image_common/share/image_common/environment/path.dsv\n'}
[38.184641] (image_common) StdoutLine: {'line': b'-- Up-to-date symlink: /home/xavier/Developer/aquas-ROS-apriltags/install/image_common/share/image_common/local_setup.bash\n'}
[38.188448] (image_common) StdoutLine: {'line': b'-- Up-to-date symlink: /home/xavier/Developer/aquas-ROS-apriltags/install/image_common/share/image_common/local_setup.sh\n'}
[38.192003] (image_common) StdoutLine: {'line': b'-- Up-to-date symlink: /home/xavier/Developer/aquas-ROS-apriltags/install/image_common/share/image_common/local_setup.zsh\n'}
[38.194206] (apriltag_ros) StdoutLine: {'line': b'-- Found sensor_msgs: 4.9.0 (/opt/ros/humble/share/sensor_msgs/cmake)\n'}
[38.196811] (image_common) StdoutLine: {'line': b'-- Up-to-date symlink: /home/xavier/Developer/aquas-ROS-apriltags/install/image_common/share/image_common/local_setup.dsv\n'}
[38.199202] (image_common) StdoutLine: {'line': b'-- Symlinking: /home/xavier/Developer/aquas-ROS-apriltags/install/image_common/share/image_common/package.dsv\n'}
[38.233400] (-) TimerEvent: {}
[38.264610] (image_common) StdoutLine: {'line': b'-- Up-to-date symlink: /home/xavier/Developer/aquas-ROS-apriltags/install/image_common/share/ament_index/resource_index/packages/image_common\n'}
[38.269053] (image_common) StdoutLine: {'line': b'-- Up-to-date symlink: /home/xavier/Developer/aquas-ROS-apriltags/install/image_common/share/image_common/cmake/image_commonConfig.cmake\n'}
[38.272418] (image_common) StdoutLine: {'line': b'-- Up-to-date symlink: /home/xavier/Developer/aquas-ROS-apriltags/install/image_common/share/image_common/cmake/image_commonConfig-version.cmake\n'}
[38.275937] (image_common) StdoutLine: {'line': b'-- Up-to-date symlink: /home/xavier/Developer/aquas-ROS-apriltags/install/image_common/share/image_common/package.xml\n'}
[38.292620] (image_common) CommandEnded: {'returncode': 0}
[38.326932] (aquas_dock_align) StdoutLine: {'line': b'running egg_info\n'}
[38.327980] (aquas_dock_align) StdoutLine: {'line': b'writing aquas_dock_align.egg-info/PKG-INFO\n'}
[38.330460] (aquas_dock_align) StdoutLine: {'line': b'writing dependency_links to aquas_dock_align.egg-info/dependency_links.txt\n'}
[38.331517] (aquas_dock_align) StdoutLine: {'line': b'writing entry points to aquas_dock_align.egg-info/entry_points.txt\n'}
[38.333069] (aquas_dock_align) StdoutLine: {'line': b'writing requirements to aquas_dock_align.egg-info/requires.txt\n'}
[38.333774] (-) TimerEvent: {}
[38.334748] (aquas_dock_align) StdoutLine: {'line': b'writing top-level names to aquas_dock_align.egg-info/top_level.txt\n'}
[38.347504] (aquas_dock_align) StdoutLine: {'line': b"reading manifest file 'aquas_dock_align.egg-info/SOURCES.txt'\n"}
[38.353510] (aquas_dock_align) StdoutLine: {'line': b"writing manifest file 'aquas_dock_align.egg-info/SOURCES.txt'\n"}
[38.364272] (aquas_dock_align) StdoutLine: {'line': b'running build_ext\n'}
[38.365563] (aquas_dock_align) StdoutLine: {'line': b'Creating /home/xavier/Developer/aquas-ROS-apriltags/install/aquas_dock_align/lib/python3.10/site-packages/aquas-dock-align.egg-link (link to .)\n'}
[38.372009] (aquas_dock_align) StdoutLine: {'line': b'\n'}
[38.372831] (aquas_dock_align) StdoutLine: {'line': b'Installed /home/xavier/Developer/aquas-ROS-apriltags/build/aquas_dock_align\n'}
[38.373704] (aquas_dock_align) StdoutLine: {'line': b'running symlink_data\n'}
[38.385131] (apriltag_ros) StdoutLine: {'line': b'-- Found apriltag_msgs: 2.0.1 (/opt/ros/humble/share/apriltag_msgs/cmake)\n'}
[38.422934] (image_common) JobEnded: {'identifier': 'image_common', 'rc': 0}
[38.434091] (-) TimerEvent: {}
[38.517035] (apriltag_ros) StdoutLine: {'line': b'-- Found tf2_ros: 0.25.18 (/opt/ros/humble/share/tf2_ros/cmake)\n'}
[38.534292] (-) TimerEvent: {}
[38.572825] (aquas_dock_align) CommandEnded: {'returncode': 0}
[38.627971] (aquas_dock_align) JobEnded: {'identifier': 'aquas_dock_align', 'rc': 0}
[38.634443] (-) TimerEvent: {}
[38.735223] (-) TimerEvent: {}
[38.836025] (-) TimerEvent: {}
[38.936772] (-) TimerEvent: {}
[39.007906] (camera_info_manager_py) StdoutLine: {'line': b'running develop\n'}
[39.036985] (-) TimerEvent: {}
[39.072823] (apriltag_ros) StdoutLine: {'line': b'-- Found image_transport: 3.1.12 (/home/xavier/Developer/aquas-ROS-apriltags/install/image_transport/share/image_transport/cmake)\n'}
[39.137141] (-) TimerEvent: {}
[39.237837] (-) TimerEvent: {}
[39.338580] (-) TimerEvent: {}
[39.439354] (-) TimerEvent: {}
[39.540071] (-) TimerEvent: {}
[39.640867] (-) TimerEvent: {}
[39.741622] (-) TimerEvent: {}
[39.748814] (apriltag_ros) StdoutLine: {'line': b'-- Found cv_bridge: 3.2.1 (/opt/ros/humble/share/cv_bridge/cmake)\n'}
[39.841860] (-) TimerEvent: {}
[39.928717] (apriltag_ros) StdoutLine: {'line': b'-- Found ament_lint_auto: 0.12.14 (/opt/ros/humble/share/ament_lint_auto/cmake)\n'}
[39.942135] (-) TimerEvent: {}
[40.033297] (camera_info_manager_py) StdoutLine: {'line': b'running egg_info\n'}
[40.034255] (camera_info_manager_py) StdoutLine: {'line': b'writing camera_info_manager_py.egg-info/PKG-INFO\n'}
[40.035664] (camera_info_manager_py) StdoutLine: {'line': b'writing dependency_links to camera_info_manager_py.egg-info/dependency_links.txt\n'}
[40.036909] (camera_info_manager_py) StdoutLine: {'line': b'writing requirements to camera_info_manager_py.egg-info/requires.txt\n'}
[40.037652] (camera_info_manager_py) StdoutLine: {'line': b'writing top-level names to camera_info_manager_py.egg-info/top_level.txt\n'}
[40.042313] (-) TimerEvent: {}
[40.050588] (camera_info_manager_py) StdoutLine: {'line': b"reading manifest file 'camera_info_manager_py.egg-info/SOURCES.txt'\n"}
[40.055184] (camera_info_manager_py) StdoutLine: {'line': b"writing manifest file 'camera_info_manager_py.egg-info/SOURCES.txt'\n"}
[40.063865] (camera_info_manager_py) StdoutLine: {'line': b'running build_ext\n'}
[40.064888] (camera_info_manager_py) StdoutLine: {'line': b'Creating /home/xavier/Developer/aquas-ROS-apriltags/install/camera_info_manager_py/lib/python3.10/site-packages/camera-info-manager-py.egg-link (link to .)\n'}
[40.069643] (camera_info_manager_py) StdoutLine: {'line': b'\n'}
[40.070509] (camera_info_manager_py) StdoutLine: {'line': b'Installed /home/xavier/Developer/aquas-ROS-apriltags/build/camera_info_manager_py\n'}
[40.071025] (camera_info_manager_py) StdoutLine: {'line': b'running symlink_data\n'}
[40.142605] (-) TimerEvent: {}
[40.237951] (camera_info_manager_py) CommandEnded: {'returncode': 0}
[40.242762] (-) TimerEvent: {}
[40.295769] (camera_info_manager_py) JobEnded: {'identifier': 'camera_info_manager_py', 'rc': 0}
[40.342979] (-) TimerEvent: {}
[40.443775] (-) TimerEvent: {}
[40.544506] (-) TimerEvent: {}
[40.645287] (-) TimerEvent: {}
[40.719618] (apriltag_ros) StdoutLine: {'line': b"-- Added test 'clang_format' to check C / C++ code style\n"}
[40.745436] (-) TimerEvent: {}
[40.769521] (apriltag_ros) StdoutLine: {'line': b"-- Added test 'cppcheck' to perform static code analysis on C / C++ code\n"}
[40.770287] (apriltag_ros) StdoutLine: {'line': b'-- Configured cppcheck include dirs: \n'}
[40.770758] (apriltag_ros) StdoutLine: {'line': b'-- Configured cppcheck exclude dirs and/or files: \n'}
[40.781614] (apriltag_ros) StdoutLine: {'line': b'-- Configuring done\n'}
[40.845618] (-) TimerEvent: {}
[40.946372] (-) TimerEvent: {}
[40.977816] (apriltag_ros) StdoutLine: {'line': b'-- Generating done\n'}
[41.023094] (apriltag_ros) StdoutLine: {'line': b'-- Build files have been written to: /home/xavier/Developer/aquas-ROS-apriltags/build/apriltag_ros\n'}
[41.046646] (-) TimerEvent: {}
[41.147830] (-) TimerEvent: {}
[41.185073] (apriltag_ros) StdoutLine: {'line': b'\x1b[35m\x1b[1mConsolidate compiler generated dependencies of target tags\x1b[0m\n'}
[41.186969] (apriltag_ros) StdoutLine: {'line': b'\x1b[35m\x1b[1mConsolidate compiler generated dependencies of target conversion\x1b[0m\n'}
[41.191440] (apriltag_ros) StdoutLine: {'line': b'\x1b[35m\x1b[1mConsolidate compiler generated dependencies of target apriltag_node\x1b[0m\n'}
[41.248040] (-) TimerEvent: {}
[41.270209] (apriltag_ros) StdoutLine: {'line': b'[ 20%] Built target tags\n'}
[41.314758] (apriltag_ros) StdoutLine: {'line': b'[ 30%] \x1b[32mBuilding CXX object CMakeFiles/apriltag_node.dir/rclcpp_components/node_main_apriltag_node.cpp.o\x1b[0m\n'}
[41.325011] (apriltag_ros) StdoutLine: {'line': b'[ 50%] Built target conversion\n'}
[41.348320] (-) TimerEvent: {}
[41.407969] (apriltag_ros) StdoutLine: {'line': b'\x1b[35m\x1b[1mConsolidate compiler generated dependencies of target pose_estimation\x1b[0m\n'}
[41.448528] (-) TimerEvent: {}
[41.514297] (apriltag_ros) StdoutLine: {'line': b'[ 70%] Built target pose_estimation\n'}
[41.548810] (-) TimerEvent: {}
[41.593605] (apriltag_ros) StdoutLine: {'line': b'\x1b[35m\x1b[1mConsolidate compiler generated dependencies of target AprilTagNode\x1b[0m\n'}
[41.648994] (-) TimerEvent: {}
[41.739816] (apriltag_ros) StdoutLine: {'line': b'[ 80%] \x1b[32m\x1b[1mLinking CXX shared library libAprilTagNode.so\x1b[0m\n'}
[41.749190] (-) TimerEvent: {}
[41.850063] (-) TimerEvent: {}
[41.950898] (-) TimerEvent: {}
[42.051971] (-) TimerEvent: {}
[42.152827] (-) TimerEvent: {}
[42.253930] (-) TimerEvent: {}
[42.355742] (-) TimerEvent: {}
[42.457194] (-) TimerEvent: {}
[42.558624] (-) TimerEvent: {}
[42.660085] (-) TimerEvent: {}
[42.761999] (-) TimerEvent: {}
[42.863298] (-) TimerEvent: {}
[42.964580] (-) TimerEvent: {}
[43.065648] (-) TimerEvent: {}
[43.167247] (-) TimerEvent: {}
[43.268557] (-) TimerEvent: {}
[43.370118] (-) TimerEvent: {}
[43.471450] (-) TimerEvent: {}
[43.572460] (-) TimerEvent: {}
[43.673485] (-) TimerEvent: {}
[43.774431] (-) TimerEvent: {}
[43.875794] (-) TimerEvent: {}
[43.977062] (-) TimerEvent: {}
[44.077955] (-) TimerEvent: {}
[44.179412] (-) TimerEvent: {}
[44.281597] (-) TimerEvent: {}
[44.382453] (-) TimerEvent: {}
[44.483498] (-) TimerEvent: {}
[44.585179] (-) TimerEvent: {}
[44.686199] (-) TimerEvent: {}
[44.787816] (-) TimerEvent: {}
[44.888788] (-) TimerEvent: {}
[44.989672] (-) TimerEvent: {}
[45.090923] (-) TimerEvent: {}
[45.192137] (-) TimerEvent: {}
[45.293011] (-) TimerEvent: {}
[45.394420] (-) TimerEvent: {}
[45.495363] (-) TimerEvent: {}
[45.596645] (-) TimerEvent: {}
[45.698079] (-) TimerEvent: {}
[45.799094] (-) TimerEvent: {}
[45.872630] (apriltag_ros) StdoutLine: {'line': b'[ 90%] Built target AprilTagNode\n'}
[45.899394] (-) TimerEvent: {}
[46.000263] (-) TimerEvent: {}
[46.101116] (-) TimerEvent: {}
[46.201961] (-) TimerEvent: {}
[46.302841] (-) TimerEvent: {}
[46.403743] (-) TimerEvent: {}
[46.504528] (-) TimerEvent: {}
[46.605358] (-) TimerEvent: {}
[46.706153] (-) TimerEvent: {}
[46.806933] (-) TimerEvent: {}
[46.907788] (-) TimerEvent: {}
[47.008670] (-) TimerEvent: {}
[47.109557] (-) TimerEvent: {}
[47.210406] (-) TimerEvent: {}
[47.311317] (-) TimerEvent: {}
[47.412095] (-) TimerEvent: {}
[47.513085] (-) TimerEvent: {}
[47.614005] (-) TimerEvent: {}
[47.714814] (-) TimerEvent: {}
[47.815617] (-) TimerEvent: {}
[47.916410] (-) TimerEvent: {}
[48.017229] (-) TimerEvent: {}
[48.118062] (-) TimerEvent: {}
[48.218978] (-) TimerEvent: {}
[48.319865] (-) TimerEvent: {}
[48.420708] (-) TimerEvent: {}
[48.521679] (-) TimerEvent: {}
[48.622497] (-) TimerEvent: {}
[48.723293] (-) TimerEvent: {}
[48.824071] (-) TimerEvent: {}
[48.924900] (-) TimerEvent: {}
[49.025700] (-) TimerEvent: {}
[49.126979] (-) TimerEvent: {}
[49.227831] (-) TimerEvent: {}
[49.328625] (-) TimerEvent: {}
[49.429422] (-) TimerEvent: {}
[49.530284] (-) TimerEvent: {}
[49.631090] (-) TimerEvent: {}
[49.731916] (-) TimerEvent: {}
[49.832688] (-) TimerEvent: {}
[49.933561] (-) TimerEvent: {}
[50.034396] (-) TimerEvent: {}
[50.135260] (-) TimerEvent: {}
[50.236123] (-) TimerEvent: {}
[50.336938] (-) TimerEvent: {}
[50.437918] (-) TimerEvent: {}
[50.538882] (-) TimerEvent: {}
[50.639840] (-) TimerEvent: {}
[50.740679] (-) TimerEvent: {}
[50.841529] (-) TimerEvent: {}
[50.942584] (-) TimerEvent: {}
[51.043876] (-) TimerEvent: {}
[51.144697] (-) TimerEvent: {}
[51.245523] (-) TimerEvent: {}
[51.346411] (-) TimerEvent: {}
[51.447346] (-) TimerEvent: {}
[51.548178] (-) TimerEvent: {}
[51.648960] (-) TimerEvent: {}
[51.749885] (-) TimerEvent: {}
[51.851266] (-) TimerEvent: {}
[51.952196] (-) TimerEvent: {}
[52.054139] (-) TimerEvent: {}
[52.155179] (-) TimerEvent: {}
[52.256240] (-) TimerEvent: {}
[52.357247] (-) TimerEvent: {}
[52.458182] (-) TimerEvent: {}
[52.559296] (-) TimerEvent: {}
[52.660074] (-) TimerEvent: {}
[52.760878] (-) TimerEvent: {}
[52.861704] (-) TimerEvent: {}
[52.962482] (-) TimerEvent: {}
[53.063340] (-) TimerEvent: {}
[53.164257] (-) TimerEvent: {}
[53.265280] (-) TimerEvent: {}
[53.366241] (-) TimerEvent: {}
[53.467304] (-) TimerEvent: {}
[53.568107] (-) TimerEvent: {}
[53.668937] (-) TimerEvent: {}
[53.769731] (-) TimerEvent: {}
[53.870525] (-) TimerEvent: {}
[53.971324] (-) TimerEvent: {}
[54.072199] (-) TimerEvent: {}
[54.191378] (-) TimerEvent: {}
[54.292197] (-) TimerEvent: {}
[54.393050] (-) TimerEvent: {}
[54.493849] (-) TimerEvent: {}
[54.594622] (-) TimerEvent: {}
[54.695451] (-) TimerEvent: {}
[54.796236] (-) TimerEvent: {}
[54.897072] (-) TimerEvent: {}
[54.997860] (-) TimerEvent: {}
[55.098686] (-) TimerEvent: {}
[55.199501] (-) TimerEvent: {}
[55.300311] (-) TimerEvent: {}
[55.401139] (-) TimerEvent: {}
[55.501894] (-) TimerEvent: {}
[55.602806] (-) TimerEvent: {}
[55.703771] (-) TimerEvent: {}
[55.804547] (-) TimerEvent: {}
[55.905330] (-) TimerEvent: {}
[56.006121] (-) TimerEvent: {}
[56.106968] (-) TimerEvent: {}
[56.207804] (-) TimerEvent: {}
[56.308622] (-) TimerEvent: {}
[56.409434] (-) TimerEvent: {}
[56.510237] (-) TimerEvent: {}
[56.611166] (-) TimerEvent: {}
[56.712016] (-) TimerEvent: {}
[56.812851] (-) TimerEvent: {}
[56.913629] (-) TimerEvent: {}
[57.014554] (-) TimerEvent: {}
[57.115318] (-) TimerEvent: {}
[57.216127] (-) TimerEvent: {}
[57.317103] (-) TimerEvent: {}
[57.418159] (-) TimerEvent: {}
[57.518953] (-) TimerEvent: {}
[57.619829] (-) TimerEvent: {}
[57.720838] (-) TimerEvent: {}
[57.821649] (-) TimerEvent: {}
[57.922411] (-) TimerEvent: {}
[58.023250] (-) TimerEvent: {}
[58.124200] (-) TimerEvent: {}
[58.225030] (-) TimerEvent: {}
[58.325804] (-) TimerEvent: {}
[58.426675] (-) TimerEvent: {}
[58.527447] (-) TimerEvent: {}
[58.628234] (-) TimerEvent: {}
[58.728989] (-) TimerEvent: {}
[58.730338] (apriltag_ros) StdoutLine: {'line': b'[100%] \x1b[32m\x1b[1mLinking CXX executable apriltag_node\x1b[0m\n'}
[58.829176] (-) TimerEvent: {}
[58.930075] (-) TimerEvent: {}
[59.031280] (-) TimerEvent: {}
[59.132316] (-) TimerEvent: {}
[59.233467] (-) TimerEvent: {}
[59.334378] (-) TimerEvent: {}
[59.435276] (-) TimerEvent: {}
[59.500421] (apriltag_ros) StdoutLine: {'line': b'[100%] Built target apriltag_node\n'}
[59.535492] (-) TimerEvent: {}
[59.559652] (apriltag_ros) CommandEnded: {'returncode': 0}
[59.567208] (apriltag_ros) JobProgress: {'identifier': 'apriltag_ros', 'progress': 'install'}
[59.577480] (apriltag_ros) Command: {'cmd': ['/usr/bin/cmake', '--install', '/home/xavier/Developer/aquas-ROS-apriltags/build/apriltag_ros'], 'cwd': '/home/xavier/Developer/aquas-ROS-apriltags/build/apriltag_ros', 'env': OrderedDict([('LESSOPEN', '| /usr/bin/lesspipe %s'), ('USER', 'xavier'), ('SSH_CLIENT', '10.207.19.97 56738 22'), ('XDG_SESSION_TYPE', 'tty'), ('SHLVL', '1'), ('LD_LIBRARY_PATH', '/home/xavier/Developer/aquas-ROS-apriltags/install/image_transport/lib:/home/xavier/Developer/aquas-ROS-apriltags/install/apriltag/lib:/home/xavier/Developer/aquas-ROS-apriltags/install/apriltag_ros/lib:/home/xavier/Developer/aquas-ROS-apriltags/install/camera_info_manager/lib:/home/xavier/Developer/aquas-ROS-apriltags/install/camera_calibration_parsers/lib:/opt/ros/humble/opt/rviz_ogre_vendor/lib:/opt/ros/humble/lib/aarch64-linux-gnu:/opt/ros/humble/lib'), ('MOTD_SHOWN', 'pam'), ('HOME', '/home/xavier'), ('OLDPWD', '/home/xavier/Developer'), ('SSH_TTY', '/dev/pts/0'), ('ROS_PYTHON_VERSION', '3'), ('DBUS_SESSION_BUS_ADDRESS', 'unix:path=/run/user/1002/bus'), ('COLCON_PREFIX_PATH', '/home/xavier/Developer/aquas-ROS-apriltags/install'), ('ROS_DISTRO', 'humble'), ('LOGNAME', 'xavier'), ('_', '/usr/bin/colcon'), ('ROS_VERSION', '2'), ('PKG_CONFIG_PATH', '/home/xavier/Developer/aquas-ROS-apriltags/install/apriltag/lib/aarch64-linux-gnu/pkgconfig:/home/xavier/Developer/aquas-ROS-apriltags/install/apriltag/lib/pkgconfig'), ('XDG_SESSION_CLASS', 'user'), ('TERM', 'xterm-kitty'), ('XDG_SESSION_ID', '18'), ('ROS_LOCALHOST_ONLY', '0'), ('PATH', '/home/xavier/Developer/aquas-ROS-apriltags/install/apriltag/bin:/opt/ros/humble/bin:/usr/local/sbin:/usr/local/bin:/usr/sbin:/usr/bin:/sbin:/bin:/usr/games:/usr/local/games:/snap/bin'), ('XDG_RUNTIME_DIR', '/run/user/1002'), ('LANG', 'en_US.UTF-8'), ('LS_COLORS', 'rs=0:di=01;34:ln=01;36:mh=00:pi=40;33:so=01;35:do=01;35:bd=40;33;01:cd=40;33;01:or=40;31;01:mi=00:su=37;41:sg=30;43:ca=30;41:tw=30;42:ow=34;42:st=37;44:ex=01;32:*.tar=01;31:*.tgz=01;31:*.arc=01;31:*.arj=01;31:*.taz=01;31:*.lha=01;31:*.lz4=01;31:*.lzh=01;31:*.lzma=01;31:*.tlz=01;31:*.txz=01;31:*.tzo=01;31:*.t7z=01;31:*.zip=01;31:*.z=01;31:*.dz=01;31:*.gz=01;31:*.lrz=01;31:*.lz=01;31:*.lzo=01;31:*.xz=01;31:*.zst=01;31:*.tzst=01;31:*.bz2=01;31:*.bz=01;31:*.tbz=01;31:*.tbz2=01;31:*.tz=01;31:*.deb=01;31:*.rpm=01;31:*.jar=01;31:*.war=01;31:*.ear=01;31:*.sar=01;31:*.rar=01;31:*.alz=01;31:*.ace=01;31:*.zoo=01;31:*.cpio=01;31:*.7z=01;31:*.rz=01;31:*.cab=01;31:*.wim=01;31:*.swm=01;31:*.dwm=01;31:*.esd=01;31:*.jpg=01;35:*.jpeg=01;35:*.mjpg=01;35:*.mjpeg=01;35:*.gif=01;35:*.bmp=01;35:*.pbm=01;35:*.pgm=01;35:*.ppm=01;35:*.tga=01;35:*.xbm=01;35:*.xpm=01;35:*.tif=01;35:*.tiff=01;35:*.png=01;35:*.svg=01;35:*.svgz=01;35:*.mng=01;35:*.pcx=01;35:*.mov=01;35:*.mpg=01;35:*.mpeg=01;35:*.m2v=01;35:*.mkv=01;35:*.webm=01;35:*.webp=01;35:*.ogm=01;35:*.mp4=01;35:*.m4v=01;35:*.mp4v=01;35:*.vob=01;35:*.qt=01;35:*.nuv=01;35:*.wmv=01;35:*.asf=01;35:*.rm=01;35:*.rmvb=01;35:*.flc=01;35:*.avi=01;35:*.fli=01;35:*.flv=01;35:*.gl=01;35:*.dl=01;35:*.xcf=01;35:*.xwd=01;35:*.yuv=01;35:*.cgm=01;35:*.emf=01;35:*.ogv=01;35:*.ogx=01;35:*.aac=00;36:*.au=00;36:*.flac=00;36:*.m4a=00;36:*.mid=00;36:*.midi=00;36:*.mka=00;36:*.mp3=00;36:*.mpc=00;36:*.ogg=00;36:*.ra=00;36:*.wav=00;36:*.oga=00;36:*.opus=00;36:*.spx=00;36:*.xspf=00;36:'), ('ROS_DOMAIN_ID', '101'), ('AMENT_PREFIX_PATH', '/home/xavier/Developer/aquas-ROS-apriltags/install/image_common:/home/xavier/Developer/aquas-ROS-apriltags/install/apriltag_ros:/home/xavier/Developer/aquas-ROS-apriltags/install/image_transport:/home/xavier/Developer/aquas-ROS-apriltags/install/camera_info_manager_py:/home/xavier/Developer/aquas-ROS-apriltags/install/camera_info_manager:/home/xavier/Developer/aquas-ROS-apriltags/install/camera_calibration_parsers:/home/xavier/Developer/aquas-ROS-apriltags/install/aquas_dock_align:/home/xavier/Developer/aquas-ROS-apriltags/install/aquas_camera_bringup:/home/xavier/Developer/aquas-ROS-apriltags/install/aquas_apriltag_bringup:/opt/ros/humble'), ('SHELL', '/bin/bash'), ('LESSCLOSE', '/usr/bin/lesspipe %s %s'), ('PWD', '/home/xavier/Developer/aquas-ROS-apriltags/build/apriltag_ros'), ('SSH_CONNECTION', '10.207.19.97 56738 10.207.26.163 22'), ('XDG_DATA_DIRS', '/usr/share/gnome:/usr/local/share:/usr/share:/var/lib/snapd/desktop'), ('PYTHONPATH', '/home/xavier/Developer/aquas-ROS-apriltags/install/apriltag/lib/python3.10/site-packages:/home/xavier/Developer/aquas-ROS-apriltags/build/dock_align:/home/xavier/Developer/aquas-ROS-apriltags/install/dock_align/lib/python3.10/site-packages:/home/xavier/Developer/aquas-ROS-apriltags/build/camera_info_manager_py:/home/xavier/Developer/aquas-ROS-apriltags/install/camera_info_manager_py/lib/python3.10/site-packages:/home/xavier/Developer/aquas-ROS-apriltags/build/camera_bringup:/home/xavier/Developer/aquas-ROS-apriltags/install/camera_bringup/lib/python3.10/site-packages:/home/xavier/Developer/aquas-ROS-apriltags/build/aquas_dock_align:/home/xavier/Developer/aquas-ROS-apriltags/install/aquas_dock_align/lib/python3.10/site-packages:/home/xavier/Developer/aquas-ROS-apriltags/build/aquas_camera_bringup:/home/xavier/Developer/aquas-ROS-apriltags/install/aquas_camera_bringup/lib/python3.10/site-packages:/home/xavier/Developer/aquas-ROS-apriltags/build/aquas_apriltag_bringup:/home/xavier/Developer/aquas-ROS-apriltags/install/aquas_apriltag_bringup/lib/python3.10/site-packages:/home/xavier/Developer/aquas-ROS-apriltags/build/apriltag_bringup:/home/xavier/Developer/aquas-ROS-apriltags/install/apriltag_bringup/lib/python3.10/site-packages:/opt/ros/humble/lib/python3.10/site-packages:/opt/ros/humble/local/lib/python3.10/dist-packages'), ('COLCON', '1'), ('CMAKE_PREFIX_PATH', '/home/xavier/Developer/aquas-ROS-apriltags/install/image_transport:/home/xavier/Developer/aquas-ROS-apriltags/install/apriltag:/home/xavier/Developer/aquas-ROS-apriltags/install/image_common:/home/xavier/Developer/aquas-ROS-apriltags/install/apriltag_ros:/home/xavier/Developer/aquas-ROS-apriltags/install/camera_info_manager:/home/xavier/Developer/aquas-ROS-apriltags/install/camera_calibration_parsers:/home/xavier/Developer/aquas-ROS-apriltags/install/camera_info_manager_py:/home/xavier/Developer/aquas-ROS-apriltags/install/aquas_dock_align:/home/xavier/Developer/aquas-ROS-apriltags/install/aquas_camera_bringup:/home/xavier/Developer/aquas-ROS-apriltags/install/aquas_apriltag_bringup:/opt/ros/humble')]), 'shell': False}
[59.618458] (apriltag_ros) StdoutLine: {'line': b'-- Install configuration: ""\n'}
[59.623653] (apriltag_ros) StdoutLine: {'line': b'-- Execute custom install script\n'}
[59.627371] (apriltag_ros) StdoutLine: {'line': b'-- Up-to-date symlink: /home/xavier/Developer/aquas-ROS-apriltags/install/apriltag_ros/lib/apriltag_ros/apriltag_node\n'}
[59.630808] (apriltag_ros) StdoutLine: {'line': b'-- Up-to-date symlink: /home/xavier/Developer/aquas-ROS-apriltags/install/apriltag_ros/share/apriltag_ros/environment/library_path.sh\n'}
[59.633036] (apriltag_ros) StdoutLine: {'line': b'-- Up-to-date symlink: /home/xavier/Developer/aquas-ROS-apriltags/install/apriltag_ros/share/apriltag_ros/environment/library_path.dsv\n'}
[59.635631] (-) TimerEvent: {}
[59.636338] (apriltag_ros) StdoutLine: {'line': b'-- Up-to-date symlink: /home/xavier/Developer/aquas-ROS-apriltags/install/apriltag_ros/lib/libAprilTagNode.so\n'}
[59.640099] (apriltag_ros) StdoutLine: {'line': b'-- Up-to-date symlink: /home/xavier/Developer/aquas-ROS-apriltags/install/apriltag_ros/share/apriltag_ros/cfg/tags_36h11.yaml\n'}
[59.643543] (apriltag_ros) StdoutLine: {'line': b'-- Up-to-date symlink: /home/xavier/Developer/aquas-ROS-apriltags/install/apriltag_ros/share/apriltag_ros/launch/camera_36h11.launch.yml\n'}
[59.646665] (apriltag_ros) StdoutLine: {'line': b'-- Up-to-date symlink: /home/xavier/Developer/aquas-ROS-apriltags/install/apriltag_ros/share/ament_index/resource_index/package_run_dependencies/apriltag_ros\n'}
[59.649613] (apriltag_ros) StdoutLine: {'line': b'-- Up-to-date symlink: /home/xavier/Developer/aquas-ROS-apriltags/install/apriltag_ros/share/ament_index/resource_index/parent_prefix_path/apriltag_ros\n'}
[59.651736] (apriltag_ros) StdoutLine: {'line': b'-- Up-to-date symlink: /home/xavier/Developer/aquas-ROS-apriltags/install/apriltag_ros/share/apriltag_ros/environment/ament_prefix_path.sh\n'}
[59.653747] (apriltag_ros) StdoutLine: {'line': b'-- Up-to-date symlink: /home/xavier/Developer/aquas-ROS-apriltags/install/apriltag_ros/share/apriltag_ros/environment/ament_prefix_path.dsv\n'}
[59.655780] (apriltag_ros) StdoutLine: {'line': b'-- Up-to-date symlink: /home/xavier/Developer/aquas-ROS-apriltags/install/apriltag_ros/share/apriltag_ros/environment/path.sh\n'}
[59.657760] (apriltag_ros) StdoutLine: {'line': b'-- Up-to-date symlink: /home/xavier/Developer/aquas-ROS-apriltags/install/apriltag_ros/share/apriltag_ros/environment/path.dsv\n'}
[59.659825] (apriltag_ros) StdoutLine: {'line': b'-- Up-to-date symlink: /home/xavier/Developer/aquas-ROS-apriltags/install/apriltag_ros/share/apriltag_ros/local_setup.bash\n'}
[59.661769] (apriltag_ros) StdoutLine: {'line': b'-- Up-to-date symlink: /home/xavier/Developer/aquas-ROS-apriltags/install/apriltag_ros/share/apriltag_ros/local_setup.sh\n'}
[59.663792] (apriltag_ros) StdoutLine: {'line': b'-- Up-to-date symlink: /home/xavier/Developer/aquas-ROS-apriltags/install/apriltag_ros/share/apriltag_ros/local_setup.zsh\n'}
[59.665713] (apriltag_ros) StdoutLine: {'line': b'-- Up-to-date symlink: /home/xavier/Developer/aquas-ROS-apriltags/install/apriltag_ros/share/apriltag_ros/local_setup.dsv\n'}
[59.666501] (apriltag_ros) StdoutLine: {'line': b'-- Symlinking: /home/xavier/Developer/aquas-ROS-apriltags/install/apriltag_ros/share/apriltag_ros/package.dsv\n'}
[59.717628] (apriltag_ros) StdoutLine: {'line': b'-- Up-to-date symlink: /home/xavier/Developer/aquas-ROS-apriltags/install/apriltag_ros/share/ament_index/resource_index/packages/apriltag_ros\n'}
[59.720315] (apriltag_ros) StdoutLine: {'line': b'-- Up-to-date symlink: /home/xavier/Developer/aquas-ROS-apriltags/install/apriltag_ros/share/ament_index/resource_index/rclcpp_components/apriltag_ros\n'}
[59.722698] (apriltag_ros) StdoutLine: {'line': b'-- Up-to-date symlink: /home/xavier/Developer/aquas-ROS-apriltags/install/apriltag_ros/share/apriltag_ros/cmake/apriltag_rosConfig.cmake\n'}
[59.724486] (apriltag_ros) StdoutLine: {'line': b'-- Up-to-date symlink: /home/xavier/Developer/aquas-ROS-apriltags/install/apriltag_ros/share/apriltag_ros/cmake/apriltag_rosConfig-version.cmake\n'}
[59.726298] (apriltag_ros) StdoutLine: {'line': b'-- Up-to-date symlink: /home/xavier/Developer/aquas-ROS-apriltags/install/apriltag_ros/share/apriltag_ros/package.xml\n'}
[59.733996] (apriltag_ros) CommandEnded: {'returncode': 0}
[59.738730] (-) TimerEvent: {}
[59.837244] (apriltag_ros) JobEnded: {'identifier': 'apriltag_ros', 'rc': 0}
[59.843544] (-) TimerEvent: {}
[59.844021] (-) EventReactorShutdown: {}
