[0.574s] DEBUG:colcon:Command line arguments: ['/usr/bin/colcon', 'build', '--symlink-install']
[0.574s] DEBUG:colcon:Parsed command line arguments: Namespace(log_base=None, log_level=None, verb_name='build', build_base='build', install_base='install', merge_install=False, symlink_install=True, test_result_base=None, continue_on_error=False, executor='parallel', parallel_workers=4, event_handlers=None, ignore_user_meta=False, metas=['./colcon.meta'], base_paths=['.'], packages_ignore=None, packages_ignore_regex=None, paths=None, packages_up_to=None, packages_up_to_regex=None, packages_above=None, packages_above_and_dependencies=None, packages_above_depth=None, packages_select_by_dep=None, packages_skip_by_dep=None, packages_skip_up_to=None, packages_select_build_failed=False, packages_skip_build_finished=False, packages_select_test_failures=False, packages_skip_test_passed=False, packages_select=None, packages_skip=None, packages_select_regex=None, packages_skip_regex=None, packages_start=None, packages_end=None, allow_overriding=[], cmake_args=None, cmake_target=None, cmake_target_skip_unavailable=False, cmake_clean_cache=False, cmake_clean_first=False, cmake_force_configure=False, ament_cmake_args=None, catkin_cmake_args=None, catkin_skip_building_tests=False, verb_parser=<colcon_defaults.argument_parser.defaults.DefaultArgumentsDecorator object at 0xffff99abdb10>, verb_extension=<colcon_core.verb.build.BuildVerb object at 0xffff99c5afe0>, main=<bound method BuildVerb.main of <colcon_core.verb.build.BuildVerb object at 0xffff99c5afe0>>)
[1.540s] Level 1:colcon.colcon_core.package_discovery:discover_packages(colcon_meta) check parameters
[1.541s] Level 1:colcon.colcon_core.package_discovery:discover_packages(recursive) check parameters
[1.541s] Level 1:colcon.colcon_core.package_discovery:discover_packages(ignore) check parameters
[1.541s] Level 1:colcon.colcon_core.package_discovery:discover_packages(path) check parameters
[1.541s] Level 1:colcon.colcon_core.package_discovery:discover_packages(colcon_meta) discover
[1.541s] Level 1:colcon.colcon_core.package_discovery:discover_packages(recursive) discover
[1.541s] INFO:colcon.colcon_core.package_discovery:Crawling recursively for packages in '/home/xavier/Developer/aquas-ROS-apriltags'
[1.542s] Level 1:colcon.colcon_core.package_identification:_identify(.) by extensions ['ignore', 'ignore_ament_install']
[1.542s] Level 1:colcon.colcon_core.package_identification:_identify(.) by extension 'ignore'
[1.543s] Level 1:colcon.colcon_core.package_identification:_identify(.) by extension 'ignore_ament_install'
[1.543s] Level 1:colcon.colcon_core.package_identification:_identify(.) by extensions ['colcon_pkg']
[1.543s] Level 1:colcon.colcon_core.package_identification:_identify(.) by extension 'colcon_pkg'
[1.543s] Level 1:colcon.colcon_core.package_identification:_identify(.) by extensions ['colcon_meta']
[1.543s] Level 1:colcon.colcon_core.package_identification:_identify(.) by extension 'colcon_meta'
[1.543s] Level 1:colcon.colcon_core.package_identification:_identify(.) by extensions ['ros']
[1.544s] Level 1:colcon.colcon_core.package_identification:_identify(.) by extension 'ros'
[1.599s] Level 1:colcon.colcon_core.package_identification:_identify(.) by extensions ['cmake', 'python']
[1.599s] Level 1:colcon.colcon_core.package_identification:_identify(.) by extension 'cmake'
[1.599s] Level 1:colcon.colcon_core.package_identification:_identify(.) by extension 'python'
[1.600s] Level 1:colcon.colcon_core.package_identification:_identify(.) by extensions ['python_setup_py']
[1.600s] Level 1:colcon.colcon_core.package_identification:_identify(.) by extension 'python_setup_py'
[1.601s] Level 1:colcon.colcon_core.package_identification:_identify(build) by extensions ['ignore', 'ignore_ament_install']
[1.601s] Level 1:colcon.colcon_core.package_identification:_identify(build) by extension 'ignore'
[1.601s] Level 1:colcon.colcon_core.package_identification:_identify(build) ignored
[1.602s] Level 1:colcon.colcon_core.package_identification:_identify(install) by extensions ['ignore', 'ignore_ament_install']
[1.602s] Level 1:colcon.colcon_core.package_identification:_identify(install) by extension 'ignore'
[1.603s] Level 1:colcon.colcon_core.package_identification:_identify(install) ignored
[1.603s] Level 1:colcon.colcon_core.package_identification:_identify(log) by extensions ['ignore', 'ignore_ament_install']
[1.604s] Level 1:colcon.colcon_core.package_identification:_identify(log) by extension 'ignore'
[1.604s] Level 1:colcon.colcon_core.package_identification:_identify(log) ignored
[1.604s] Level 1:colcon.colcon_core.package_identification:_identify(src) by extensions ['ignore', 'ignore_ament_install']
[1.605s] Level 1:colcon.colcon_core.package_identification:_identify(src) by extension 'ignore'
[1.605s] Level 1:colcon.colcon_core.package_identification:_identify(src) by extension 'ignore_ament_install'
[1.605s] Level 1:colcon.colcon_core.package_identification:_identify(src) by extensions ['colcon_pkg']
[1.605s] Level 1:colcon.colcon_core.package_identification:_identify(src) by extension 'colcon_pkg'
[1.606s] Level 1:colcon.colcon_core.package_identification:_identify(src) by extensions ['colcon_meta']
[1.606s] Level 1:colcon.colcon_core.package_identification:_identify(src) by extension 'colcon_meta'
[1.606s] Level 1:colcon.colcon_core.package_identification:_identify(src) by extensions ['ros']
[1.606s] Level 1:colcon.colcon_core.package_identification:_identify(src) by extension 'ros'
[1.606s] Level 1:colcon.colcon_core.package_identification:_identify(src) by extensions ['cmake', 'python']
[1.606s] Level 1:colcon.colcon_core.package_identification:_identify(src) by extension 'cmake'
[1.607s] Level 1:colcon.colcon_core.package_identification:_identify(src) by extension 'python'
[1.607s] Level 1:colcon.colcon_core.package_identification:_identify(src) by extensions ['python_setup_py']
[1.607s] Level 1:colcon.colcon_core.package_identification:_identify(src) by extension 'python_setup_py'
[1.608s] Level 1:colcon.colcon_core.package_identification:_identify(src/apriltag) by extensions ['ignore', 'ignore_ament_install']
[1.608s] Level 1:colcon.colcon_core.package_identification:_identify(src/apriltag) by extension 'ignore'
[1.609s] Level 1:colcon.colcon_core.package_identification:_identify(src/apriltag) by extension 'ignore_ament_install'
[1.609s] Level 1:colcon.colcon_core.package_identification:_identify(src/apriltag) by extensions ['colcon_pkg']
[1.609s] Level 1:colcon.colcon_core.package_identification:_identify(src/apriltag) by extension 'colcon_pkg'
[1.609s] Level 1:colcon.colcon_core.package_identification:_identify(src/apriltag) by extensions ['colcon_meta']
[1.609s] Level 1:colcon.colcon_core.package_identification:_identify(src/apriltag) by extension 'colcon_meta'
[1.610s] Level 1:colcon.colcon_core.package_identification:_identify(src/apriltag) by extensions ['ros']
[1.610s] Level 1:colcon.colcon_core.package_identification:_identify(src/apriltag) by extension 'ros'
[1.629s] DEBUG:colcon.colcon_core.package_identification:Package 'src/apriltag' with type 'ros.cmake' and name 'apriltag'
[1.629s] Level 1:colcon.colcon_core.package_identification:_identify(src/apriltag_ros) by extensions ['ignore', 'ignore_ament_install']
[1.630s] Level 1:colcon.colcon_core.package_identification:_identify(src/apriltag_ros) by extension 'ignore'
[1.630s] Level 1:colcon.colcon_core.package_identification:_identify(src/apriltag_ros) by extension 'ignore_ament_install'
[1.630s] Level 1:colcon.colcon_core.package_identification:_identify(src/apriltag_ros) by extensions ['colcon_pkg']
[1.631s] Level 1:colcon.colcon_core.package_identification:_identify(src/apriltag_ros) by extension 'colcon_pkg'
[1.631s] Level 1:colcon.colcon_core.package_identification:_identify(src/apriltag_ros) by extensions ['colcon_meta']
[1.631s] Level 1:colcon.colcon_core.package_identification:_identify(src/apriltag_ros) by extension 'colcon_meta'
[1.631s] Level 1:colcon.colcon_core.package_identification:_identify(src/apriltag_ros) by extensions ['ros']
[1.631s] Level 1:colcon.colcon_core.package_identification:_identify(src/apriltag_ros) by extension 'ros'
[1.639s] DEBUG:colcon.colcon_core.package_identification:Package 'src/apriltag_ros' with type 'ros.ament_cmake' and name 'apriltag_ros'
[1.640s] Level 1:colcon.colcon_core.package_identification:_identify(src/aquas_apriltag_bringup) by extensions ['ignore', 'ignore_ament_install']
[1.640s] Level 1:colcon.colcon_core.package_identification:_identify(src/aquas_apriltag_bringup) by extension 'ignore'
[1.640s] Level 1:colcon.colcon_core.package_identification:_identify(src/aquas_apriltag_bringup) by extension 'ignore_ament_install'
[1.641s] Level 1:colcon.colcon_core.package_identification:_identify(src/aquas_apriltag_bringup) by extensions ['colcon_pkg']
[1.641s] Level 1:colcon.colcon_core.package_identification:_identify(src/aquas_apriltag_bringup) by extension 'colcon_pkg'
[1.641s] Level 1:colcon.colcon_core.package_identification:_identify(src/aquas_apriltag_bringup) by extensions ['colcon_meta']
[1.641s] Level 1:colcon.colcon_core.package_identification:_identify(src/aquas_apriltag_bringup) by extension 'colcon_meta'
[1.641s] Level 1:colcon.colcon_core.package_identification:_identify(src/aquas_apriltag_bringup) by extensions ['ros']
[1.641s] Level 1:colcon.colcon_core.package_identification:_identify(src/aquas_apriltag_bringup) by extension 'ros'
[1.644s] DEBUG:colcon.colcon_core.package_identification:Package 'src/aquas_apriltag_bringup' with type 'ros.ament_python' and name 'aquas_apriltag_bringup'
[1.645s] Level 1:colcon.colcon_core.package_identification:_identify(src/aquas_camera_bringup) by extensions ['ignore', 'ignore_ament_install']
[1.645s] Level 1:colcon.colcon_core.package_identification:_identify(src/aquas_camera_bringup) by extension 'ignore'
[1.646s] Level 1:colcon.colcon_core.package_identification:_identify(src/aquas_camera_bringup) by extension 'ignore_ament_install'
[1.646s] Level 1:colcon.colcon_core.package_identification:_identify(src/aquas_camera_bringup) by extensions ['colcon_pkg']
[1.646s] Level 1:colcon.colcon_core.package_identification:_identify(src/aquas_camera_bringup) by extension 'colcon_pkg'
[1.646s] Level 1:colcon.colcon_core.package_identification:_identify(src/aquas_camera_bringup) by extensions ['colcon_meta']
[1.646s] Level 1:colcon.colcon_core.package_identification:_identify(src/aquas_camera_bringup) by extension 'colcon_meta'
[1.646s] Level 1:colcon.colcon_core.package_identification:_identify(src/aquas_camera_bringup) by extensions ['ros']
[1.647s] Level 1:colcon.colcon_core.package_identification:_identify(src/aquas_camera_bringup) by extension 'ros'
[1.649s] DEBUG:colcon.colcon_core.package_identification:Package 'src/aquas_camera_bringup' with type 'ros.ament_python' and name 'aquas_camera_bringup'
[1.650s] Level 1:colcon.colcon_core.package_identification:_identify(src/aquas_dock_align) by extensions ['ignore', 'ignore_ament_install']
[1.651s] Level 1:colcon.colcon_core.package_identification:_identify(src/aquas_dock_align) by extension 'ignore'
[1.651s] Level 1:colcon.colcon_core.package_identification:_identify(src/aquas_dock_align) by extension 'ignore_ament_install'
[1.651s] Level 1:colcon.colcon_core.package_identification:_identify(src/aquas_dock_align) by extensions ['colcon_pkg']
[1.651s] Level 1:colcon.colcon_core.package_identification:_identify(src/aquas_dock_align) by extension 'colcon_pkg'
[1.651s] Level 1:colcon.colcon_core.package_identification:_identify(src/aquas_dock_align) by extensions ['colcon_meta']
[1.652s] Level 1:colcon.colcon_core.package_identification:_identify(src/aquas_dock_align) by extension 'colcon_meta'
[1.652s] Level 1:colcon.colcon_core.package_identification:_identify(src/aquas_dock_align) by extensions ['ros']
[1.652s] Level 1:colcon.colcon_core.package_identification:_identify(src/aquas_dock_align) by extension 'ros'
[1.655s] DEBUG:colcon.colcon_core.package_identification:Package 'src/aquas_dock_align' with type 'ros.ament_python' and name 'aquas_dock_align'
[1.656s] Level 1:colcon.colcon_core.package_identification:_identify(src/image_common) by extensions ['ignore', 'ignore_ament_install']
[1.656s] Level 1:colcon.colcon_core.package_identification:_identify(src/image_common) by extension 'ignore'
[1.657s] Level 1:colcon.colcon_core.package_identification:_identify(src/image_common) by extension 'ignore_ament_install'
[1.657s] Level 1:colcon.colcon_core.package_identification:_identify(src/image_common) by extensions ['colcon_pkg']
[1.657s] Level 1:colcon.colcon_core.package_identification:_identify(src/image_common) by extension 'colcon_pkg'
[1.657s] Level 1:colcon.colcon_core.package_identification:_identify(src/image_common) by extensions ['colcon_meta']
[1.657s] Level 1:colcon.colcon_core.package_identification:_identify(src/image_common) by extension 'colcon_meta'
[1.658s] Level 1:colcon.colcon_core.package_identification:_identify(src/image_common) by extensions ['ros']
[1.658s] Level 1:colcon.colcon_core.package_identification:_identify(src/image_common) by extension 'ros'
[1.658s] Level 1:colcon.colcon_core.package_identification:_identify(src/image_common) by extensions ['cmake', 'python']
[1.658s] Level 1:colcon.colcon_core.package_identification:_identify(src/image_common) by extension 'cmake'
[1.658s] Level 1:colcon.colcon_core.package_identification:_identify(src/image_common) by extension 'python'
[1.659s] Level 1:colcon.colcon_core.package_identification:_identify(src/image_common) by extensions ['python_setup_py']
[1.659s] Level 1:colcon.colcon_core.package_identification:_identify(src/image_common) by extension 'python_setup_py'
[1.659s] Level 1:colcon.colcon_core.package_identification:_identify(src/image_common/camera_calibration_parsers) by extensions ['ignore', 'ignore_ament_install']
[1.660s] Level 1:colcon.colcon_core.package_identification:_identify(src/image_common/camera_calibration_parsers) by extension 'ignore'
[1.660s] Level 1:colcon.colcon_core.package_identification:_identify(src/image_common/camera_calibration_parsers) by extension 'ignore_ament_install'
[1.660s] Level 1:colcon.colcon_core.package_identification:_identify(src/image_common/camera_calibration_parsers) by extensions ['colcon_pkg']
[1.660s] Level 1:colcon.colcon_core.package_identification:_identify(src/image_common/camera_calibration_parsers) by extension 'colcon_pkg'
[1.661s] Level 1:colcon.colcon_core.package_identification:_identify(src/image_common/camera_calibration_parsers) by extensions ['colcon_meta']
[1.661s] Level 1:colcon.colcon_core.package_identification:_identify(src/image_common/camera_calibration_parsers) by extension 'colcon_meta'
[1.661s] Level 1:colcon.colcon_core.package_identification:_identify(src/image_common/camera_calibration_parsers) by extensions ['ros']
[1.661s] Level 1:colcon.colcon_core.package_identification:_identify(src/image_common/camera_calibration_parsers) by extension 'ros'
[1.665s] DEBUG:colcon.colcon_core.package_identification:Package 'src/image_common/camera_calibration_parsers' with type 'ros.ament_cmake' and name 'camera_calibration_parsers'
[1.666s] Level 1:colcon.colcon_core.package_identification:_identify(src/image_common/camera_info_manager) by extensions ['ignore', 'ignore_ament_install']
[1.666s] Level 1:colcon.colcon_core.package_identification:_identify(src/image_common/camera_info_manager) by extension 'ignore'
[1.667s] Level 1:colcon.colcon_core.package_identification:_identify(src/image_common/camera_info_manager) by extension 'ignore_ament_install'
[1.667s] Level 1:colcon.colcon_core.package_identification:_identify(src/image_common/camera_info_manager) by extensions ['colcon_pkg']
[1.667s] Level 1:colcon.colcon_core.package_identification:_identify(src/image_common/camera_info_manager) by extension 'colcon_pkg'
[1.667s] Level 1:colcon.colcon_core.package_identification:_identify(src/image_common/camera_info_manager) by extensions ['colcon_meta']
[1.667s] Level 1:colcon.colcon_core.package_identification:_identify(src/image_common/camera_info_manager) by extension 'colcon_meta'
[1.668s] Level 1:colcon.colcon_core.package_identification:_identify(src/image_common/camera_info_manager) by extensions ['ros']
[1.668s] Level 1:colcon.colcon_core.package_identification:_identify(src/image_common/camera_info_manager) by extension 'ros'
[1.673s] DEBUG:colcon.colcon_core.package_identification:Package 'src/image_common/camera_info_manager' with type 'ros.ament_cmake' and name 'camera_info_manager'
[1.673s] Level 1:colcon.colcon_core.package_identification:_identify(src/image_common/camera_info_manager_py) by extensions ['ignore', 'ignore_ament_install']
[1.674s] Level 1:colcon.colcon_core.package_identification:_identify(src/image_common/camera_info_manager_py) by extension 'ignore'
[1.674s] Level 1:colcon.colcon_core.package_identification:_identify(src/image_common/camera_info_manager_py) by extension 'ignore_ament_install'
[1.674s] Level 1:colcon.colcon_core.package_identification:_identify(src/image_common/camera_info_manager_py) by extensions ['colcon_pkg']
[1.675s] Level 1:colcon.colcon_core.package_identification:_identify(src/image_common/camera_info_manager_py) by extension 'colcon_pkg'
[1.675s] Level 1:colcon.colcon_core.package_identification:_identify(src/image_common/camera_info_manager_py) by extensions ['colcon_meta']
[1.675s] Level 1:colcon.colcon_core.package_identification:_identify(src/image_common/camera_info_manager_py) by extension 'colcon_meta'
[1.675s] Level 1:colcon.colcon_core.package_identification:_identify(src/image_common/camera_info_manager_py) by extensions ['ros']
[1.675s] Level 1:colcon.colcon_core.package_identification:_identify(src/image_common/camera_info_manager_py) by extension 'ros'
[1.679s] DEBUG:colcon.colcon_core.package_identification:Package 'src/image_common/camera_info_manager_py' with type 'ros.ament_python' and name 'camera_info_manager_py'
[1.680s] Level 1:colcon.colcon_core.package_identification:_identify(src/image_common/image_common) by extensions ['ignore', 'ignore_ament_install']
[1.680s] Level 1:colcon.colcon_core.package_identification:_identify(src/image_common/image_common) by extension 'ignore'
[1.681s] Level 1:colcon.colcon_core.package_identification:_identify(src/image_common/image_common) by extension 'ignore_ament_install'
[1.681s] Level 1:colcon.colcon_core.package_identification:_identify(src/image_common/image_common) by extensions ['colcon_pkg']
[1.681s] Level 1:colcon.colcon_core.package_identification:_identify(src/image_common/image_common) by extension 'colcon_pkg'
[1.681s] Level 1:colcon.colcon_core.package_identification:_identify(src/image_common/image_common) by extensions ['colcon_meta']
[1.681s] Level 1:colcon.colcon_core.package_identification:_identify(src/image_common/image_common) by extension 'colcon_meta'
[1.682s] Level 1:colcon.colcon_core.package_identification:_identify(src/image_common/image_common) by extensions ['ros']
[1.682s] Level 1:colcon.colcon_core.package_identification:_identify(src/image_common/image_common) by extension 'ros'
[1.685s] DEBUG:colcon.colcon_core.package_identification:Package 'src/image_common/image_common' with type 'ros.ament_cmake' and name 'image_common'
[1.685s] Level 1:colcon.colcon_core.package_identification:_identify(src/image_common/image_transport) by extensions ['ignore', 'ignore_ament_install']
[1.686s] Level 1:colcon.colcon_core.package_identification:_identify(src/image_common/image_transport) by extension 'ignore'
[1.686s] Level 1:colcon.colcon_core.package_identification:_identify(src/image_common/image_transport) by extension 'ignore_ament_install'
[1.686s] Level 1:colcon.colcon_core.package_identification:_identify(src/image_common/image_transport) by extensions ['colcon_pkg']
[1.687s] Level 1:colcon.colcon_core.package_identification:_identify(src/image_common/image_transport) by extension 'colcon_pkg'
[1.687s] Level 1:colcon.colcon_core.package_identification:_identify(src/image_common/image_transport) by extensions ['colcon_meta']
[1.687s] Level 1:colcon.colcon_core.package_identification:_identify(src/image_common/image_transport) by extension 'colcon_meta'
[1.687s] Level 1:colcon.colcon_core.package_identification:_identify(src/image_common/image_transport) by extensions ['ros']
[1.687s] Level 1:colcon.colcon_core.package_identification:_identify(src/image_common/image_transport) by extension 'ros'
[1.691s] DEBUG:colcon.colcon_core.package_identification:Package 'src/image_common/image_transport' with type 'ros.ament_cmake' and name 'image_transport'
[1.692s] Level 1:colcon.colcon_core.package_identification:_identify(src/image_common/polled_camera) by extensions ['ignore', 'ignore_ament_install']
[1.693s] Level 1:colcon.colcon_core.package_identification:_identify(src/image_common/polled_camera) by extension 'ignore'
[1.693s] Level 1:colcon.colcon_core.package_identification:_identify(src/image_common/polled_camera) ignored
[1.693s] Level 1:colcon.colcon_core.package_discovery:discover_packages(recursive) using defaults
[1.693s] Level 1:colcon.colcon_core.package_discovery:discover_packages(ignore) discover
[1.693s] Level 1:colcon.colcon_core.package_discovery:discover_packages(ignore) using defaults
[1.693s] Level 1:colcon.colcon_core.package_discovery:discover_packages(path) discover
[1.694s] Level 1:colcon.colcon_core.package_discovery:discover_packages(path) using defaults
[1.845s] Level 1:colcon.colcon_core.package_discovery:discover_packages(prefix_path) check parameters
[1.846s] Level 1:colcon.colcon_core.package_discovery:discover_packages(prefix_path) discover
[1.860s] DEBUG:colcon.colcon_installed_package_information.package_discovery:Found 13 installed packages in /home/xavier/Developer/aquas-ROS-apriltags/install
[1.872s] DEBUG:colcon.colcon_installed_package_information.package_discovery:Found 288 installed packages in /opt/ros/humble
[1.881s] Level 1:colcon.colcon_core.package_discovery:discover_packages(prefix_path) using defaults
[2.084s] WARNING:colcon.colcon_core.package_selection:Some selected packages are already built in one or more underlay workspaces:
	'image_transport' is in: /home/xavier/Developer/aquas-ROS-apriltags/install/image_transport, /opt/ros/humble
	'camera_info_manager' is in: /home/xavier/Developer/aquas-ROS-apriltags/install/camera_info_manager, /opt/ros/humble
If a package in a merged underlay workspace is overridden and it installs headers, then all packages in the overlay must sort their include directories by workspace order. Failure to do so may result in build failures or undefined behavior at run time.
If the overridden package is used by another package in any underlay, then the overriding package in the overlay must be API and ABI compatible or undefined behavior at run time may occur.

If you understand the risks and want to override a package anyways, add the following to the command line:
	--allow-overriding camera_info_manager image_transport

This may be promoted to an error in a future release of colcon-override-check.
[2.088s] Level 5:colcon.colcon_core.verb:set package 'apriltag' build argument 'cmake_args' from command line to 'None'
[2.088s] Level 5:colcon.colcon_core.verb:set package 'apriltag' build argument 'cmake_target' from command line to 'None'
[2.088s] Level 5:colcon.colcon_core.verb:set package 'apriltag' build argument 'cmake_target_skip_unavailable' from command line to 'False'
[2.088s] Level 5:colcon.colcon_core.verb:set package 'apriltag' build argument 'cmake_clean_cache' from command line to 'False'
[2.088s] Level 5:colcon.colcon_core.verb:set package 'apriltag' build argument 'cmake_clean_first' from command line to 'False'
[2.088s] Level 5:colcon.colcon_core.verb:set package 'apriltag' build argument 'cmake_force_configure' from command line to 'False'
[2.089s] Level 5:colcon.colcon_core.verb:set package 'apriltag' build argument 'ament_cmake_args' from command line to 'None'
[2.089s] Level 5:colcon.colcon_core.verb:set package 'apriltag' build argument 'catkin_cmake_args' from command line to 'None'
[2.089s] Level 5:colcon.colcon_core.verb:set package 'apriltag' build argument 'catkin_skip_building_tests' from command line to 'False'
[2.089s] DEBUG:colcon.colcon_core.verb:Building package 'apriltag' with the following arguments: {'ament_cmake_args': None, 'build_base': '/home/xavier/Developer/aquas-ROS-apriltags/build/apriltag', 'catkin_cmake_args': None, 'catkin_skip_building_tests': False, 'cmake_args': None, 'cmake_clean_cache': False, 'cmake_clean_first': False, 'cmake_force_configure': False, 'cmake_target': None, 'cmake_target_skip_unavailable': False, 'install_base': '/home/xavier/Developer/aquas-ROS-apriltags/install/apriltag', 'merge_install': False, 'path': '/home/xavier/Developer/aquas-ROS-apriltags/src/apriltag', 'symlink_install': True, 'test_result_base': None}
[2.091s] Level 5:colcon.colcon_core.verb:set package 'aquas_apriltag_bringup' build argument 'cmake_args' from command line to 'None'
[2.091s] Level 5:colcon.colcon_core.verb:set package 'aquas_apriltag_bringup' build argument 'cmake_target' from command line to 'None'
[2.091s] Level 5:colcon.colcon_core.verb:set package 'aquas_apriltag_bringup' build argument 'cmake_target_skip_unavailable' from command line to 'False'
[2.091s] Level 5:colcon.colcon_core.verb:set package 'aquas_apriltag_bringup' build argument 'cmake_clean_cache' from command line to 'False'
[2.091s] Level 5:colcon.colcon_core.verb:set package 'aquas_apriltag_bringup' build argument 'cmake_clean_first' from command line to 'False'
[2.091s] Level 5:colcon.colcon_core.verb:set package 'aquas_apriltag_bringup' build argument 'cmake_force_configure' from command line to 'False'
[2.091s] Level 5:colcon.colcon_core.verb:set package 'aquas_apriltag_bringup' build argument 'ament_cmake_args' from command line to 'None'
[2.092s] Level 5:colcon.colcon_core.verb:set package 'aquas_apriltag_bringup' build argument 'catkin_cmake_args' from command line to 'None'
[2.092s] Level 5:colcon.colcon_core.verb:set package 'aquas_apriltag_bringup' build argument 'catkin_skip_building_tests' from command line to 'False'
[2.092s] DEBUG:colcon.colcon_core.verb:Building package 'aquas_apriltag_bringup' with the following arguments: {'ament_cmake_args': None, 'build_base': '/home/xavier/Developer/aquas-ROS-apriltags/build/aquas_apriltag_bringup', 'catkin_cmake_args': None, 'catkin_skip_building_tests': False, 'cmake_args': None, 'cmake_clean_cache': False, 'cmake_clean_first': False, 'cmake_force_configure': False, 'cmake_target': None, 'cmake_target_skip_unavailable': False, 'install_base': '/home/xavier/Developer/aquas-ROS-apriltags/install/aquas_apriltag_bringup', 'merge_install': False, 'path': '/home/xavier/Developer/aquas-ROS-apriltags/src/aquas_apriltag_bringup', 'symlink_install': True, 'test_result_base': None}
[2.093s] Level 5:colcon.colcon_core.verb:set package 'aquas_camera_bringup' build argument 'cmake_args' from command line to 'None'
[2.094s] Level 5:colcon.colcon_core.verb:set package 'aquas_camera_bringup' build argument 'cmake_target' from command line to 'None'
[2.094s] Level 5:colcon.colcon_core.verb:set package 'aquas_camera_bringup' build argument 'cmake_target_skip_unavailable' from command line to 'False'
[2.094s] Level 5:colcon.colcon_core.verb:set package 'aquas_camera_bringup' build argument 'cmake_clean_cache' from command line to 'False'
[2.094s] Level 5:colcon.colcon_core.verb:set package 'aquas_camera_bringup' build argument 'cmake_clean_first' from command line to 'False'
[2.094s] Level 5:colcon.colcon_core.verb:set package 'aquas_camera_bringup' build argument 'cmake_force_configure' from command line to 'False'
[2.094s] Level 5:colcon.colcon_core.verb:set package 'aquas_camera_bringup' build argument 'ament_cmake_args' from command line to 'None'
[2.094s] Level 5:colcon.colcon_core.verb:set package 'aquas_camera_bringup' build argument 'catkin_cmake_args' from command line to 'None'
[2.094s] Level 5:colcon.colcon_core.verb:set package 'aquas_camera_bringup' build argument 'catkin_skip_building_tests' from command line to 'False'
[2.095s] DEBUG:colcon.colcon_core.verb:Building package 'aquas_camera_bringup' with the following arguments: {'ament_cmake_args': None, 'build_base': '/home/xavier/Developer/aquas-ROS-apriltags/build/aquas_camera_bringup', 'catkin_cmake_args': None, 'catkin_skip_building_tests': False, 'cmake_args': None, 'cmake_clean_cache': False, 'cmake_clean_first': False, 'cmake_force_configure': False, 'cmake_target': None, 'cmake_target_skip_unavailable': False, 'install_base': '/home/xavier/Developer/aquas-ROS-apriltags/install/aquas_camera_bringup', 'merge_install': False, 'path': '/home/xavier/Developer/aquas-ROS-apriltags/src/aquas_camera_bringup', 'symlink_install': True, 'test_result_base': None}
[2.096s] Level 5:colcon.colcon_core.verb:set package 'aquas_dock_align' build argument 'cmake_args' from command line to 'None'
[2.097s] Level 5:colcon.colcon_core.verb:set package 'aquas_dock_align' build argument 'cmake_target' from command line to 'None'
[2.097s] Level 5:colcon.colcon_core.verb:set package 'aquas_dock_align' build argument 'cmake_target_skip_unavailable' from command line to 'False'
[2.097s] Level 5:colcon.colcon_core.verb:set package 'aquas_dock_align' build argument 'cmake_clean_cache' from command line to 'False'
[2.097s] Level 5:colcon.colcon_core.verb:set package 'aquas_dock_align' build argument 'cmake_clean_first' from command line to 'False'
[2.097s] Level 5:colcon.colcon_core.verb:set package 'aquas_dock_align' build argument 'cmake_force_configure' from command line to 'False'
[2.097s] Level 5:colcon.colcon_core.verb:set package 'aquas_dock_align' build argument 'ament_cmake_args' from command line to 'None'
[2.097s] Level 5:colcon.colcon_core.verb:set package 'aquas_dock_align' build argument 'catkin_cmake_args' from command line to 'None'
[2.097s] Level 5:colcon.colcon_core.verb:set package 'aquas_dock_align' build argument 'catkin_skip_building_tests' from command line to 'False'
[2.098s] DEBUG:colcon.colcon_core.verb:Building package 'aquas_dock_align' with the following arguments: {'ament_cmake_args': None, 'build_base': '/home/xavier/Developer/aquas-ROS-apriltags/build/aquas_dock_align', 'catkin_cmake_args': None, 'catkin_skip_building_tests': False, 'cmake_args': None, 'cmake_clean_cache': False, 'cmake_clean_first': False, 'cmake_force_configure': False, 'cmake_target': None, 'cmake_target_skip_unavailable': False, 'install_base': '/home/xavier/Developer/aquas-ROS-apriltags/install/aquas_dock_align', 'merge_install': False, 'path': '/home/xavier/Developer/aquas-ROS-apriltags/src/aquas_dock_align', 'symlink_install': True, 'test_result_base': None}
[2.099s] Level 5:colcon.colcon_core.verb:set package 'camera_calibration_parsers' build argument 'cmake_args' from command line to 'None'
[2.100s] Level 5:colcon.colcon_core.verb:set package 'camera_calibration_parsers' build argument 'cmake_target' from command line to 'None'
[2.100s] Level 5:colcon.colcon_core.verb:set package 'camera_calibration_parsers' build argument 'cmake_target_skip_unavailable' from command line to 'False'
[2.100s] Level 5:colcon.colcon_core.verb:set package 'camera_calibration_parsers' build argument 'cmake_clean_cache' from command line to 'False'
[2.100s] Level 5:colcon.colcon_core.verb:set package 'camera_calibration_parsers' build argument 'cmake_clean_first' from command line to 'False'
[2.100s] Level 5:colcon.colcon_core.verb:set package 'camera_calibration_parsers' build argument 'cmake_force_configure' from command line to 'False'
[2.100s] Level 5:colcon.colcon_core.verb:set package 'camera_calibration_parsers' build argument 'ament_cmake_args' from command line to 'None'
[2.100s] Level 5:colcon.colcon_core.verb:set package 'camera_calibration_parsers' build argument 'catkin_cmake_args' from command line to 'None'
[2.100s] Level 5:colcon.colcon_core.verb:set package 'camera_calibration_parsers' build argument 'catkin_skip_building_tests' from command line to 'False'
[2.101s] DEBUG:colcon.colcon_core.verb:Building package 'camera_calibration_parsers' with the following arguments: {'ament_cmake_args': None, 'build_base': '/home/xavier/Developer/aquas-ROS-apriltags/build/camera_calibration_parsers', 'catkin_cmake_args': None, 'catkin_skip_building_tests': False, 'cmake_args': None, 'cmake_clean_cache': False, 'cmake_clean_first': False, 'cmake_force_configure': False, 'cmake_target': None, 'cmake_target_skip_unavailable': False, 'install_base': '/home/xavier/Developer/aquas-ROS-apriltags/install/camera_calibration_parsers', 'merge_install': False, 'path': '/home/xavier/Developer/aquas-ROS-apriltags/src/image_common/camera_calibration_parsers', 'symlink_install': True, 'test_result_base': None}
[2.102s] Level 5:colcon.colcon_core.verb:set package 'camera_info_manager_py' build argument 'cmake_args' from command line to 'None'
[2.102s] Level 5:colcon.colcon_core.verb:set package 'camera_info_manager_py' build argument 'cmake_target' from command line to 'None'
[2.103s] Level 5:colcon.colcon_core.verb:set package 'camera_info_manager_py' build argument 'cmake_target_skip_unavailable' from command line to 'False'
[2.103s] Level 5:colcon.colcon_core.verb:set package 'camera_info_manager_py' build argument 'cmake_clean_cache' from command line to 'False'
[2.103s] Level 5:colcon.colcon_core.verb:set package 'camera_info_manager_py' build argument 'cmake_clean_first' from command line to 'False'
[2.103s] Level 5:colcon.colcon_core.verb:set package 'camera_info_manager_py' build argument 'cmake_force_configure' from command line to 'False'
[2.103s] Level 5:colcon.colcon_core.verb:set package 'camera_info_manager_py' build argument 'ament_cmake_args' from command line to 'None'
[2.103s] Level 5:colcon.colcon_core.verb:set package 'camera_info_manager_py' build argument 'catkin_cmake_args' from command line to 'None'
[2.103s] Level 5:colcon.colcon_core.verb:set package 'camera_info_manager_py' build argument 'catkin_skip_building_tests' from command line to 'False'
[2.103s] DEBUG:colcon.colcon_core.verb:Building package 'camera_info_manager_py' with the following arguments: {'ament_cmake_args': None, 'build_base': '/home/xavier/Developer/aquas-ROS-apriltags/build/camera_info_manager_py', 'catkin_cmake_args': None, 'catkin_skip_building_tests': False, 'cmake_args': None, 'cmake_clean_cache': False, 'cmake_clean_first': False, 'cmake_force_configure': False, 'cmake_target': None, 'cmake_target_skip_unavailable': False, 'install_base': '/home/xavier/Developer/aquas-ROS-apriltags/install/camera_info_manager_py', 'merge_install': False, 'path': '/home/xavier/Developer/aquas-ROS-apriltags/src/image_common/camera_info_manager_py', 'symlink_install': True, 'test_result_base': None}
[2.105s] Level 5:colcon.colcon_core.verb:set package 'image_transport' build argument 'cmake_args' from command line to 'None'
[2.105s] Level 5:colcon.colcon_core.verb:set package 'image_transport' build argument 'cmake_target' from command line to 'None'
[2.105s] Level 5:colcon.colcon_core.verb:set package 'image_transport' build argument 'cmake_target_skip_unavailable' from command line to 'False'
[2.106s] Level 5:colcon.colcon_core.verb:set package 'image_transport' build argument 'cmake_clean_cache' from command line to 'False'
[2.106s] Level 5:colcon.colcon_core.verb:set package 'image_transport' build argument 'cmake_clean_first' from command line to 'False'
[2.106s] Level 5:colcon.colcon_core.verb:set package 'image_transport' build argument 'cmake_force_configure' from command line to 'False'
[2.106s] Level 5:colcon.colcon_core.verb:set package 'image_transport' build argument 'ament_cmake_args' from command line to 'None'
[2.106s] Level 5:colcon.colcon_core.verb:set package 'image_transport' build argument 'catkin_cmake_args' from command line to 'None'
[2.106s] Level 5:colcon.colcon_core.verb:set package 'image_transport' build argument 'catkin_skip_building_tests' from command line to 'False'
[2.106s] DEBUG:colcon.colcon_core.verb:Building package 'image_transport' with the following arguments: {'ament_cmake_args': None, 'build_base': '/home/xavier/Developer/aquas-ROS-apriltags/build/image_transport', 'catkin_cmake_args': None, 'catkin_skip_building_tests': False, 'cmake_args': None, 'cmake_clean_cache': False, 'cmake_clean_first': False, 'cmake_force_configure': False, 'cmake_target': None, 'cmake_target_skip_unavailable': False, 'install_base': '/home/xavier/Developer/aquas-ROS-apriltags/install/image_transport', 'merge_install': False, 'path': '/home/xavier/Developer/aquas-ROS-apriltags/src/image_common/image_transport', 'symlink_install': True, 'test_result_base': None}
[2.108s] Level 5:colcon.colcon_core.verb:set package 'apriltag_ros' build argument 'cmake_args' from command line to 'None'
[2.108s] Level 5:colcon.colcon_core.verb:set package 'apriltag_ros' build argument 'cmake_target' from command line to 'None'
[2.108s] Level 5:colcon.colcon_core.verb:set package 'apriltag_ros' build argument 'cmake_target_skip_unavailable' from command line to 'False'
[2.108s] Level 5:colcon.colcon_core.verb:set package 'apriltag_ros' build argument 'cmake_clean_cache' from command line to 'False'
[2.109s] Level 5:colcon.colcon_core.verb:set package 'apriltag_ros' build argument 'cmake_clean_first' from command line to 'False'
[2.109s] Level 5:colcon.colcon_core.verb:set package 'apriltag_ros' build argument 'cmake_force_configure' from command line to 'False'
[2.109s] Level 5:colcon.colcon_core.verb:set package 'apriltag_ros' build argument 'ament_cmake_args' from command line to 'None'
[2.109s] Level 5:colcon.colcon_core.verb:set package 'apriltag_ros' build argument 'catkin_cmake_args' from command line to 'None'
[2.109s] Level 5:colcon.colcon_core.verb:set package 'apriltag_ros' build argument 'catkin_skip_building_tests' from command line to 'False'
[2.109s] DEBUG:colcon.colcon_core.verb:Building package 'apriltag_ros' with the following arguments: {'ament_cmake_args': None, 'build_base': '/home/xavier/Developer/aquas-ROS-apriltags/build/apriltag_ros', 'catkin_cmake_args': None, 'catkin_skip_building_tests': False, 'cmake_args': None, 'cmake_clean_cache': False, 'cmake_clean_first': False, 'cmake_force_configure': False, 'cmake_target': None, 'cmake_target_skip_unavailable': False, 'install_base': '/home/xavier/Developer/aquas-ROS-apriltags/install/apriltag_ros', 'merge_install': False, 'path': '/home/xavier/Developer/aquas-ROS-apriltags/src/apriltag_ros', 'symlink_install': True, 'test_result_base': None}
[2.111s] Level 5:colcon.colcon_core.verb:set package 'camera_info_manager' build argument 'cmake_args' from command line to 'None'
[2.111s] Level 5:colcon.colcon_core.verb:set package 'camera_info_manager' build argument 'cmake_target' from command line to 'None'
[2.111s] Level 5:colcon.colcon_core.verb:set package 'camera_info_manager' build argument 'cmake_target_skip_unavailable' from command line to 'False'
[2.111s] Level 5:colcon.colcon_core.verb:set package 'camera_info_manager' build argument 'cmake_clean_cache' from command line to 'False'
[2.111s] Level 5:colcon.colcon_core.verb:set package 'camera_info_manager' build argument 'cmake_clean_first' from command line to 'False'
[2.112s] Level 5:colcon.colcon_core.verb:set package 'camera_info_manager' build argument 'cmake_force_configure' from command line to 'False'
[2.112s] Level 5:colcon.colcon_core.verb:set package 'camera_info_manager' build argument 'ament_cmake_args' from command line to 'None'
[2.112s] Level 5:colcon.colcon_core.verb:set package 'camera_info_manager' build argument 'catkin_cmake_args' from command line to 'None'
[2.112s] Level 5:colcon.colcon_core.verb:set package 'camera_info_manager' build argument 'catkin_skip_building_tests' from command line to 'False'
[2.112s] DEBUG:colcon.colcon_core.verb:Building package 'camera_info_manager' with the following arguments: {'ament_cmake_args': None, 'build_base': '/home/xavier/Developer/aquas-ROS-apriltags/build/camera_info_manager', 'catkin_cmake_args': None, 'catkin_skip_building_tests': False, 'cmake_args': None, 'cmake_clean_cache': False, 'cmake_clean_first': False, 'cmake_force_configure': False, 'cmake_target': None, 'cmake_target_skip_unavailable': False, 'install_base': '/home/xavier/Developer/aquas-ROS-apriltags/install/camera_info_manager', 'merge_install': False, 'path': '/home/xavier/Developer/aquas-ROS-apriltags/src/image_common/camera_info_manager', 'symlink_install': True, 'test_result_base': None}
[2.114s] Level 5:colcon.colcon_core.verb:set package 'image_common' build argument 'cmake_args' from command line to 'None'
[2.114s] Level 5:colcon.colcon_core.verb:set package 'image_common' build argument 'cmake_target' from command line to 'None'
[2.114s] Level 5:colcon.colcon_core.verb:set package 'image_common' build argument 'cmake_target_skip_unavailable' from command line to 'False'
[2.114s] Level 5:colcon.colcon_core.verb:set package 'image_common' build argument 'cmake_clean_cache' from command line to 'False'
[2.114s] Level 5:colcon.colcon_core.verb:set package 'image_common' build argument 'cmake_clean_first' from command line to 'False'
[2.114s] Level 5:colcon.colcon_core.verb:set package 'image_common' build argument 'cmake_force_configure' from command line to 'False'
[2.115s] Level 5:colcon.colcon_core.verb:set package 'image_common' build argument 'ament_cmake_args' from command line to 'None'
[2.115s] Level 5:colcon.colcon_core.verb:set package 'image_common' build argument 'catkin_cmake_args' from command line to 'None'
[2.115s] Level 5:colcon.colcon_core.verb:set package 'image_common' build argument 'catkin_skip_building_tests' from command line to 'False'
[2.115s] DEBUG:colcon.colcon_core.verb:Building package 'image_common' with the following arguments: {'ament_cmake_args': None, 'build_base': '/home/xavier/Developer/aquas-ROS-apriltags/build/image_common', 'catkin_cmake_args': None, 'catkin_skip_building_tests': False, 'cmake_args': None, 'cmake_clean_cache': False, 'cmake_clean_first': False, 'cmake_force_configure': False, 'cmake_target': None, 'cmake_target_skip_unavailable': False, 'install_base': '/home/xavier/Developer/aquas-ROS-apriltags/install/image_common', 'merge_install': False, 'path': '/home/xavier/Developer/aquas-ROS-apriltags/src/image_common/image_common', 'symlink_install': True, 'test_result_base': None}
[2.115s] INFO:colcon.colcon_core.executor:Executing jobs using 'parallel' executor
[2.119s] DEBUG:colcon.colcon_parallel_executor.executor.parallel:run_until_complete
[2.120s] INFO:colcon.colcon_ros.task.ament_cmake.build:Building ROS package in '/home/xavier/Developer/aquas-ROS-apriltags/src/image_common/camera_calibration_parsers' with build type 'ament_cmake'
[2.121s] INFO:colcon.colcon_cmake.task.cmake.build:Building CMake package in '/home/xavier/Developer/aquas-ROS-apriltags/src/image_common/camera_calibration_parsers'
[2.134s] INFO:colcon.colcon_core.plugin_system:Skipping extension 'colcon_core.shell.bat': Not used on non-Windows systems
[2.135s] INFO:colcon.colcon_core.shell:Skip shell extension 'powershell' for command environment: Not usable outside of PowerShell
[2.135s] DEBUG:colcon.colcon_core.shell:Skip shell extension 'dsv' for command environment
[2.163s] INFO:colcon.colcon_ros.task.ament_cmake.build:Building ROS package in '/home/xavier/Developer/aquas-ROS-apriltags/src/image_common/image_transport' with build type 'ament_cmake'
[2.164s] INFO:colcon.colcon_cmake.task.cmake.build:Building CMake package in '/home/xavier/Developer/aquas-ROS-apriltags/src/image_common/image_transport'
[2.165s] INFO:colcon.colcon_core.shell:Skip shell extension 'powershell' for command environment: Not usable outside of PowerShell
[2.166s] DEBUG:colcon.colcon_core.shell:Skip shell extension 'dsv' for command environment
[2.194s] INFO:colcon.colcon_ros.task.cmake.build:Building ROS package in '/home/xavier/Developer/aquas-ROS-apriltags/src/apriltag' with build type 'cmake'
[2.194s] INFO:colcon.colcon_cmake.task.cmake.build:Building CMake package in '/home/xavier/Developer/aquas-ROS-apriltags/src/apriltag'
[2.196s] INFO:colcon.colcon_core.shell:Skip shell extension 'powershell' for command environment: Not usable outside of PowerShell
[2.196s] DEBUG:colcon.colcon_core.shell:Skip shell extension 'dsv' for command environment
[2.226s] INFO:colcon.colcon_ros.task.ament_python.build:Building ROS package in '/home/xavier/Developer/aquas-ROS-apriltags/src/aquas_apriltag_bringup' with build type 'ament_python'
[2.226s] Level 1:colcon.colcon_core.shell:create_environment_hook('aquas_apriltag_bringup', 'ament_prefix_path')
[2.228s] INFO:colcon.colcon_core.shell:Creating environment hook '/home/xavier/Developer/aquas-ROS-apriltags/install/aquas_apriltag_bringup/share/aquas_apriltag_bringup/hook/ament_prefix_path.ps1'
[2.232s] INFO:colcon.colcon_core.shell:Creating environment descriptor '/home/xavier/Developer/aquas-ROS-apriltags/install/aquas_apriltag_bringup/share/aquas_apriltag_bringup/hook/ament_prefix_path.dsv'
[2.235s] INFO:colcon.colcon_core.shell:Creating environment hook '/home/xavier/Developer/aquas-ROS-apriltags/install/aquas_apriltag_bringup/share/aquas_apriltag_bringup/hook/ament_prefix_path.sh'
[2.240s] INFO:colcon.colcon_core.shell:Skip shell extension 'powershell' for command environment: Not usable outside of PowerShell
[2.240s] DEBUG:colcon.colcon_core.shell:Skip shell extension 'dsv' for command environment
[2.284s] DEBUG:colcon.colcon_core.event_handler.log_command:Invoking command in '/home/xavier/Developer/aquas-ROS-apriltags/build/camera_calibration_parsers': CMAKE_PREFIX_PATH=${CMAKE_PREFIX_PATH}:/home/xavier/Developer/aquas-ROS-apriltags/install/camera_info_manager_py:/home/xavier/Developer/aquas-ROS-apriltags/install/aquas_dock_align:/home/xavier/Developer/aquas-ROS-apriltags/install/aquas_camera_bringup:/home/xavier/Developer/aquas-ROS-apriltags/install/aquas_apriltag_bringup:/opt/ros/humble /usr/bin/cmake --build /home/xavier/Developer/aquas-ROS-apriltags/build/camera_calibration_parsers -- -j4 -l4
[2.313s] DEBUG:colcon.colcon_core.event_handler.log_command:Invoking command in '/home/xavier/Developer/aquas-ROS-apriltags/build/image_transport': CMAKE_PREFIX_PATH=${CMAKE_PREFIX_PATH}:/home/xavier/Developer/aquas-ROS-apriltags/install/camera_info_manager_py:/home/xavier/Developer/aquas-ROS-apriltags/install/aquas_dock_align:/home/xavier/Developer/aquas-ROS-apriltags/install/aquas_camera_bringup:/home/xavier/Developer/aquas-ROS-apriltags/install/aquas_apriltag_bringup:/opt/ros/humble /usr/bin/cmake --build /home/xavier/Developer/aquas-ROS-apriltags/build/image_transport -- -j4 -l4
[2.331s] DEBUG:colcon.colcon_core.event_handler.log_command:Invoking command in '/home/xavier/Developer/aquas-ROS-apriltags/build/apriltag': CMAKE_PREFIX_PATH=${CMAKE_PREFIX_PATH}:/home/xavier/Developer/aquas-ROS-apriltags/install/camera_info_manager_py:/home/xavier/Developer/aquas-ROS-apriltags/install/aquas_dock_align:/home/xavier/Developer/aquas-ROS-apriltags/install/aquas_camera_bringup:/home/xavier/Developer/aquas-ROS-apriltags/install/aquas_apriltag_bringup:/opt/ros/humble /usr/bin/cmake --build /home/xavier/Developer/aquas-ROS-apriltags/build/apriltag -- -j4 -l4
[4.916s] INFO:colcon.colcon_core.task.python.build:Building Python package in '/home/xavier/Developer/aquas-ROS-apriltags/src/aquas_apriltag_bringup'
[4.918s] INFO:colcon.colcon_core.shell:Skip shell extension 'powershell' for command environment: Not usable outside of PowerShell
[4.918s] DEBUG:colcon.colcon_core.shell:Skip shell extension 'dsv' for command environment
[4.956s] DEBUG:colcon.colcon_core.event_handler.log_command:Invoked command in '/home/xavier/Developer/aquas-ROS-apriltags/build/camera_calibration_parsers' returned '0': CMAKE_PREFIX_PATH=${CMAKE_PREFIX_PATH}:/home/xavier/Developer/aquas-ROS-apriltags/install/camera_info_manager_py:/home/xavier/Developer/aquas-ROS-apriltags/install/aquas_dock_align:/home/xavier/Developer/aquas-ROS-apriltags/install/aquas_camera_bringup:/home/xavier/Developer/aquas-ROS-apriltags/install/aquas_apriltag_bringup:/opt/ros/humble /usr/bin/cmake --build /home/xavier/Developer/aquas-ROS-apriltags/build/camera_calibration_parsers -- -j4 -l4
[5.012s] DEBUG:colcon.colcon_core.event_handler.log_command:Invoking command in '/home/xavier/Developer/aquas-ROS-apriltags/build/camera_calibration_parsers': CMAKE_PREFIX_PATH=${CMAKE_PREFIX_PATH}:/home/xavier/Developer/aquas-ROS-apriltags/install/camera_info_manager_py:/home/xavier/Developer/aquas-ROS-apriltags/install/aquas_dock_align:/home/xavier/Developer/aquas-ROS-apriltags/install/aquas_camera_bringup:/home/xavier/Developer/aquas-ROS-apriltags/install/aquas_apriltag_bringup:/opt/ros/humble /usr/bin/cmake --install /home/xavier/Developer/aquas-ROS-apriltags/build/camera_calibration_parsers
[5.015s] DEBUG:colcon.colcon_core.event_handler.log_command:Invoked command in '/home/xavier/Developer/aquas-ROS-apriltags/build/image_transport' returned '0': CMAKE_PREFIX_PATH=${CMAKE_PREFIX_PATH}:/home/xavier/Developer/aquas-ROS-apriltags/install/camera_info_manager_py:/home/xavier/Developer/aquas-ROS-apriltags/install/aquas_dock_align:/home/xavier/Developer/aquas-ROS-apriltags/install/aquas_camera_bringup:/home/xavier/Developer/aquas-ROS-apriltags/install/aquas_apriltag_bringup:/opt/ros/humble /usr/bin/cmake --build /home/xavier/Developer/aquas-ROS-apriltags/build/image_transport -- -j4 -l4
[5.029s] DEBUG:colcon.colcon_core.event_handler.log_command:Invoking command in '/home/xavier/Developer/aquas-ROS-apriltags/build/image_transport': CMAKE_PREFIX_PATH=${CMAKE_PREFIX_PATH}:/home/xavier/Developer/aquas-ROS-apriltags/install/camera_info_manager_py:/home/xavier/Developer/aquas-ROS-apriltags/install/aquas_dock_align:/home/xavier/Developer/aquas-ROS-apriltags/install/aquas_camera_bringup:/home/xavier/Developer/aquas-ROS-apriltags/install/aquas_apriltag_bringup:/opt/ros/humble /usr/bin/cmake --install /home/xavier/Developer/aquas-ROS-apriltags/build/image_transport
[5.219s] Level 1:colcon.colcon_core.environment:create_environment_scripts_only(camera_calibration_parsers)
[5.226s] DEBUG:colcon.colcon_core.event_handler.log_command:Invoked command in '/home/xavier/Developer/aquas-ROS-apriltags/build/camera_calibration_parsers' returned '0': CMAKE_PREFIX_PATH=${CMAKE_PREFIX_PATH}:/home/xavier/Developer/aquas-ROS-apriltags/install/camera_info_manager_py:/home/xavier/Developer/aquas-ROS-apriltags/install/aquas_dock_align:/home/xavier/Developer/aquas-ROS-apriltags/install/aquas_camera_bringup:/home/xavier/Developer/aquas-ROS-apriltags/install/aquas_apriltag_bringup:/opt/ros/humble /usr/bin/cmake --install /home/xavier/Developer/aquas-ROS-apriltags/build/camera_calibration_parsers
[5.261s] Level 1:colcon.colcon_core.environment:checking '/home/xavier/Developer/aquas-ROS-apriltags/install/camera_calibration_parsers' for CMake module files
[5.265s] Level 1:colcon.colcon_core.environment:checking '/home/xavier/Developer/aquas-ROS-apriltags/install/camera_calibration_parsers' for CMake config files
[5.270s] Level 1:colcon.colcon_core.shell:create_environment_hook('camera_calibration_parsers', 'cmake_prefix_path')
[5.272s] INFO:colcon.colcon_core.shell:Creating environment hook '/home/xavier/Developer/aquas-ROS-apriltags/install/camera_calibration_parsers/share/camera_calibration_parsers/hook/cmake_prefix_path.ps1'
[5.274s] INFO:colcon.colcon_core.shell:Creating environment descriptor '/home/xavier/Developer/aquas-ROS-apriltags/install/camera_calibration_parsers/share/camera_calibration_parsers/hook/cmake_prefix_path.dsv'
[5.277s] INFO:colcon.colcon_core.shell:Creating environment hook '/home/xavier/Developer/aquas-ROS-apriltags/install/camera_calibration_parsers/share/camera_calibration_parsers/hook/cmake_prefix_path.sh'
[5.281s] Level 1:colcon.colcon_core.environment:checking '/home/xavier/Developer/aquas-ROS-apriltags/install/camera_calibration_parsers/lib'
[5.282s] Level 1:colcon.colcon_core.shell:create_environment_hook('camera_calibration_parsers', 'ld_library_path_lib')
[5.283s] INFO:colcon.colcon_core.shell:Creating environment hook '/home/xavier/Developer/aquas-ROS-apriltags/install/camera_calibration_parsers/share/camera_calibration_parsers/hook/ld_library_path_lib.ps1'
[5.285s] INFO:colcon.colcon_core.shell:Creating environment descriptor '/home/xavier/Developer/aquas-ROS-apriltags/install/camera_calibration_parsers/share/camera_calibration_parsers/hook/ld_library_path_lib.dsv'
[5.288s] INFO:colcon.colcon_core.shell:Creating environment hook '/home/xavier/Developer/aquas-ROS-apriltags/install/camera_calibration_parsers/share/camera_calibration_parsers/hook/ld_library_path_lib.sh'
[5.290s] Level 1:colcon.colcon_core.environment:checking '/home/xavier/Developer/aquas-ROS-apriltags/install/camera_calibration_parsers/bin'
[5.291s] Level 1:colcon.colcon_core.environment:checking '/home/xavier/Developer/aquas-ROS-apriltags/install/camera_calibration_parsers/lib/pkgconfig/camera_calibration_parsers.pc'
[5.292s] Level 1:colcon.colcon_core.environment:checking '/home/xavier/Developer/aquas-ROS-apriltags/install/camera_calibration_parsers/lib/python3.10/site-packages'
[5.294s] Level 1:colcon.colcon_core.environment:checking '/home/xavier/Developer/aquas-ROS-apriltags/install/camera_calibration_parsers/bin'
[5.296s] INFO:colcon.colcon_core.shell:Creating package script '/home/xavier/Developer/aquas-ROS-apriltags/install/camera_calibration_parsers/share/camera_calibration_parsers/package.ps1'
[5.300s] INFO:colcon.colcon_core.shell:Creating package descriptor '/home/xavier/Developer/aquas-ROS-apriltags/install/camera_calibration_parsers/share/camera_calibration_parsers/package.dsv'
[5.304s] INFO:colcon.colcon_core.shell:Creating package script '/home/xavier/Developer/aquas-ROS-apriltags/install/camera_calibration_parsers/share/camera_calibration_parsers/package.sh'
[5.309s] INFO:colcon.colcon_core.shell:Creating package script '/home/xavier/Developer/aquas-ROS-apriltags/install/camera_calibration_parsers/share/camera_calibration_parsers/package.bash'
[5.313s] INFO:colcon.colcon_core.shell:Creating package script '/home/xavier/Developer/aquas-ROS-apriltags/install/camera_calibration_parsers/share/camera_calibration_parsers/package.zsh'
[5.317s] Level 1:colcon.colcon_core.environment:create_file_with_runtime_dependencies(/home/xavier/Developer/aquas-ROS-apriltags/install/camera_calibration_parsers/share/colcon-core/packages/camera_calibration_parsers)
[5.320s] Level 1:colcon.colcon_core.environment:create_environment_scripts_only(camera_calibration_parsers)
[5.322s] Level 1:colcon.colcon_core.environment:checking '/home/xavier/Developer/aquas-ROS-apriltags/install/camera_calibration_parsers' for CMake module files
[5.326s] Level 1:colcon.colcon_core.environment:checking '/home/xavier/Developer/aquas-ROS-apriltags/install/camera_calibration_parsers' for CMake config files
[5.331s] Level 1:colcon.colcon_core.shell:create_environment_hook('camera_calibration_parsers', 'cmake_prefix_path')
[5.332s] INFO:colcon.colcon_core.shell:Creating environment hook '/home/xavier/Developer/aquas-ROS-apriltags/install/camera_calibration_parsers/share/camera_calibration_parsers/hook/cmake_prefix_path.ps1'
[5.335s] INFO:colcon.colcon_core.shell:Creating environment descriptor '/home/xavier/Developer/aquas-ROS-apriltags/install/camera_calibration_parsers/share/camera_calibration_parsers/hook/cmake_prefix_path.dsv'
[5.337s] INFO:colcon.colcon_core.shell:Creating environment hook '/home/xavier/Developer/aquas-ROS-apriltags/install/camera_calibration_parsers/share/camera_calibration_parsers/hook/cmake_prefix_path.sh'
[5.341s] Level 1:colcon.colcon_core.environment:checking '/home/xavier/Developer/aquas-ROS-apriltags/install/camera_calibration_parsers/lib'
[5.342s] Level 1:colcon.colcon_core.shell:create_environment_hook('camera_calibration_parsers', 'ld_library_path_lib')
[5.343s] INFO:colcon.colcon_core.shell:Creating environment hook '/home/xavier/Developer/aquas-ROS-apriltags/install/camera_calibration_parsers/share/camera_calibration_parsers/hook/ld_library_path_lib.ps1'
[5.345s] INFO:colcon.colcon_core.shell:Creating environment descriptor '/home/xavier/Developer/aquas-ROS-apriltags/install/camera_calibration_parsers/share/camera_calibration_parsers/hook/ld_library_path_lib.dsv'
[5.348s] INFO:colcon.colcon_core.shell:Creating environment hook '/home/xavier/Developer/aquas-ROS-apriltags/install/camera_calibration_parsers/share/camera_calibration_parsers/hook/ld_library_path_lib.sh'
[5.351s] Level 1:colcon.colcon_core.environment:checking '/home/xavier/Developer/aquas-ROS-apriltags/install/camera_calibration_parsers/bin'
[5.351s] Level 1:colcon.colcon_core.environment:checking '/home/xavier/Developer/aquas-ROS-apriltags/install/camera_calibration_parsers/lib/pkgconfig/camera_calibration_parsers.pc'
[5.352s] Level 1:colcon.colcon_core.environment:checking '/home/xavier/Developer/aquas-ROS-apriltags/install/camera_calibration_parsers/lib/python3.10/site-packages'
[5.354s] Level 1:colcon.colcon_core.environment:checking '/home/xavier/Developer/aquas-ROS-apriltags/install/camera_calibration_parsers/bin'
[5.356s] INFO:colcon.colcon_core.shell:Creating package script '/home/xavier/Developer/aquas-ROS-apriltags/install/camera_calibration_parsers/share/camera_calibration_parsers/package.ps1'
[5.360s] INFO:colcon.colcon_core.shell:Creating package descriptor '/home/xavier/Developer/aquas-ROS-apriltags/install/camera_calibration_parsers/share/camera_calibration_parsers/package.dsv'
[5.363s] INFO:colcon.colcon_core.shell:Creating package script '/home/xavier/Developer/aquas-ROS-apriltags/install/camera_calibration_parsers/share/camera_calibration_parsers/package.sh'
[5.366s] INFO:colcon.colcon_core.shell:Creating package script '/home/xavier/Developer/aquas-ROS-apriltags/install/camera_calibration_parsers/share/camera_calibration_parsers/package.bash'
[5.369s] INFO:colcon.colcon_core.shell:Creating package script '/home/xavier/Developer/aquas-ROS-apriltags/install/camera_calibration_parsers/share/camera_calibration_parsers/package.zsh'
[5.372s] Level 1:colcon.colcon_core.environment:create_file_with_runtime_dependencies(/home/xavier/Developer/aquas-ROS-apriltags/install/camera_calibration_parsers/share/colcon-core/packages/camera_calibration_parsers)
[5.375s] INFO:colcon.colcon_ros.task.ament_cmake.build:Building ROS package in '/home/xavier/Developer/aquas-ROS-apriltags/src/image_common/camera_info_manager' with build type 'ament_cmake'
[5.376s] INFO:colcon.colcon_cmake.task.cmake.build:Building CMake package in '/home/xavier/Developer/aquas-ROS-apriltags/src/image_common/camera_info_manager'
[5.377s] INFO:colcon.colcon_core.shell:Skip shell extension 'powershell' for command environment: Not usable outside of PowerShell
[5.377s] DEBUG:colcon.colcon_core.shell:Skip shell extension 'dsv' for command environment
[5.412s] DEBUG:colcon.colcon_core.event_handler.log_command:Invoked command in '/home/xavier/Developer/aquas-ROS-apriltags/build/apriltag' returned '0': CMAKE_PREFIX_PATH=${CMAKE_PREFIX_PATH}:/home/xavier/Developer/aquas-ROS-apriltags/install/camera_info_manager_py:/home/xavier/Developer/aquas-ROS-apriltags/install/aquas_dock_align:/home/xavier/Developer/aquas-ROS-apriltags/install/aquas_camera_bringup:/home/xavier/Developer/aquas-ROS-apriltags/install/aquas_apriltag_bringup:/opt/ros/humble /usr/bin/cmake --build /home/xavier/Developer/aquas-ROS-apriltags/build/apriltag -- -j4 -l4
[5.423s] DEBUG:colcon.colcon_core.event_handler.log_command:Invoking command in '/home/xavier/Developer/aquas-ROS-apriltags/build/apriltag': CMAKE_PREFIX_PATH=${CMAKE_PREFIX_PATH}:/home/xavier/Developer/aquas-ROS-apriltags/install/camera_info_manager_py:/home/xavier/Developer/aquas-ROS-apriltags/install/aquas_dock_align:/home/xavier/Developer/aquas-ROS-apriltags/install/aquas_camera_bringup:/home/xavier/Developer/aquas-ROS-apriltags/install/aquas_apriltag_bringup:/opt/ros/humble /usr/bin/cmake --install /home/xavier/Developer/aquas-ROS-apriltags/build/apriltag
[5.436s] Level 1:colcon.colcon_core.environment:create_environment_scripts_only(image_transport)
[5.438s] Level 1:colcon.colcon_core.environment:checking '/home/xavier/Developer/aquas-ROS-apriltags/install/image_transport' for CMake module files
[5.440s] DEBUG:colcon.colcon_core.event_handler.log_command:Invoked command in '/home/xavier/Developer/aquas-ROS-apriltags/build/image_transport' returned '0': CMAKE_PREFIX_PATH=${CMAKE_PREFIX_PATH}:/home/xavier/Developer/aquas-ROS-apriltags/install/camera_info_manager_py:/home/xavier/Developer/aquas-ROS-apriltags/install/aquas_dock_align:/home/xavier/Developer/aquas-ROS-apriltags/install/aquas_camera_bringup:/home/xavier/Developer/aquas-ROS-apriltags/install/aquas_apriltag_bringup:/opt/ros/humble /usr/bin/cmake --install /home/xavier/Developer/aquas-ROS-apriltags/build/image_transport
[5.444s] Level 1:colcon.colcon_core.environment:checking '/home/xavier/Developer/aquas-ROS-apriltags/install/image_transport' for CMake config files
[5.450s] Level 1:colcon.colcon_core.shell:create_environment_hook('image_transport', 'cmake_prefix_path')
[5.452s] INFO:colcon.colcon_core.shell:Creating environment hook '/home/xavier/Developer/aquas-ROS-apriltags/install/image_transport/share/image_transport/hook/cmake_prefix_path.ps1'
[5.456s] INFO:colcon.colcon_core.shell:Creating environment descriptor '/home/xavier/Developer/aquas-ROS-apriltags/install/image_transport/share/image_transport/hook/cmake_prefix_path.dsv'
[5.460s] INFO:colcon.colcon_core.shell:Creating environment hook '/home/xavier/Developer/aquas-ROS-apriltags/install/image_transport/share/image_transport/hook/cmake_prefix_path.sh'
[5.464s] Level 1:colcon.colcon_core.environment:checking '/home/xavier/Developer/aquas-ROS-apriltags/install/image_transport/lib'
[5.465s] Level 1:colcon.colcon_core.shell:create_environment_hook('image_transport', 'ld_library_path_lib')
[5.466s] INFO:colcon.colcon_core.shell:Creating environment hook '/home/xavier/Developer/aquas-ROS-apriltags/install/image_transport/share/image_transport/hook/ld_library_path_lib.ps1'
[5.475s] INFO:colcon.colcon_core.shell:Creating environment descriptor '/home/xavier/Developer/aquas-ROS-apriltags/install/image_transport/share/image_transport/hook/ld_library_path_lib.dsv'
[5.480s] INFO:colcon.colcon_core.shell:Creating environment hook '/home/xavier/Developer/aquas-ROS-apriltags/install/image_transport/share/image_transport/hook/ld_library_path_lib.sh'
[5.489s] Level 1:colcon.colcon_core.environment:checking '/home/xavier/Developer/aquas-ROS-apriltags/install/image_transport/bin'
[5.490s] Level 1:colcon.colcon_core.environment:checking '/home/xavier/Developer/aquas-ROS-apriltags/install/image_transport/lib/pkgconfig/image_transport.pc'
[5.493s] Level 1:colcon.colcon_core.environment:checking '/home/xavier/Developer/aquas-ROS-apriltags/install/image_transport/lib/python3.10/site-packages'
[5.496s] Level 1:colcon.colcon_core.environment:checking '/home/xavier/Developer/aquas-ROS-apriltags/install/image_transport/bin'
[5.498s] INFO:colcon.colcon_core.shell:Creating package script '/home/xavier/Developer/aquas-ROS-apriltags/install/image_transport/share/image_transport/package.ps1'
[5.504s] INFO:colcon.colcon_core.shell:Creating package descriptor '/home/xavier/Developer/aquas-ROS-apriltags/install/image_transport/share/image_transport/package.dsv'
[5.511s] INFO:colcon.colcon_core.shell:Creating package script '/home/xavier/Developer/aquas-ROS-apriltags/install/image_transport/share/image_transport/package.sh'
[5.517s] INFO:colcon.colcon_core.shell:Creating package script '/home/xavier/Developer/aquas-ROS-apriltags/install/image_transport/share/image_transport/package.bash'
[5.521s] INFO:colcon.colcon_core.shell:Creating package script '/home/xavier/Developer/aquas-ROS-apriltags/install/image_transport/share/image_transport/package.zsh'
[5.526s] Level 1:colcon.colcon_core.environment:create_file_with_runtime_dependencies(/home/xavier/Developer/aquas-ROS-apriltags/install/image_transport/share/colcon-core/packages/image_transport)
[5.533s] Level 1:colcon.colcon_core.environment:create_environment_scripts_only(image_transport)
[5.535s] Level 1:colcon.colcon_core.environment:checking '/home/xavier/Developer/aquas-ROS-apriltags/install/image_transport' for CMake module files
[5.545s] Level 1:colcon.colcon_core.environment:checking '/home/xavier/Developer/aquas-ROS-apriltags/install/image_transport' for CMake config files
[5.551s] Level 1:colcon.colcon_core.shell:create_environment_hook('image_transport', 'cmake_prefix_path')
[5.552s] INFO:colcon.colcon_core.shell:Creating environment hook '/home/xavier/Developer/aquas-ROS-apriltags/install/image_transport/share/image_transport/hook/cmake_prefix_path.ps1'
[5.554s] INFO:colcon.colcon_core.shell:Creating environment descriptor '/home/xavier/Developer/aquas-ROS-apriltags/install/image_transport/share/image_transport/hook/cmake_prefix_path.dsv'
[5.557s] INFO:colcon.colcon_core.shell:Creating environment hook '/home/xavier/Developer/aquas-ROS-apriltags/install/image_transport/share/image_transport/hook/cmake_prefix_path.sh'
[5.562s] Level 1:colcon.colcon_core.environment:checking '/home/xavier/Developer/aquas-ROS-apriltags/install/image_transport/lib'
[5.562s] Level 1:colcon.colcon_core.shell:create_environment_hook('image_transport', 'ld_library_path_lib')
[5.563s] INFO:colcon.colcon_core.shell:Creating environment hook '/home/xavier/Developer/aquas-ROS-apriltags/install/image_transport/share/image_transport/hook/ld_library_path_lib.ps1'
[5.567s] INFO:colcon.colcon_core.shell:Creating environment descriptor '/home/xavier/Developer/aquas-ROS-apriltags/install/image_transport/share/image_transport/hook/ld_library_path_lib.dsv'
[5.584s] INFO:colcon.colcon_core.shell:Creating environment hook '/home/xavier/Developer/aquas-ROS-apriltags/install/image_transport/share/image_transport/hook/ld_library_path_lib.sh'
[5.587s] Level 1:colcon.colcon_core.environment:checking '/home/xavier/Developer/aquas-ROS-apriltags/install/image_transport/bin'
[5.587s] Level 1:colcon.colcon_core.environment:checking '/home/xavier/Developer/aquas-ROS-apriltags/install/image_transport/lib/pkgconfig/image_transport.pc'
[5.588s] Level 1:colcon.colcon_core.environment:checking '/home/xavier/Developer/aquas-ROS-apriltags/install/image_transport/lib/python3.10/site-packages'
[5.590s] Level 1:colcon.colcon_core.environment:checking '/home/xavier/Developer/aquas-ROS-apriltags/install/image_transport/bin'
[5.592s] INFO:colcon.colcon_core.shell:Creating package script '/home/xavier/Developer/aquas-ROS-apriltags/install/image_transport/share/image_transport/package.ps1'
[5.595s] INFO:colcon.colcon_core.shell:Creating package descriptor '/home/xavier/Developer/aquas-ROS-apriltags/install/image_transport/share/image_transport/package.dsv'
[5.599s] INFO:colcon.colcon_core.shell:Creating package script '/home/xavier/Developer/aquas-ROS-apriltags/install/image_transport/share/image_transport/package.sh'
[5.601s] INFO:colcon.colcon_core.shell:Creating package script '/home/xavier/Developer/aquas-ROS-apriltags/install/image_transport/share/image_transport/package.bash'
[5.604s] INFO:colcon.colcon_core.shell:Creating package script '/home/xavier/Developer/aquas-ROS-apriltags/install/image_transport/share/image_transport/package.zsh'
[5.607s] Level 1:colcon.colcon_core.environment:create_file_with_runtime_dependencies(/home/xavier/Developer/aquas-ROS-apriltags/install/image_transport/share/colcon-core/packages/image_transport)
[5.610s] INFO:colcon.colcon_ros.task.ament_python.build:Building ROS package in '/home/xavier/Developer/aquas-ROS-apriltags/src/aquas_camera_bringup' with build type 'ament_python'
[5.611s] Level 1:colcon.colcon_core.shell:create_environment_hook('aquas_camera_bringup', 'ament_prefix_path')
[5.613s] INFO:colcon.colcon_core.shell:Creating environment hook '/home/xavier/Developer/aquas-ROS-apriltags/install/aquas_camera_bringup/share/aquas_camera_bringup/hook/ament_prefix_path.ps1'
[5.617s] INFO:colcon.colcon_core.shell:Creating environment descriptor '/home/xavier/Developer/aquas-ROS-apriltags/install/aquas_camera_bringup/share/aquas_camera_bringup/hook/ament_prefix_path.dsv'
[5.619s] INFO:colcon.colcon_core.shell:Creating environment hook '/home/xavier/Developer/aquas-ROS-apriltags/install/aquas_camera_bringup/share/aquas_camera_bringup/hook/ament_prefix_path.sh'
[5.622s] INFO:colcon.colcon_core.shell:Skip shell extension 'powershell' for command environment: Not usable outside of PowerShell
[5.622s] DEBUG:colcon.colcon_core.shell:Skip shell extension 'dsv' for command environment
[5.671s] DEBUG:colcon.colcon_core.event_handler.log_command:Invoking command in '/home/xavier/Developer/aquas-ROS-apriltags/build/camera_info_manager': CMAKE_PREFIX_PATH=/home/xavier/Developer/aquas-ROS-apriltags/install/camera_calibration_parsers:/home/xavier/Developer/aquas-ROS-apriltags/install/image_common:/home/xavier/Developer/aquas-ROS-apriltags/install/apriltag_ros:/home/xavier/Developer/aquas-ROS-apriltags/install/image_transport:/home/xavier/Developer/aquas-ROS-apriltags/install/camera_info_manager:/home/xavier/Developer/aquas-ROS-apriltags/install/apriltag:/home/xavier/Developer/aquas-ROS-apriltags/install/camera_info_manager_py:/home/xavier/Developer/aquas-ROS-apriltags/install/aquas_dock_align:/home/xavier/Developer/aquas-ROS-apriltags/install/aquas_camera_bringup:/home/xavier/Developer/aquas-ROS-apriltags/install/aquas_apriltag_bringup:/opt/ros/humble LD_LIBRARY_PATH=/home/xavier/Developer/aquas-ROS-apriltags/install/camera_calibration_parsers/lib:/home/xavier/Developer/aquas-ROS-apriltags/install/apriltag_ros/lib:/home/xavier/Developer/aquas-ROS-apriltags/install/image_transport/lib:/home/xavier/Developer/aquas-ROS-apriltags/install/camera_info_manager/lib:/home/xavier/Developer/aquas-ROS-apriltags/install/apriltag/lib:/opt/ros/humble/opt/rviz_ogre_vendor/lib:/opt/ros/humble/lib/aarch64-linux-gnu:/opt/ros/humble/lib /usr/bin/cmake --build /home/xavier/Developer/aquas-ROS-apriltags/build/camera_info_manager -- -j4 -l4
[5.679s] DEBUG:colcon.colcon_core.event_handler.log_command:Invoked command in '/home/xavier/Developer/aquas-ROS-apriltags/build/apriltag' returned '0': CMAKE_PREFIX_PATH=${CMAKE_PREFIX_PATH}:/home/xavier/Developer/aquas-ROS-apriltags/install/camera_info_manager_py:/home/xavier/Developer/aquas-ROS-apriltags/install/aquas_dock_align:/home/xavier/Developer/aquas-ROS-apriltags/install/aquas_camera_bringup:/home/xavier/Developer/aquas-ROS-apriltags/install/aquas_apriltag_bringup:/opt/ros/humble /usr/bin/cmake --install /home/xavier/Developer/aquas-ROS-apriltags/build/apriltag
[5.681s] Level 1:colcon.colcon_core.shell:create_environment_hook('apriltag', 'pkg_config_path')
[5.682s] INFO:colcon.colcon_core.shell:Creating environment hook '/home/xavier/Developer/aquas-ROS-apriltags/install/apriltag/share/apriltag/hook/pkg_config_path.ps1'
[5.685s] INFO:colcon.colcon_core.shell:Creating environment descriptor '/home/xavier/Developer/aquas-ROS-apriltags/install/apriltag/share/apriltag/hook/pkg_config_path.dsv'
[5.687s] INFO:colcon.colcon_core.shell:Creating environment hook '/home/xavier/Developer/aquas-ROS-apriltags/install/apriltag/share/apriltag/hook/pkg_config_path.sh'
[5.710s] Level 1:colcon.colcon_core.shell:create_environment_hook('apriltag', 'pkg_config_path_multiarch')
[5.712s] INFO:colcon.colcon_core.shell:Creating environment hook '/home/xavier/Developer/aquas-ROS-apriltags/install/apriltag/share/apriltag/hook/pkg_config_path_multiarch.ps1'
[5.715s] INFO:colcon.colcon_core.shell:Creating environment descriptor '/home/xavier/Developer/aquas-ROS-apriltags/install/apriltag/share/apriltag/hook/pkg_config_path_multiarch.dsv'
[5.718s] INFO:colcon.colcon_core.shell:Creating environment hook '/home/xavier/Developer/aquas-ROS-apriltags/install/apriltag/share/apriltag/hook/pkg_config_path_multiarch.sh'
[5.721s] Level 1:colcon.colcon_core.environment:create_environment_scripts_only(apriltag)
[5.722s] Level 1:colcon.colcon_core.environment:checking '/home/xavier/Developer/aquas-ROS-apriltags/install/apriltag' for CMake module files
[5.726s] Level 1:colcon.colcon_core.environment:checking '/home/xavier/Developer/aquas-ROS-apriltags/install/apriltag' for CMake config files
[5.728s] Level 1:colcon.colcon_core.shell:create_environment_hook('apriltag', 'cmake_prefix_path')
[5.729s] INFO:colcon.colcon_core.shell:Creating environment hook '/home/xavier/Developer/aquas-ROS-apriltags/install/apriltag/share/apriltag/hook/cmake_prefix_path.ps1'
[5.731s] INFO:colcon.colcon_core.shell:Creating environment descriptor '/home/xavier/Developer/aquas-ROS-apriltags/install/apriltag/share/apriltag/hook/cmake_prefix_path.dsv'
[5.734s] INFO:colcon.colcon_core.shell:Creating environment hook '/home/xavier/Developer/aquas-ROS-apriltags/install/apriltag/share/apriltag/hook/cmake_prefix_path.sh'
[5.739s] Level 1:colcon.colcon_core.environment:checking '/home/xavier/Developer/aquas-ROS-apriltags/install/apriltag/lib'
[5.739s] Level 1:colcon.colcon_core.shell:create_environment_hook('apriltag', 'ld_library_path_lib')
[5.741s] INFO:colcon.colcon_core.shell:Creating environment hook '/home/xavier/Developer/aquas-ROS-apriltags/install/apriltag/share/apriltag/hook/ld_library_path_lib.ps1'
[5.743s] INFO:colcon.colcon_core.shell:Creating environment descriptor '/home/xavier/Developer/aquas-ROS-apriltags/install/apriltag/share/apriltag/hook/ld_library_path_lib.dsv'
[5.746s] INFO:colcon.colcon_core.shell:Creating environment hook '/home/xavier/Developer/aquas-ROS-apriltags/install/apriltag/share/apriltag/hook/ld_library_path_lib.sh'
[5.750s] Level 1:colcon.colcon_core.environment:checking '/home/xavier/Developer/aquas-ROS-apriltags/install/apriltag/bin'
[5.751s] Level 1:colcon.colcon_core.shell:create_environment_hook('apriltag', 'path')
[5.752s] INFO:colcon.colcon_core.shell:Creating environment hook '/home/xavier/Developer/aquas-ROS-apriltags/install/apriltag/share/apriltag/hook/path.ps1'
[5.755s] INFO:colcon.colcon_core.shell:Creating environment descriptor '/home/xavier/Developer/aquas-ROS-apriltags/install/apriltag/share/apriltag/hook/path.dsv'
[5.761s] INFO:colcon.colcon_core.shell:Creating environment hook '/home/xavier/Developer/aquas-ROS-apriltags/install/apriltag/share/apriltag/hook/path.sh'
[5.764s] Level 1:colcon.colcon_core.environment:checking '/home/xavier/Developer/aquas-ROS-apriltags/install/apriltag/lib/pkgconfig/apriltag.pc'
[5.764s] Level 1:colcon.colcon_core.shell:create_environment_hook('apriltag', 'pkg_config')
[5.766s] INFO:colcon.colcon_core.shell:Creating environment hook '/home/xavier/Developer/aquas-ROS-apriltags/install/apriltag/share/apriltag/hook/pkg_config.ps1'
[5.770s] INFO:colcon.colcon_core.shell:Creating environment descriptor '/home/xavier/Developer/aquas-ROS-apriltags/install/apriltag/share/apriltag/hook/pkg_config.dsv'
[5.772s] INFO:colcon.colcon_core.shell:Creating environment hook '/home/xavier/Developer/aquas-ROS-apriltags/install/apriltag/share/apriltag/hook/pkg_config.sh'
[5.776s] Level 1:colcon.colcon_core.environment:checking '/home/xavier/Developer/aquas-ROS-apriltags/install/apriltag/lib/python3.10/site-packages'
[5.777s] Level 1:colcon.colcon_core.shell:create_environment_hook('apriltag', 'pythonpath')
[5.778s] INFO:colcon.colcon_core.shell:Creating environment hook '/home/xavier/Developer/aquas-ROS-apriltags/install/apriltag/share/apriltag/hook/pythonpath.ps1'
[5.781s] INFO:colcon.colcon_core.shell:Creating environment descriptor '/home/xavier/Developer/aquas-ROS-apriltags/install/apriltag/share/apriltag/hook/pythonpath.dsv'
[5.783s] INFO:colcon.colcon_core.shell:Creating environment hook '/home/xavier/Developer/aquas-ROS-apriltags/install/apriltag/share/apriltag/hook/pythonpath.sh'
[5.788s] Level 1:colcon.colcon_core.environment:checking '/home/xavier/Developer/aquas-ROS-apriltags/install/apriltag/bin'
[5.788s] Level 1:colcon.colcon_core.shell:create_environment_hook('apriltag', 'pythonscriptspath')
[5.789s] INFO:colcon.colcon_core.shell:Creating environment hook '/home/xavier/Developer/aquas-ROS-apriltags/install/apriltag/share/apriltag/hook/pythonscriptspath.ps1'
[5.792s] INFO:colcon.colcon_core.shell:Creating environment descriptor '/home/xavier/Developer/aquas-ROS-apriltags/install/apriltag/share/apriltag/hook/pythonscriptspath.dsv'
[5.795s] INFO:colcon.colcon_core.shell:Creating environment hook '/home/xavier/Developer/aquas-ROS-apriltags/install/apriltag/share/apriltag/hook/pythonscriptspath.sh'
[5.800s] INFO:colcon.colcon_core.shell:Creating package script '/home/xavier/Developer/aquas-ROS-apriltags/install/apriltag/share/apriltag/package.ps1'
[5.805s] INFO:colcon.colcon_core.shell:Creating package descriptor '/home/xavier/Developer/aquas-ROS-apriltags/install/apriltag/share/apriltag/package.dsv'
[5.809s] INFO:colcon.colcon_core.shell:Creating package script '/home/xavier/Developer/aquas-ROS-apriltags/install/apriltag/share/apriltag/package.sh'
[5.813s] INFO:colcon.colcon_core.shell:Creating package script '/home/xavier/Developer/aquas-ROS-apriltags/install/apriltag/share/apriltag/package.bash'
[5.816s] INFO:colcon.colcon_core.shell:Creating package script '/home/xavier/Developer/aquas-ROS-apriltags/install/apriltag/share/apriltag/package.zsh'
[5.819s] Level 1:colcon.colcon_core.environment:create_file_with_runtime_dependencies(/home/xavier/Developer/aquas-ROS-apriltags/install/apriltag/share/colcon-core/packages/apriltag)
[5.825s] INFO:colcon.colcon_ros.task.ament_python.build:Building ROS package in '/home/xavier/Developer/aquas-ROS-apriltags/src/aquas_dock_align' with build type 'ament_python'
[5.827s] Level 1:colcon.colcon_core.shell:create_environment_hook('aquas_dock_align', 'ament_prefix_path')
[5.829s] INFO:colcon.colcon_core.shell:Creating environment hook '/home/xavier/Developer/aquas-ROS-apriltags/install/aquas_dock_align/share/aquas_dock_align/hook/ament_prefix_path.ps1'
[5.832s] INFO:colcon.colcon_core.shell:Creating environment descriptor '/home/xavier/Developer/aquas-ROS-apriltags/install/aquas_dock_align/share/aquas_dock_align/hook/ament_prefix_path.dsv'
[5.835s] INFO:colcon.colcon_core.shell:Creating environment hook '/home/xavier/Developer/aquas-ROS-apriltags/install/aquas_dock_align/share/aquas_dock_align/hook/ament_prefix_path.sh'
[5.839s] INFO:colcon.colcon_core.shell:Skip shell extension 'powershell' for command environment: Not usable outside of PowerShell
[5.840s] DEBUG:colcon.colcon_core.shell:Skip shell extension 'dsv' for command environment
[7.588s] INFO:colcon.colcon_core.task.python.build:Building Python package in '/home/xavier/Developer/aquas-ROS-apriltags/src/aquas_camera_bringup'
[7.590s] INFO:colcon.colcon_core.shell:Skip shell extension 'powershell' for command environment: Not usable outside of PowerShell
[7.590s] DEBUG:colcon.colcon_core.shell:Skip shell extension 'dsv' for command environment
[9.082s] INFO:colcon.colcon_core.task.python.build:Building Python package in '/home/xavier/Developer/aquas-ROS-apriltags/src/aquas_dock_align'
[9.083s] INFO:colcon.colcon_core.shell:Skip shell extension 'powershell' for command environment: Not usable outside of PowerShell
[9.083s] DEBUG:colcon.colcon_core.shell:Skip shell extension 'dsv' for command environment
[9.122s] DEBUG:colcon.colcon_core.event_handler.log_command:Invoking command in '/home/xavier/Developer/aquas-ROS-apriltags/build/aquas_apriltag_bringup': PYTHONPATH=/home/xavier/Developer/aquas-ROS-apriltags/build/aquas_apriltag_bringup/prefix_override:/usr/lib/python3/dist-packages/colcon_core/task/python/colcon_distutils_commands:/home/xavier/Developer/aquas-ROS-apriltags/install/aquas_apriltag_bringup/lib/python3.10/site-packages:${PYTHONPATH} /usr/bin/python3 -W ignore:setup.py install is deprecated -W ignore:easy_install command is deprecated setup.py develop --editable --build-directory /home/xavier/Developer/aquas-ROS-apriltags/build/aquas_apriltag_bringup/build --no-deps symlink_data
[9.128s] DEBUG:colcon.colcon_core.event_handler.log_command:Invoked command in '/home/xavier/Developer/aquas-ROS-apriltags/build/camera_info_manager' returned '0': CMAKE_PREFIX_PATH=/home/xavier/Developer/aquas-ROS-apriltags/install/camera_calibration_parsers:/home/xavier/Developer/aquas-ROS-apriltags/install/image_common:/home/xavier/Developer/aquas-ROS-apriltags/install/apriltag_ros:/home/xavier/Developer/aquas-ROS-apriltags/install/image_transport:/home/xavier/Developer/aquas-ROS-apriltags/install/camera_info_manager:/home/xavier/Developer/aquas-ROS-apriltags/install/apriltag:/home/xavier/Developer/aquas-ROS-apriltags/install/camera_info_manager_py:/home/xavier/Developer/aquas-ROS-apriltags/install/aquas_dock_align:/home/xavier/Developer/aquas-ROS-apriltags/install/aquas_camera_bringup:/home/xavier/Developer/aquas-ROS-apriltags/install/aquas_apriltag_bringup:/opt/ros/humble LD_LIBRARY_PATH=/home/xavier/Developer/aquas-ROS-apriltags/install/camera_calibration_parsers/lib:/home/xavier/Developer/aquas-ROS-apriltags/install/apriltag_ros/lib:/home/xavier/Developer/aquas-ROS-apriltags/install/image_transport/lib:/home/xavier/Developer/aquas-ROS-apriltags/install/camera_info_manager/lib:/home/xavier/Developer/aquas-ROS-apriltags/install/apriltag/lib:/opt/ros/humble/opt/rviz_ogre_vendor/lib:/opt/ros/humble/lib/aarch64-linux-gnu:/opt/ros/humble/lib /usr/bin/cmake --build /home/xavier/Developer/aquas-ROS-apriltags/build/camera_info_manager -- -j4 -l4
[9.139s] DEBUG:colcon.colcon_core.event_handler.log_command:Invoking command in '/home/xavier/Developer/aquas-ROS-apriltags/build/camera_info_manager': CMAKE_PREFIX_PATH=/home/xavier/Developer/aquas-ROS-apriltags/install/camera_calibration_parsers:/home/xavier/Developer/aquas-ROS-apriltags/install/image_common:/home/xavier/Developer/aquas-ROS-apriltags/install/apriltag_ros:/home/xavier/Developer/aquas-ROS-apriltags/install/image_transport:/home/xavier/Developer/aquas-ROS-apriltags/install/camera_info_manager:/home/xavier/Developer/aquas-ROS-apriltags/install/apriltag:/home/xavier/Developer/aquas-ROS-apriltags/install/camera_info_manager_py:/home/xavier/Developer/aquas-ROS-apriltags/install/aquas_dock_align:/home/xavier/Developer/aquas-ROS-apriltags/install/aquas_camera_bringup:/home/xavier/Developer/aquas-ROS-apriltags/install/aquas_apriltag_bringup:/opt/ros/humble LD_LIBRARY_PATH=/home/xavier/Developer/aquas-ROS-apriltags/install/camera_calibration_parsers/lib:/home/xavier/Developer/aquas-ROS-apriltags/install/apriltag_ros/lib:/home/xavier/Developer/aquas-ROS-apriltags/install/image_transport/lib:/home/xavier/Developer/aquas-ROS-apriltags/install/camera_info_manager/lib:/home/xavier/Developer/aquas-ROS-apriltags/install/apriltag/lib:/opt/ros/humble/opt/rviz_ogre_vendor/lib:/opt/ros/humble/lib/aarch64-linux-gnu:/opt/ros/humble/lib /usr/bin/cmake --install /home/xavier/Developer/aquas-ROS-apriltags/build/camera_info_manager
[9.297s] Level 1:colcon.colcon_core.environment:create_environment_scripts_only(camera_info_manager)
[9.299s] Level 1:colcon.colcon_core.environment:checking '/home/xavier/Developer/aquas-ROS-apriltags/install/camera_info_manager' for CMake module files
[9.301s] DEBUG:colcon.colcon_core.event_handler.log_command:Invoked command in '/home/xavier/Developer/aquas-ROS-apriltags/build/camera_info_manager' returned '0': CMAKE_PREFIX_PATH=/home/xavier/Developer/aquas-ROS-apriltags/install/camera_calibration_parsers:/home/xavier/Developer/aquas-ROS-apriltags/install/image_common:/home/xavier/Developer/aquas-ROS-apriltags/install/apriltag_ros:/home/xavier/Developer/aquas-ROS-apriltags/install/image_transport:/home/xavier/Developer/aquas-ROS-apriltags/install/camera_info_manager:/home/xavier/Developer/aquas-ROS-apriltags/install/apriltag:/home/xavier/Developer/aquas-ROS-apriltags/install/camera_info_manager_py:/home/xavier/Developer/aquas-ROS-apriltags/install/aquas_dock_align:/home/xavier/Developer/aquas-ROS-apriltags/install/aquas_camera_bringup:/home/xavier/Developer/aquas-ROS-apriltags/install/aquas_apriltag_bringup:/opt/ros/humble LD_LIBRARY_PATH=/home/xavier/Developer/aquas-ROS-apriltags/install/camera_calibration_parsers/lib:/home/xavier/Developer/aquas-ROS-apriltags/install/apriltag_ros/lib:/home/xavier/Developer/aquas-ROS-apriltags/install/image_transport/lib:/home/xavier/Developer/aquas-ROS-apriltags/install/camera_info_manager/lib:/home/xavier/Developer/aquas-ROS-apriltags/install/apriltag/lib:/opt/ros/humble/opt/rviz_ogre_vendor/lib:/opt/ros/humble/lib/aarch64-linux-gnu:/opt/ros/humble/lib /usr/bin/cmake --install /home/xavier/Developer/aquas-ROS-apriltags/build/camera_info_manager
[9.306s] Level 1:colcon.colcon_core.environment:checking '/home/xavier/Developer/aquas-ROS-apriltags/install/camera_info_manager' for CMake config files
[9.310s] Level 1:colcon.colcon_core.shell:create_environment_hook('camera_info_manager', 'cmake_prefix_path')
[9.311s] INFO:colcon.colcon_core.shell:Creating environment hook '/home/xavier/Developer/aquas-ROS-apriltags/install/camera_info_manager/share/camera_info_manager/hook/cmake_prefix_path.ps1'
[9.315s] INFO:colcon.colcon_core.shell:Creating environment descriptor '/home/xavier/Developer/aquas-ROS-apriltags/install/camera_info_manager/share/camera_info_manager/hook/cmake_prefix_path.dsv'
[9.318s] INFO:colcon.colcon_core.shell:Creating environment hook '/home/xavier/Developer/aquas-ROS-apriltags/install/camera_info_manager/share/camera_info_manager/hook/cmake_prefix_path.sh'
[9.324s] Level 1:colcon.colcon_core.environment:checking '/home/xavier/Developer/aquas-ROS-apriltags/install/camera_info_manager/lib'
[9.324s] Level 1:colcon.colcon_core.shell:create_environment_hook('camera_info_manager', 'ld_library_path_lib')
[9.326s] INFO:colcon.colcon_core.shell:Creating environment hook '/home/xavier/Developer/aquas-ROS-apriltags/install/camera_info_manager/share/camera_info_manager/hook/ld_library_path_lib.ps1'
[9.329s] INFO:colcon.colcon_core.shell:Creating environment descriptor '/home/xavier/Developer/aquas-ROS-apriltags/install/camera_info_manager/share/camera_info_manager/hook/ld_library_path_lib.dsv'
[9.332s] INFO:colcon.colcon_core.shell:Creating environment hook '/home/xavier/Developer/aquas-ROS-apriltags/install/camera_info_manager/share/camera_info_manager/hook/ld_library_path_lib.sh'
[9.335s] Level 1:colcon.colcon_core.environment:checking '/home/xavier/Developer/aquas-ROS-apriltags/install/camera_info_manager/bin'
[9.336s] Level 1:colcon.colcon_core.environment:checking '/home/xavier/Developer/aquas-ROS-apriltags/install/camera_info_manager/lib/pkgconfig/camera_info_manager.pc'
[9.337s] Level 1:colcon.colcon_core.environment:checking '/home/xavier/Developer/aquas-ROS-apriltags/install/camera_info_manager/lib/python3.10/site-packages'
[9.340s] Level 1:colcon.colcon_core.environment:checking '/home/xavier/Developer/aquas-ROS-apriltags/install/camera_info_manager/bin'
[9.342s] INFO:colcon.colcon_core.shell:Creating package script '/home/xavier/Developer/aquas-ROS-apriltags/install/camera_info_manager/share/camera_info_manager/package.ps1'
[9.345s] INFO:colcon.colcon_core.shell:Creating package descriptor '/home/xavier/Developer/aquas-ROS-apriltags/install/camera_info_manager/share/camera_info_manager/package.dsv'
[9.349s] INFO:colcon.colcon_core.shell:Creating package script '/home/xavier/Developer/aquas-ROS-apriltags/install/camera_info_manager/share/camera_info_manager/package.sh'
[9.353s] INFO:colcon.colcon_core.shell:Creating package script '/home/xavier/Developer/aquas-ROS-apriltags/install/camera_info_manager/share/camera_info_manager/package.bash'
[9.356s] INFO:colcon.colcon_core.shell:Creating package script '/home/xavier/Developer/aquas-ROS-apriltags/install/camera_info_manager/share/camera_info_manager/package.zsh'
[9.359s] Level 1:colcon.colcon_core.environment:create_file_with_runtime_dependencies(/home/xavier/Developer/aquas-ROS-apriltags/install/camera_info_manager/share/colcon-core/packages/camera_info_manager)
[9.364s] Level 1:colcon.colcon_core.environment:create_environment_scripts_only(camera_info_manager)
[9.365s] Level 1:colcon.colcon_core.environment:checking '/home/xavier/Developer/aquas-ROS-apriltags/install/camera_info_manager' for CMake module files
[9.370s] Level 1:colcon.colcon_core.environment:checking '/home/xavier/Developer/aquas-ROS-apriltags/install/camera_info_manager' for CMake config files
[9.374s] Level 1:colcon.colcon_core.shell:create_environment_hook('camera_info_manager', 'cmake_prefix_path')
[9.375s] INFO:colcon.colcon_core.shell:Creating environment hook '/home/xavier/Developer/aquas-ROS-apriltags/install/camera_info_manager/share/camera_info_manager/hook/cmake_prefix_path.ps1'
[9.379s] INFO:colcon.colcon_core.shell:Creating environment descriptor '/home/xavier/Developer/aquas-ROS-apriltags/install/camera_info_manager/share/camera_info_manager/hook/cmake_prefix_path.dsv'
[9.382s] INFO:colcon.colcon_core.shell:Creating environment hook '/home/xavier/Developer/aquas-ROS-apriltags/install/camera_info_manager/share/camera_info_manager/hook/cmake_prefix_path.sh'
[9.386s] Level 1:colcon.colcon_core.environment:checking '/home/xavier/Developer/aquas-ROS-apriltags/install/camera_info_manager/lib'
[9.387s] Level 1:colcon.colcon_core.shell:create_environment_hook('camera_info_manager', 'ld_library_path_lib')
[9.389s] INFO:colcon.colcon_core.shell:Creating environment hook '/home/xavier/Developer/aquas-ROS-apriltags/install/camera_info_manager/share/camera_info_manager/hook/ld_library_path_lib.ps1'
[9.392s] INFO:colcon.colcon_core.shell:Creating environment descriptor '/home/xavier/Developer/aquas-ROS-apriltags/install/camera_info_manager/share/camera_info_manager/hook/ld_library_path_lib.dsv'
[9.395s] INFO:colcon.colcon_core.shell:Creating environment hook '/home/xavier/Developer/aquas-ROS-apriltags/install/camera_info_manager/share/camera_info_manager/hook/ld_library_path_lib.sh'
[9.399s] Level 1:colcon.colcon_core.environment:checking '/home/xavier/Developer/aquas-ROS-apriltags/install/camera_info_manager/bin'
[9.399s] Level 1:colcon.colcon_core.environment:checking '/home/xavier/Developer/aquas-ROS-apriltags/install/camera_info_manager/lib/pkgconfig/camera_info_manager.pc'
[9.401s] Level 1:colcon.colcon_core.environment:checking '/home/xavier/Developer/aquas-ROS-apriltags/install/camera_info_manager/lib/python3.10/site-packages'
[9.403s] Level 1:colcon.colcon_core.environment:checking '/home/xavier/Developer/aquas-ROS-apriltags/install/camera_info_manager/bin'
[9.405s] INFO:colcon.colcon_core.shell:Creating package script '/home/xavier/Developer/aquas-ROS-apriltags/install/camera_info_manager/share/camera_info_manager/package.ps1'
[9.410s] INFO:colcon.colcon_core.shell:Creating package descriptor '/home/xavier/Developer/aquas-ROS-apriltags/install/camera_info_manager/share/camera_info_manager/package.dsv'
[9.415s] INFO:colcon.colcon_core.shell:Creating package script '/home/xavier/Developer/aquas-ROS-apriltags/install/camera_info_manager/share/camera_info_manager/package.sh'
[9.419s] INFO:colcon.colcon_core.shell:Creating package script '/home/xavier/Developer/aquas-ROS-apriltags/install/camera_info_manager/share/camera_info_manager/package.bash'
[9.423s] INFO:colcon.colcon_core.shell:Creating package script '/home/xavier/Developer/aquas-ROS-apriltags/install/camera_info_manager/share/camera_info_manager/package.zsh'
[9.429s] Level 1:colcon.colcon_core.environment:create_file_with_runtime_dependencies(/home/xavier/Developer/aquas-ROS-apriltags/install/camera_info_manager/share/colcon-core/packages/camera_info_manager)
[9.432s] INFO:colcon.colcon_ros.task.ament_python.build:Building ROS package in '/home/xavier/Developer/aquas-ROS-apriltags/src/image_common/camera_info_manager_py' with build type 'ament_python'
[9.433s] Level 1:colcon.colcon_core.shell:create_environment_hook('camera_info_manager_py', 'ament_prefix_path')
[9.437s] INFO:colcon.colcon_core.shell:Creating environment hook '/home/xavier/Developer/aquas-ROS-apriltags/install/camera_info_manager_py/share/camera_info_manager_py/hook/ament_prefix_path.ps1'
[9.441s] INFO:colcon.colcon_core.shell:Creating environment descriptor '/home/xavier/Developer/aquas-ROS-apriltags/install/camera_info_manager_py/share/camera_info_manager_py/hook/ament_prefix_path.dsv'
[9.450s] INFO:colcon.colcon_core.shell:Creating environment hook '/home/xavier/Developer/aquas-ROS-apriltags/install/camera_info_manager_py/share/camera_info_manager_py/hook/ament_prefix_path.sh'
[9.454s] INFO:colcon.colcon_core.shell:Skip shell extension 'powershell' for command environment: Not usable outside of PowerShell
[9.455s] DEBUG:colcon.colcon_core.shell:Skip shell extension 'dsv' for command environment
[11.774s] INFO:colcon.colcon_core.task.python.build:Building Python package in '/home/xavier/Developer/aquas-ROS-apriltags/src/image_common/camera_info_manager_py'
[11.777s] INFO:colcon.colcon_core.shell:Skip shell extension 'powershell' for command environment: Not usable outside of PowerShell
[11.778s] DEBUG:colcon.colcon_core.shell:Skip shell extension 'dsv' for command environment
[11.851s] DEBUG:colcon.colcon_core.event_handler.log_command:Invoking command in '/home/xavier/Developer/aquas-ROS-apriltags/build/aquas_dock_align': PYTHONPATH=/home/xavier/Developer/aquas-ROS-apriltags/build/aquas_dock_align/prefix_override:/usr/lib/python3/dist-packages/colcon_core/task/python/colcon_distutils_commands:/home/xavier/Developer/aquas-ROS-apriltags/install/aquas_dock_align/lib/python3.10/site-packages:${PYTHONPATH} /usr/bin/python3 -W ignore:setup.py install is deprecated -W ignore:easy_install command is deprecated setup.py develop --editable --build-directory /home/xavier/Developer/aquas-ROS-apriltags/build/aquas_dock_align/build --no-deps symlink_data
[11.902s] DEBUG:colcon.colcon_core.event_handler.log_command:Invoking command in '/home/xavier/Developer/aquas-ROS-apriltags/build/aquas_camera_bringup': PYTHONPATH=/home/xavier/Developer/aquas-ROS-apriltags/build/aquas_camera_bringup/prefix_override:/usr/lib/python3/dist-packages/colcon_core/task/python/colcon_distutils_commands:/home/xavier/Developer/aquas-ROS-apriltags/install/aquas_camera_bringup/lib/python3.10/site-packages:${PYTHONPATH} /usr/bin/python3 -W ignore:setup.py install is deprecated -W ignore:easy_install command is deprecated setup.py develop --editable --build-directory /home/xavier/Developer/aquas-ROS-apriltags/build/aquas_camera_bringup/build --no-deps symlink_data
[13.267s] Level 1:colcon.colcon_core.shell:create_environment_hook('aquas_apriltag_bringup', 'pythonpath_develop')
[13.268s] INFO:colcon.colcon_core.shell:Creating environment hook '/home/xavier/Developer/aquas-ROS-apriltags/build/aquas_apriltag_bringup/share/aquas_apriltag_bringup/hook/pythonpath_develop.ps1'
[13.270s] DEBUG:colcon.colcon_core.event_handler.log_command:Invoked command in '/home/xavier/Developer/aquas-ROS-apriltags/build/aquas_apriltag_bringup' returned '0': PYTHONPATH=/home/xavier/Developer/aquas-ROS-apriltags/build/aquas_apriltag_bringup/prefix_override:/usr/lib/python3/dist-packages/colcon_core/task/python/colcon_distutils_commands:/home/xavier/Developer/aquas-ROS-apriltags/install/aquas_apriltag_bringup/lib/python3.10/site-packages:${PYTHONPATH} /usr/bin/python3 -W ignore:setup.py install is deprecated -W ignore:easy_install command is deprecated setup.py develop --editable --build-directory /home/xavier/Developer/aquas-ROS-apriltags/build/aquas_apriltag_bringup/build --no-deps symlink_data
[13.273s] INFO:colcon.colcon_core.shell:Creating environment descriptor '/home/xavier/Developer/aquas-ROS-apriltags/build/aquas_apriltag_bringup/share/aquas_apriltag_bringup/hook/pythonpath_develop.dsv'
[13.278s] INFO:colcon.colcon_core.shell:Creating environment hook '/home/xavier/Developer/aquas-ROS-apriltags/build/aquas_apriltag_bringup/share/aquas_apriltag_bringup/hook/pythonpath_develop.sh'
[13.283s] Level 1:colcon.colcon_core.environment:checking '/home/xavier/Developer/aquas-ROS-apriltags/install/aquas_apriltag_bringup' for CMake module files
[13.286s] Level 1:colcon.colcon_core.environment:checking '/home/xavier/Developer/aquas-ROS-apriltags/install/aquas_apriltag_bringup' for CMake config files
[13.290s] Level 1:colcon.colcon_core.environment:checking '/home/xavier/Developer/aquas-ROS-apriltags/install/aquas_apriltag_bringup/lib'
[13.291s] Level 1:colcon.colcon_core.environment:checking '/home/xavier/Developer/aquas-ROS-apriltags/install/aquas_apriltag_bringup/bin'
[13.291s] Level 1:colcon.colcon_core.environment:checking '/home/xavier/Developer/aquas-ROS-apriltags/install/aquas_apriltag_bringup/lib/pkgconfig/aquas_apriltag_bringup.pc'
[13.293s] Level 1:colcon.colcon_core.environment:checking '/home/xavier/Developer/aquas-ROS-apriltags/install/aquas_apriltag_bringup/lib/python3.10/site-packages'
[13.293s] Level 1:colcon.colcon_core.shell:create_environment_hook('aquas_apriltag_bringup', 'pythonpath')
[13.294s] INFO:colcon.colcon_core.shell:Creating environment hook '/home/xavier/Developer/aquas-ROS-apriltags/install/aquas_apriltag_bringup/share/aquas_apriltag_bringup/hook/pythonpath.ps1'
[13.297s] INFO:colcon.colcon_core.shell:Creating environment descriptor '/home/xavier/Developer/aquas-ROS-apriltags/install/aquas_apriltag_bringup/share/aquas_apriltag_bringup/hook/pythonpath.dsv'
[13.300s] INFO:colcon.colcon_core.shell:Creating environment hook '/home/xavier/Developer/aquas-ROS-apriltags/install/aquas_apriltag_bringup/share/aquas_apriltag_bringup/hook/pythonpath.sh'
[13.305s] Level 1:colcon.colcon_core.environment:checking '/home/xavier/Developer/aquas-ROS-apriltags/install/aquas_apriltag_bringup/bin'
[13.306s] Level 1:colcon.colcon_core.environment:create_environment_scripts_only(aquas_apriltag_bringup)
[13.307s] INFO:colcon.colcon_core.shell:Creating package script '/home/xavier/Developer/aquas-ROS-apriltags/install/aquas_apriltag_bringup/share/aquas_apriltag_bringup/package.ps1'
[13.312s] INFO:colcon.colcon_core.shell:Creating package descriptor '/home/xavier/Developer/aquas-ROS-apriltags/install/aquas_apriltag_bringup/share/aquas_apriltag_bringup/package.dsv'
[13.315s] INFO:colcon.colcon_core.shell:Creating package script '/home/xavier/Developer/aquas-ROS-apriltags/install/aquas_apriltag_bringup/share/aquas_apriltag_bringup/package.sh'
[13.319s] INFO:colcon.colcon_core.shell:Creating package script '/home/xavier/Developer/aquas-ROS-apriltags/install/aquas_apriltag_bringup/share/aquas_apriltag_bringup/package.bash'
[13.322s] INFO:colcon.colcon_core.shell:Creating package script '/home/xavier/Developer/aquas-ROS-apriltags/install/aquas_apriltag_bringup/share/aquas_apriltag_bringup/package.zsh'
[13.325s] Level 1:colcon.colcon_core.environment:create_file_with_runtime_dependencies(/home/xavier/Developer/aquas-ROS-apriltags/install/aquas_apriltag_bringup/share/colcon-core/packages/aquas_apriltag_bringup)
[13.330s] INFO:colcon.colcon_ros.task.ament_cmake.build:Building ROS package in '/home/xavier/Developer/aquas-ROS-apriltags/src/apriltag_ros' with build type 'ament_cmake'
[13.331s] INFO:colcon.colcon_cmake.task.cmake.build:Building CMake package in '/home/xavier/Developer/aquas-ROS-apriltags/src/apriltag_ros'
[13.332s] INFO:colcon.colcon_core.shell:Skip shell extension 'powershell' for command environment: Not usable outside of PowerShell
[13.333s] DEBUG:colcon.colcon_core.shell:Skip shell extension 'dsv' for command environment
[13.418s] DEBUG:colcon.colcon_core.event_handler.log_command:Invoking command in '/home/xavier/Developer/aquas-ROS-apriltags/build/apriltag_ros': CMAKE_PREFIX_PATH=/home/xavier/Developer/aquas-ROS-apriltags/install/image_transport:/home/xavier/Developer/aquas-ROS-apriltags/install/apriltag:/home/xavier/Developer/aquas-ROS-apriltags/install/image_common:/home/xavier/Developer/aquas-ROS-apriltags/install/apriltag_ros:/home/xavier/Developer/aquas-ROS-apriltags/install/camera_info_manager:/home/xavier/Developer/aquas-ROS-apriltags/install/camera_calibration_parsers:/home/xavier/Developer/aquas-ROS-apriltags/install/camera_info_manager_py:/home/xavier/Developer/aquas-ROS-apriltags/install/aquas_dock_align:/home/xavier/Developer/aquas-ROS-apriltags/install/aquas_camera_bringup:/home/xavier/Developer/aquas-ROS-apriltags/install/aquas_apriltag_bringup:/opt/ros/humble LD_LIBRARY_PATH=/home/xavier/Developer/aquas-ROS-apriltags/install/image_transport/lib:/home/xavier/Developer/aquas-ROS-apriltags/install/apriltag/lib:/home/xavier/Developer/aquas-ROS-apriltags/install/apriltag_ros/lib:/home/xavier/Developer/aquas-ROS-apriltags/install/camera_info_manager/lib:/home/xavier/Developer/aquas-ROS-apriltags/install/camera_calibration_parsers/lib:/opt/ros/humble/opt/rviz_ogre_vendor/lib:/opt/ros/humble/lib/aarch64-linux-gnu:/opt/ros/humble/lib PYTHONPATH=/home/xavier/Developer/aquas-ROS-apriltags/install/apriltag/lib/python3.10/site-packages:/home/xavier/Developer/aquas-ROS-apriltags/build/dock_align:/home/xavier/Developer/aquas-ROS-apriltags/install/dock_align/lib/python3.10/site-packages:/home/xavier/Developer/aquas-ROS-apriltags/build/camera_info_manager_py:/home/xavier/Developer/aquas-ROS-apriltags/install/camera_info_manager_py/lib/python3.10/site-packages:/home/xavier/Developer/aquas-ROS-apriltags/build/camera_bringup:/home/xavier/Developer/aquas-ROS-apriltags/install/camera_bringup/lib/python3.10/site-packages:/home/xavier/Developer/aquas-ROS-apriltags/build/aquas_dock_align:/home/xavier/Developer/aquas-ROS-apriltags/install/aquas_dock_align/lib/python3.10/site-packages:/home/xavier/Developer/aquas-ROS-apriltags/build/aquas_camera_bringup:/home/xavier/Developer/aquas-ROS-apriltags/install/aquas_camera_bringup/lib/python3.10/site-packages:/home/xavier/Developer/aquas-ROS-apriltags/build/aquas_apriltag_bringup:/home/xavier/Developer/aquas-ROS-apriltags/install/aquas_apriltag_bringup/lib/python3.10/site-packages:/home/xavier/Developer/aquas-ROS-apriltags/build/apriltag_bringup:/home/xavier/Developer/aquas-ROS-apriltags/install/apriltag_bringup/lib/python3.10/site-packages:/opt/ros/humble/lib/python3.10/site-packages:/opt/ros/humble/local/lib/python3.10/dist-packages /usr/bin/cmake --build /home/xavier/Developer/aquas-ROS-apriltags/build/apriltag_ros -- -j4 -l4
[14.483s] DEBUG:colcon.colcon_core.event_handler.log_command:Invoking command in '/home/xavier/Developer/aquas-ROS-apriltags/build/camera_info_manager_py': PYTHONPATH=/home/xavier/Developer/aquas-ROS-apriltags/build/camera_info_manager_py/prefix_override:/usr/lib/python3/dist-packages/colcon_core/task/python/colcon_distutils_commands:/home/xavier/Developer/aquas-ROS-apriltags/install/camera_info_manager_py/lib/python3.10/site-packages:${PYTHONPATH} /usr/bin/python3 -W ignore:setup.py install is deprecated -W ignore:easy_install command is deprecated setup.py develop --editable --build-directory /home/xavier/Developer/aquas-ROS-apriltags/build/camera_info_manager_py/build --no-deps symlink_data
[14.531s] DEBUG:colcon.colcon_core.event_handler.log_command:Invoked command in '/home/xavier/Developer/aquas-ROS-apriltags/build/apriltag_ros' returned '0': CMAKE_PREFIX_PATH=/home/xavier/Developer/aquas-ROS-apriltags/install/image_transport:/home/xavier/Developer/aquas-ROS-apriltags/install/apriltag:/home/xavier/Developer/aquas-ROS-apriltags/install/image_common:/home/xavier/Developer/aquas-ROS-apriltags/install/apriltag_ros:/home/xavier/Developer/aquas-ROS-apriltags/install/camera_info_manager:/home/xavier/Developer/aquas-ROS-apriltags/install/camera_calibration_parsers:/home/xavier/Developer/aquas-ROS-apriltags/install/camera_info_manager_py:/home/xavier/Developer/aquas-ROS-apriltags/install/aquas_dock_align:/home/xavier/Developer/aquas-ROS-apriltags/install/aquas_camera_bringup:/home/xavier/Developer/aquas-ROS-apriltags/install/aquas_apriltag_bringup:/opt/ros/humble LD_LIBRARY_PATH=/home/xavier/Developer/aquas-ROS-apriltags/install/image_transport/lib:/home/xavier/Developer/aquas-ROS-apriltags/install/apriltag/lib:/home/xavier/Developer/aquas-ROS-apriltags/install/apriltag_ros/lib:/home/xavier/Developer/aquas-ROS-apriltags/install/camera_info_manager/lib:/home/xavier/Developer/aquas-ROS-apriltags/install/camera_calibration_parsers/lib:/opt/ros/humble/opt/rviz_ogre_vendor/lib:/opt/ros/humble/lib/aarch64-linux-gnu:/opt/ros/humble/lib PYTHONPATH=/home/xavier/Developer/aquas-ROS-apriltags/install/apriltag/lib/python3.10/site-packages:/home/xavier/Developer/aquas-ROS-apriltags/build/dock_align:/home/xavier/Developer/aquas-ROS-apriltags/install/dock_align/lib/python3.10/site-packages:/home/xavier/Developer/aquas-ROS-apriltags/build/camera_info_manager_py:/home/xavier/Developer/aquas-ROS-apriltags/install/camera_info_manager_py/lib/python3.10/site-packages:/home/xavier/Developer/aquas-ROS-apriltags/build/camera_bringup:/home/xavier/Developer/aquas-ROS-apriltags/install/camera_bringup/lib/python3.10/site-packages:/home/xavier/Developer/aquas-ROS-apriltags/build/aquas_dock_align:/home/xavier/Developer/aquas-ROS-apriltags/install/aquas_dock_align/lib/python3.10/site-packages:/home/xavier/Developer/aquas-ROS-apriltags/build/aquas_camera_bringup:/home/xavier/Developer/aquas-ROS-apriltags/install/aquas_camera_bringup/lib/python3.10/site-packages:/home/xavier/Developer/aquas-ROS-apriltags/build/aquas_apriltag_bringup:/home/xavier/Developer/aquas-ROS-apriltags/install/aquas_apriltag_bringup/lib/python3.10/site-packages:/home/xavier/Developer/aquas-ROS-apriltags/build/apriltag_bringup:/home/xavier/Developer/aquas-ROS-apriltags/install/apriltag_bringup/lib/python3.10/site-packages:/opt/ros/humble/lib/python3.10/site-packages:/opt/ros/humble/local/lib/python3.10/dist-packages /usr/bin/cmake --build /home/xavier/Developer/aquas-ROS-apriltags/build/apriltag_ros -- -j4 -l4
[14.534s] DEBUG:colcon.colcon_core.event_handler.log_command:Invoking command in '/home/xavier/Developer/aquas-ROS-apriltags/build/apriltag_ros': CMAKE_PREFIX_PATH=/home/xavier/Developer/aquas-ROS-apriltags/install/image_transport:/home/xavier/Developer/aquas-ROS-apriltags/install/apriltag:/home/xavier/Developer/aquas-ROS-apriltags/install/image_common:/home/xavier/Developer/aquas-ROS-apriltags/install/apriltag_ros:/home/xavier/Developer/aquas-ROS-apriltags/install/camera_info_manager:/home/xavier/Developer/aquas-ROS-apriltags/install/camera_calibration_parsers:/home/xavier/Developer/aquas-ROS-apriltags/install/camera_info_manager_py:/home/xavier/Developer/aquas-ROS-apriltags/install/aquas_dock_align:/home/xavier/Developer/aquas-ROS-apriltags/install/aquas_camera_bringup:/home/xavier/Developer/aquas-ROS-apriltags/install/aquas_apriltag_bringup:/opt/ros/humble LD_LIBRARY_PATH=/home/xavier/Developer/aquas-ROS-apriltags/install/image_transport/lib:/home/xavier/Developer/aquas-ROS-apriltags/install/apriltag/lib:/home/xavier/Developer/aquas-ROS-apriltags/install/apriltag_ros/lib:/home/xavier/Developer/aquas-ROS-apriltags/install/camera_info_manager/lib:/home/xavier/Developer/aquas-ROS-apriltags/install/camera_calibration_parsers/lib:/opt/ros/humble/opt/rviz_ogre_vendor/lib:/opt/ros/humble/lib/aarch64-linux-gnu:/opt/ros/humble/lib PYTHONPATH=/home/xavier/Developer/aquas-ROS-apriltags/install/apriltag/lib/python3.10/site-packages:/home/xavier/Developer/aquas-ROS-apriltags/build/dock_align:/home/xavier/Developer/aquas-ROS-apriltags/install/dock_align/lib/python3.10/site-packages:/home/xavier/Developer/aquas-ROS-apriltags/build/camera_info_manager_py:/home/xavier/Developer/aquas-ROS-apriltags/install/camera_info_manager_py/lib/python3.10/site-packages:/home/xavier/Developer/aquas-ROS-apriltags/build/camera_bringup:/home/xavier/Developer/aquas-ROS-apriltags/install/camera_bringup/lib/python3.10/site-packages:/home/xavier/Developer/aquas-ROS-apriltags/build/aquas_dock_align:/home/xavier/Developer/aquas-ROS-apriltags/install/aquas_dock_align/lib/python3.10/site-packages:/home/xavier/Developer/aquas-ROS-apriltags/build/aquas_camera_bringup:/home/xavier/Developer/aquas-ROS-apriltags/install/aquas_camera_bringup/lib/python3.10/site-packages:/home/xavier/Developer/aquas-ROS-apriltags/build/aquas_apriltag_bringup:/home/xavier/Developer/aquas-ROS-apriltags/install/aquas_apriltag_bringup/lib/python3.10/site-packages:/home/xavier/Developer/aquas-ROS-apriltags/build/apriltag_bringup:/home/xavier/Developer/aquas-ROS-apriltags/install/apriltag_bringup/lib/python3.10/site-packages:/opt/ros/humble/lib/python3.10/site-packages:/opt/ros/humble/local/lib/python3.10/dist-packages /usr/bin/cmake --install /home/xavier/Developer/aquas-ROS-apriltags/build/apriltag_ros
[14.704s] Level 1:colcon.colcon_core.environment:create_environment_scripts_only(apriltag_ros)
[14.706s] Level 1:colcon.colcon_core.environment:checking '/home/xavier/Developer/aquas-ROS-apriltags/install/apriltag_ros' for CMake module files
[14.710s] Level 1:colcon.colcon_core.environment:checking '/home/xavier/Developer/aquas-ROS-apriltags/install/apriltag_ros' for CMake config files
[14.714s] DEBUG:colcon.colcon_core.event_handler.log_command:Invoked command in '/home/xavier/Developer/aquas-ROS-apriltags/build/apriltag_ros' returned '0': CMAKE_PREFIX_PATH=/home/xavier/Developer/aquas-ROS-apriltags/install/image_transport:/home/xavier/Developer/aquas-ROS-apriltags/install/apriltag:/home/xavier/Developer/aquas-ROS-apriltags/install/image_common:/home/xavier/Developer/aquas-ROS-apriltags/install/apriltag_ros:/home/xavier/Developer/aquas-ROS-apriltags/install/camera_info_manager:/home/xavier/Developer/aquas-ROS-apriltags/install/camera_calibration_parsers:/home/xavier/Developer/aquas-ROS-apriltags/install/camera_info_manager_py:/home/xavier/Developer/aquas-ROS-apriltags/install/aquas_dock_align:/home/xavier/Developer/aquas-ROS-apriltags/install/aquas_camera_bringup:/home/xavier/Developer/aquas-ROS-apriltags/install/aquas_apriltag_bringup:/opt/ros/humble LD_LIBRARY_PATH=/home/xavier/Developer/aquas-ROS-apriltags/install/image_transport/lib:/home/xavier/Developer/aquas-ROS-apriltags/install/apriltag/lib:/home/xavier/Developer/aquas-ROS-apriltags/install/apriltag_ros/lib:/home/xavier/Developer/aquas-ROS-apriltags/install/camera_info_manager/lib:/home/xavier/Developer/aquas-ROS-apriltags/install/camera_calibration_parsers/lib:/opt/ros/humble/opt/rviz_ogre_vendor/lib:/opt/ros/humble/lib/aarch64-linux-gnu:/opt/ros/humble/lib PYTHONPATH=/home/xavier/Developer/aquas-ROS-apriltags/install/apriltag/lib/python3.10/site-packages:/home/xavier/Developer/aquas-ROS-apriltags/build/dock_align:/home/xavier/Developer/aquas-ROS-apriltags/install/dock_align/lib/python3.10/site-packages:/home/xavier/Developer/aquas-ROS-apriltags/build/camera_info_manager_py:/home/xavier/Developer/aquas-ROS-apriltags/install/camera_info_manager_py/lib/python3.10/site-packages:/home/xavier/Developer/aquas-ROS-apriltags/build/camera_bringup:/home/xavier/Developer/aquas-ROS-apriltags/install/camera_bringup/lib/python3.10/site-packages:/home/xavier/Developer/aquas-ROS-apriltags/build/aquas_dock_align:/home/xavier/Developer/aquas-ROS-apriltags/install/aquas_dock_align/lib/python3.10/site-packages:/home/xavier/Developer/aquas-ROS-apriltags/build/aquas_camera_bringup:/home/xavier/Developer/aquas-ROS-apriltags/install/aquas_camera_bringup/lib/python3.10/site-packages:/home/xavier/Developer/aquas-ROS-apriltags/build/aquas_apriltag_bringup:/home/xavier/Developer/aquas-ROS-apriltags/install/aquas_apriltag_bringup/lib/python3.10/site-packages:/home/xavier/Developer/aquas-ROS-apriltags/build/apriltag_bringup:/home/xavier/Developer/aquas-ROS-apriltags/install/apriltag_bringup/lib/python3.10/site-packages:/opt/ros/humble/lib/python3.10/site-packages:/opt/ros/humble/local/lib/python3.10/dist-packages /usr/bin/cmake --install /home/xavier/Developer/aquas-ROS-apriltags/build/apriltag_ros
[14.718s] Level 1:colcon.colcon_core.shell:create_environment_hook('apriltag_ros', 'cmake_prefix_path')
[14.720s] INFO:colcon.colcon_core.shell:Creating environment hook '/home/xavier/Developer/aquas-ROS-apriltags/install/apriltag_ros/share/apriltag_ros/hook/cmake_prefix_path.ps1'
[14.723s] INFO:colcon.colcon_core.shell:Creating environment descriptor '/home/xavier/Developer/aquas-ROS-apriltags/install/apriltag_ros/share/apriltag_ros/hook/cmake_prefix_path.dsv'
[14.726s] INFO:colcon.colcon_core.shell:Creating environment hook '/home/xavier/Developer/aquas-ROS-apriltags/install/apriltag_ros/share/apriltag_ros/hook/cmake_prefix_path.sh'
[14.732s] Level 1:colcon.colcon_core.environment:checking '/home/xavier/Developer/aquas-ROS-apriltags/install/apriltag_ros/lib'
[14.732s] Level 1:colcon.colcon_core.shell:create_environment_hook('apriltag_ros', 'ld_library_path_lib')
[14.734s] INFO:colcon.colcon_core.shell:Creating environment hook '/home/xavier/Developer/aquas-ROS-apriltags/install/apriltag_ros/share/apriltag_ros/hook/ld_library_path_lib.ps1'
[14.737s] INFO:colcon.colcon_core.shell:Creating environment descriptor '/home/xavier/Developer/aquas-ROS-apriltags/install/apriltag_ros/share/apriltag_ros/hook/ld_library_path_lib.dsv'
[14.740s] INFO:colcon.colcon_core.shell:Creating environment hook '/home/xavier/Developer/aquas-ROS-apriltags/install/apriltag_ros/share/apriltag_ros/hook/ld_library_path_lib.sh'
[14.743s] Level 1:colcon.colcon_core.environment:checking '/home/xavier/Developer/aquas-ROS-apriltags/install/apriltag_ros/bin'
[14.744s] Level 1:colcon.colcon_core.environment:checking '/home/xavier/Developer/aquas-ROS-apriltags/install/apriltag_ros/lib/pkgconfig/apriltag_ros.pc'
[14.745s] Level 1:colcon.colcon_core.environment:checking '/home/xavier/Developer/aquas-ROS-apriltags/install/apriltag_ros/lib/python3.10/site-packages'
[14.748s] Level 1:colcon.colcon_core.environment:checking '/home/xavier/Developer/aquas-ROS-apriltags/install/apriltag_ros/bin'
[14.750s] INFO:colcon.colcon_core.shell:Creating package script '/home/xavier/Developer/aquas-ROS-apriltags/install/apriltag_ros/share/apriltag_ros/package.ps1'
[14.754s] INFO:colcon.colcon_core.shell:Creating package descriptor '/home/xavier/Developer/aquas-ROS-apriltags/install/apriltag_ros/share/apriltag_ros/package.dsv'
[14.757s] INFO:colcon.colcon_core.shell:Creating package script '/home/xavier/Developer/aquas-ROS-apriltags/install/apriltag_ros/share/apriltag_ros/package.sh'
[14.761s] INFO:colcon.colcon_core.shell:Creating package script '/home/xavier/Developer/aquas-ROS-apriltags/install/apriltag_ros/share/apriltag_ros/package.bash'
[14.764s] INFO:colcon.colcon_core.shell:Creating package script '/home/xavier/Developer/aquas-ROS-apriltags/install/apriltag_ros/share/apriltag_ros/package.zsh'
[14.767s] Level 1:colcon.colcon_core.environment:create_file_with_runtime_dependencies(/home/xavier/Developer/aquas-ROS-apriltags/install/apriltag_ros/share/colcon-core/packages/apriltag_ros)
[14.771s] Level 1:colcon.colcon_core.environment:create_environment_scripts_only(apriltag_ros)
[14.772s] Level 1:colcon.colcon_core.environment:checking '/home/xavier/Developer/aquas-ROS-apriltags/install/apriltag_ros' for CMake module files
[14.777s] Level 1:colcon.colcon_core.environment:checking '/home/xavier/Developer/aquas-ROS-apriltags/install/apriltag_ros' for CMake config files
[14.782s] Level 1:colcon.colcon_core.shell:create_environment_hook('apriltag_ros', 'cmake_prefix_path')
[14.783s] INFO:colcon.colcon_core.shell:Creating environment hook '/home/xavier/Developer/aquas-ROS-apriltags/install/apriltag_ros/share/apriltag_ros/hook/cmake_prefix_path.ps1'
[14.787s] INFO:colcon.colcon_core.shell:Creating environment descriptor '/home/xavier/Developer/aquas-ROS-apriltags/install/apriltag_ros/share/apriltag_ros/hook/cmake_prefix_path.dsv'
[14.790s] INFO:colcon.colcon_core.shell:Creating environment hook '/home/xavier/Developer/aquas-ROS-apriltags/install/apriltag_ros/share/apriltag_ros/hook/cmake_prefix_path.sh'
[14.795s] Level 1:colcon.colcon_core.environment:checking '/home/xavier/Developer/aquas-ROS-apriltags/install/apriltag_ros/lib'
[14.796s] Level 1:colcon.colcon_core.shell:create_environment_hook('apriltag_ros', 'ld_library_path_lib')
[14.797s] INFO:colcon.colcon_core.shell:Creating environment hook '/home/xavier/Developer/aquas-ROS-apriltags/install/apriltag_ros/share/apriltag_ros/hook/ld_library_path_lib.ps1'
[14.800s] INFO:colcon.colcon_core.shell:Creating environment descriptor '/home/xavier/Developer/aquas-ROS-apriltags/install/apriltag_ros/share/apriltag_ros/hook/ld_library_path_lib.dsv'
[14.803s] INFO:colcon.colcon_core.shell:Creating environment hook '/home/xavier/Developer/aquas-ROS-apriltags/install/apriltag_ros/share/apriltag_ros/hook/ld_library_path_lib.sh'
[14.806s] Level 1:colcon.colcon_core.environment:checking '/home/xavier/Developer/aquas-ROS-apriltags/install/apriltag_ros/bin'
[14.807s] Level 1:colcon.colcon_core.environment:checking '/home/xavier/Developer/aquas-ROS-apriltags/install/apriltag_ros/lib/pkgconfig/apriltag_ros.pc'
[14.808s] Level 1:colcon.colcon_core.environment:checking '/home/xavier/Developer/aquas-ROS-apriltags/install/apriltag_ros/lib/python3.10/site-packages'
[14.810s] Level 1:colcon.colcon_core.environment:checking '/home/xavier/Developer/aquas-ROS-apriltags/install/apriltag_ros/bin'
[14.813s] INFO:colcon.colcon_core.shell:Creating package script '/home/xavier/Developer/aquas-ROS-apriltags/install/apriltag_ros/share/apriltag_ros/package.ps1'
[14.817s] INFO:colcon.colcon_core.shell:Creating package descriptor '/home/xavier/Developer/aquas-ROS-apriltags/install/apriltag_ros/share/apriltag_ros/package.dsv'
[14.821s] INFO:colcon.colcon_core.shell:Creating package script '/home/xavier/Developer/aquas-ROS-apriltags/install/apriltag_ros/share/apriltag_ros/package.sh'
[14.827s] INFO:colcon.colcon_core.shell:Creating package script '/home/xavier/Developer/aquas-ROS-apriltags/install/apriltag_ros/share/apriltag_ros/package.bash'
[14.830s] INFO:colcon.colcon_core.shell:Creating package script '/home/xavier/Developer/aquas-ROS-apriltags/install/apriltag_ros/share/apriltag_ros/package.zsh'
[14.834s] Level 1:colcon.colcon_core.environment:create_file_with_runtime_dependencies(/home/xavier/Developer/aquas-ROS-apriltags/install/apriltag_ros/share/colcon-core/packages/apriltag_ros)
[14.840s] INFO:colcon.colcon_ros.task.ament_cmake.build:Building ROS package in '/home/xavier/Developer/aquas-ROS-apriltags/src/image_common/image_common' with build type 'ament_cmake'
[14.842s] INFO:colcon.colcon_cmake.task.cmake.build:Building CMake package in '/home/xavier/Developer/aquas-ROS-apriltags/src/image_common/image_common'
[14.844s] INFO:colcon.colcon_core.shell:Skip shell extension 'powershell' for command environment: Not usable outside of PowerShell
[14.844s] DEBUG:colcon.colcon_core.shell:Skip shell extension 'dsv' for command environment
[14.928s] DEBUG:colcon.colcon_core.event_handler.log_command:Invoking command in '/home/xavier/Developer/aquas-ROS-apriltags/build/image_common': CMAKE_PREFIX_PATH=/home/xavier/Developer/aquas-ROS-apriltags/install/camera_info_manager:/home/xavier/Developer/aquas-ROS-apriltags/install/image_transport:/home/xavier/Developer/aquas-ROS-apriltags/install/camera_calibration_parsers:/home/xavier/Developer/aquas-ROS-apriltags/install/image_common:/home/xavier/Developer/aquas-ROS-apriltags/install/apriltag_ros:/home/xavier/Developer/aquas-ROS-apriltags/install/apriltag:/home/xavier/Developer/aquas-ROS-apriltags/install/camera_info_manager_py:/home/xavier/Developer/aquas-ROS-apriltags/install/aquas_dock_align:/home/xavier/Developer/aquas-ROS-apriltags/install/aquas_camera_bringup:/home/xavier/Developer/aquas-ROS-apriltags/install/aquas_apriltag_bringup:/opt/ros/humble LD_LIBRARY_PATH=/home/xavier/Developer/aquas-ROS-apriltags/install/camera_info_manager/lib:/home/xavier/Developer/aquas-ROS-apriltags/install/image_transport/lib:/home/xavier/Developer/aquas-ROS-apriltags/install/camera_calibration_parsers/lib:/home/xavier/Developer/aquas-ROS-apriltags/install/apriltag_ros/lib:/home/xavier/Developer/aquas-ROS-apriltags/install/apriltag/lib:/opt/ros/humble/opt/rviz_ogre_vendor/lib:/opt/ros/humble/lib/aarch64-linux-gnu:/opt/ros/humble/lib /usr/bin/cmake --build /home/xavier/Developer/aquas-ROS-apriltags/build/image_common -- -j4 -l4
[15.199s] DEBUG:colcon.colcon_core.event_handler.log_command:Invoked command in '/home/xavier/Developer/aquas-ROS-apriltags/build/image_common' returned '0': CMAKE_PREFIX_PATH=/home/xavier/Developer/aquas-ROS-apriltags/install/camera_info_manager:/home/xavier/Developer/aquas-ROS-apriltags/install/image_transport:/home/xavier/Developer/aquas-ROS-apriltags/install/camera_calibration_parsers:/home/xavier/Developer/aquas-ROS-apriltags/install/image_common:/home/xavier/Developer/aquas-ROS-apriltags/install/apriltag_ros:/home/xavier/Developer/aquas-ROS-apriltags/install/apriltag:/home/xavier/Developer/aquas-ROS-apriltags/install/camera_info_manager_py:/home/xavier/Developer/aquas-ROS-apriltags/install/aquas_dock_align:/home/xavier/Developer/aquas-ROS-apriltags/install/aquas_camera_bringup:/home/xavier/Developer/aquas-ROS-apriltags/install/aquas_apriltag_bringup:/opt/ros/humble LD_LIBRARY_PATH=/home/xavier/Developer/aquas-ROS-apriltags/install/camera_info_manager/lib:/home/xavier/Developer/aquas-ROS-apriltags/install/image_transport/lib:/home/xavier/Developer/aquas-ROS-apriltags/install/camera_calibration_parsers/lib:/home/xavier/Developer/aquas-ROS-apriltags/install/apriltag_ros/lib:/home/xavier/Developer/aquas-ROS-apriltags/install/apriltag/lib:/opt/ros/humble/opt/rviz_ogre_vendor/lib:/opt/ros/humble/lib/aarch64-linux-gnu:/opt/ros/humble/lib /usr/bin/cmake --build /home/xavier/Developer/aquas-ROS-apriltags/build/image_common -- -j4 -l4
[15.211s] DEBUG:colcon.colcon_core.event_handler.log_command:Invoking command in '/home/xavier/Developer/aquas-ROS-apriltags/build/image_common': CMAKE_PREFIX_PATH=/home/xavier/Developer/aquas-ROS-apriltags/install/camera_info_manager:/home/xavier/Developer/aquas-ROS-apriltags/install/image_transport:/home/xavier/Developer/aquas-ROS-apriltags/install/camera_calibration_parsers:/home/xavier/Developer/aquas-ROS-apriltags/install/image_common:/home/xavier/Developer/aquas-ROS-apriltags/install/apriltag_ros:/home/xavier/Developer/aquas-ROS-apriltags/install/apriltag:/home/xavier/Developer/aquas-ROS-apriltags/install/camera_info_manager_py:/home/xavier/Developer/aquas-ROS-apriltags/install/aquas_dock_align:/home/xavier/Developer/aquas-ROS-apriltags/install/aquas_camera_bringup:/home/xavier/Developer/aquas-ROS-apriltags/install/aquas_apriltag_bringup:/opt/ros/humble LD_LIBRARY_PATH=/home/xavier/Developer/aquas-ROS-apriltags/install/camera_info_manager/lib:/home/xavier/Developer/aquas-ROS-apriltags/install/image_transport/lib:/home/xavier/Developer/aquas-ROS-apriltags/install/camera_calibration_parsers/lib:/home/xavier/Developer/aquas-ROS-apriltags/install/apriltag_ros/lib:/home/xavier/Developer/aquas-ROS-apriltags/install/apriltag/lib:/opt/ros/humble/opt/rviz_ogre_vendor/lib:/opt/ros/humble/lib/aarch64-linux-gnu:/opt/ros/humble/lib /usr/bin/cmake --install /home/xavier/Developer/aquas-ROS-apriltags/build/image_common
[15.382s] Level 1:colcon.colcon_core.environment:create_environment_scripts_only(image_common)
[15.383s] Level 1:colcon.colcon_core.environment:checking '/home/xavier/Developer/aquas-ROS-apriltags/install/image_common' for CMake module files
[15.387s] Level 1:colcon.colcon_core.environment:checking '/home/xavier/Developer/aquas-ROS-apriltags/install/image_common' for CMake config files
[15.391s] Level 1:colcon.colcon_core.shell:create_environment_hook('image_common', 'cmake_prefix_path')
[15.392s] INFO:colcon.colcon_core.shell:Creating environment hook '/home/xavier/Developer/aquas-ROS-apriltags/install/image_common/share/image_common/hook/cmake_prefix_path.ps1'
[15.394s] DEBUG:colcon.colcon_core.event_handler.log_command:Invoked command in '/home/xavier/Developer/aquas-ROS-apriltags/build/image_common' returned '0': CMAKE_PREFIX_PATH=/home/xavier/Developer/aquas-ROS-apriltags/install/camera_info_manager:/home/xavier/Developer/aquas-ROS-apriltags/install/image_transport:/home/xavier/Developer/aquas-ROS-apriltags/install/camera_calibration_parsers:/home/xavier/Developer/aquas-ROS-apriltags/install/image_common:/home/xavier/Developer/aquas-ROS-apriltags/install/apriltag_ros:/home/xavier/Developer/aquas-ROS-apriltags/install/apriltag:/home/xavier/Developer/aquas-ROS-apriltags/install/camera_info_manager_py:/home/xavier/Developer/aquas-ROS-apriltags/install/aquas_dock_align:/home/xavier/Developer/aquas-ROS-apriltags/install/aquas_camera_bringup:/home/xavier/Developer/aquas-ROS-apriltags/install/aquas_apriltag_bringup:/opt/ros/humble LD_LIBRARY_PATH=/home/xavier/Developer/aquas-ROS-apriltags/install/camera_info_manager/lib:/home/xavier/Developer/aquas-ROS-apriltags/install/image_transport/lib:/home/xavier/Developer/aquas-ROS-apriltags/install/camera_calibration_parsers/lib:/home/xavier/Developer/aquas-ROS-apriltags/install/apriltag_ros/lib:/home/xavier/Developer/aquas-ROS-apriltags/install/apriltag/lib:/opt/ros/humble/opt/rviz_ogre_vendor/lib:/opt/ros/humble/lib/aarch64-linux-gnu:/opt/ros/humble/lib /usr/bin/cmake --install /home/xavier/Developer/aquas-ROS-apriltags/build/image_common
[15.397s] INFO:colcon.colcon_core.shell:Creating environment descriptor '/home/xavier/Developer/aquas-ROS-apriltags/install/image_common/share/image_common/hook/cmake_prefix_path.dsv'
[15.402s] INFO:colcon.colcon_core.shell:Creating environment hook '/home/xavier/Developer/aquas-ROS-apriltags/install/image_common/share/image_common/hook/cmake_prefix_path.sh'
[15.407s] Level 1:colcon.colcon_core.environment:checking '/home/xavier/Developer/aquas-ROS-apriltags/install/image_common/bin'
[15.407s] Level 1:colcon.colcon_core.environment:checking '/home/xavier/Developer/aquas-ROS-apriltags/install/image_common/lib/pkgconfig/image_common.pc'
[15.409s] Level 1:colcon.colcon_core.environment:checking '/home/xavier/Developer/aquas-ROS-apriltags/install/image_common/lib/python3.10/site-packages'
[15.412s] Level 1:colcon.colcon_core.environment:checking '/home/xavier/Developer/aquas-ROS-apriltags/install/image_common/bin'
[15.414s] INFO:colcon.colcon_core.shell:Creating package script '/home/xavier/Developer/aquas-ROS-apriltags/install/image_common/share/image_common/package.ps1'
[15.417s] INFO:colcon.colcon_core.shell:Creating package descriptor '/home/xavier/Developer/aquas-ROS-apriltags/install/image_common/share/image_common/package.dsv'
[15.420s] INFO:colcon.colcon_core.shell:Creating package script '/home/xavier/Developer/aquas-ROS-apriltags/install/image_common/share/image_common/package.sh'
[15.423s] INFO:colcon.colcon_core.shell:Creating package script '/home/xavier/Developer/aquas-ROS-apriltags/install/image_common/share/image_common/package.bash'
[15.426s] INFO:colcon.colcon_core.shell:Creating package script '/home/xavier/Developer/aquas-ROS-apriltags/install/image_common/share/image_common/package.zsh'
[15.429s] Level 1:colcon.colcon_core.environment:create_file_with_runtime_dependencies(/home/xavier/Developer/aquas-ROS-apriltags/install/image_common/share/colcon-core/packages/image_common)
[15.433s] Level 1:colcon.colcon_core.environment:create_environment_scripts_only(image_common)
[15.435s] Level 1:colcon.colcon_core.environment:checking '/home/xavier/Developer/aquas-ROS-apriltags/install/image_common' for CMake module files
[15.438s] Level 1:colcon.colcon_core.environment:checking '/home/xavier/Developer/aquas-ROS-apriltags/install/image_common' for CMake config files
[15.442s] Level 1:colcon.colcon_core.shell:create_environment_hook('image_common', 'cmake_prefix_path')
[15.443s] INFO:colcon.colcon_core.shell:Creating environment hook '/home/xavier/Developer/aquas-ROS-apriltags/install/image_common/share/image_common/hook/cmake_prefix_path.ps1'
[15.446s] INFO:colcon.colcon_core.shell:Creating environment descriptor '/home/xavier/Developer/aquas-ROS-apriltags/install/image_common/share/image_common/hook/cmake_prefix_path.dsv'
[15.449s] INFO:colcon.colcon_core.shell:Creating environment hook '/home/xavier/Developer/aquas-ROS-apriltags/install/image_common/share/image_common/hook/cmake_prefix_path.sh'
[15.453s] Level 1:colcon.colcon_core.environment:checking '/home/xavier/Developer/aquas-ROS-apriltags/install/image_common/bin'
[15.453s] Level 1:colcon.colcon_core.environment:checking '/home/xavier/Developer/aquas-ROS-apriltags/install/image_common/lib/pkgconfig/image_common.pc'
[15.454s] Level 1:colcon.colcon_core.environment:checking '/home/xavier/Developer/aquas-ROS-apriltags/install/image_common/lib/python3.10/site-packages'
[15.457s] Level 1:colcon.colcon_core.environment:checking '/home/xavier/Developer/aquas-ROS-apriltags/install/image_common/bin'
[15.458s] INFO:colcon.colcon_core.shell:Creating package script '/home/xavier/Developer/aquas-ROS-apriltags/install/image_common/share/image_common/package.ps1'
[15.461s] INFO:colcon.colcon_core.shell:Creating package descriptor '/home/xavier/Developer/aquas-ROS-apriltags/install/image_common/share/image_common/package.dsv'
[15.465s] INFO:colcon.colcon_core.shell:Creating package script '/home/xavier/Developer/aquas-ROS-apriltags/install/image_common/share/image_common/package.sh'
[15.468s] INFO:colcon.colcon_core.shell:Creating package script '/home/xavier/Developer/aquas-ROS-apriltags/install/image_common/share/image_common/package.bash'
[15.472s] INFO:colcon.colcon_core.shell:Creating package script '/home/xavier/Developer/aquas-ROS-apriltags/install/image_common/share/image_common/package.zsh'
[15.478s] Level 1:colcon.colcon_core.environment:create_file_with_runtime_dependencies(/home/xavier/Developer/aquas-ROS-apriltags/install/image_common/share/colcon-core/packages/image_common)
[15.869s] Level 1:colcon.colcon_core.shell:create_environment_hook('aquas_dock_align', 'pythonpath_develop')
[15.870s] INFO:colcon.colcon_core.shell:Creating environment hook '/home/xavier/Developer/aquas-ROS-apriltags/build/aquas_dock_align/share/aquas_dock_align/hook/pythonpath_develop.ps1'
[15.873s] INFO:colcon.colcon_core.shell:Creating environment descriptor '/home/xavier/Developer/aquas-ROS-apriltags/build/aquas_dock_align/share/aquas_dock_align/hook/pythonpath_develop.dsv'
[15.876s] DEBUG:colcon.colcon_core.event_handler.log_command:Invoked command in '/home/xavier/Developer/aquas-ROS-apriltags/build/aquas_dock_align' returned '0': PYTHONPATH=/home/xavier/Developer/aquas-ROS-apriltags/build/aquas_dock_align/prefix_override:/usr/lib/python3/dist-packages/colcon_core/task/python/colcon_distutils_commands:/home/xavier/Developer/aquas-ROS-apriltags/install/aquas_dock_align/lib/python3.10/site-packages:${PYTHONPATH} /usr/bin/python3 -W ignore:setup.py install is deprecated -W ignore:easy_install command is deprecated setup.py develop --editable --build-directory /home/xavier/Developer/aquas-ROS-apriltags/build/aquas_dock_align/build --no-deps symlink_data
[15.877s] INFO:colcon.colcon_core.shell:Creating environment hook '/home/xavier/Developer/aquas-ROS-apriltags/build/aquas_dock_align/share/aquas_dock_align/hook/pythonpath_develop.sh'
[15.881s] Level 1:colcon.colcon_core.environment:checking '/home/xavier/Developer/aquas-ROS-apriltags/install/aquas_dock_align' for CMake module files
[15.884s] Level 1:colcon.colcon_core.environment:checking '/home/xavier/Developer/aquas-ROS-apriltags/install/aquas_dock_align' for CMake config files
[15.887s] Level 1:colcon.colcon_core.environment:checking '/home/xavier/Developer/aquas-ROS-apriltags/install/aquas_dock_align/lib'
[15.888s] Level 1:colcon.colcon_core.environment:checking '/home/xavier/Developer/aquas-ROS-apriltags/install/aquas_dock_align/bin'
[15.889s] Level 1:colcon.colcon_core.environment:checking '/home/xavier/Developer/aquas-ROS-apriltags/install/aquas_dock_align/lib/pkgconfig/aquas_dock_align.pc'
[15.890s] Level 1:colcon.colcon_core.environment:checking '/home/xavier/Developer/aquas-ROS-apriltags/install/aquas_dock_align/lib/python3.10/site-packages'
[15.890s] Level 1:colcon.colcon_core.shell:create_environment_hook('aquas_dock_align', 'pythonpath')
[15.891s] INFO:colcon.colcon_core.shell:Creating environment hook '/home/xavier/Developer/aquas-ROS-apriltags/install/aquas_dock_align/share/aquas_dock_align/hook/pythonpath.ps1'
[15.894s] INFO:colcon.colcon_core.shell:Creating environment descriptor '/home/xavier/Developer/aquas-ROS-apriltags/install/aquas_dock_align/share/aquas_dock_align/hook/pythonpath.dsv'
[15.899s] INFO:colcon.colcon_core.shell:Creating environment hook '/home/xavier/Developer/aquas-ROS-apriltags/install/aquas_dock_align/share/aquas_dock_align/hook/pythonpath.sh'
[15.906s] Level 1:colcon.colcon_core.environment:checking '/home/xavier/Developer/aquas-ROS-apriltags/install/aquas_dock_align/bin'
[15.908s] Level 1:colcon.colcon_core.environment:create_environment_scripts_only(aquas_dock_align)
[15.910s] INFO:colcon.colcon_core.shell:Creating package script '/home/xavier/Developer/aquas-ROS-apriltags/install/aquas_dock_align/share/aquas_dock_align/package.ps1'
[15.914s] INFO:colcon.colcon_core.shell:Creating package descriptor '/home/xavier/Developer/aquas-ROS-apriltags/install/aquas_dock_align/share/aquas_dock_align/package.dsv'
[15.918s] INFO:colcon.colcon_core.shell:Creating package script '/home/xavier/Developer/aquas-ROS-apriltags/install/aquas_dock_align/share/aquas_dock_align/package.sh'
[15.921s] INFO:colcon.colcon_core.shell:Creating package script '/home/xavier/Developer/aquas-ROS-apriltags/install/aquas_dock_align/share/aquas_dock_align/package.bash'
[15.924s] INFO:colcon.colcon_core.shell:Creating package script '/home/xavier/Developer/aquas-ROS-apriltags/install/aquas_dock_align/share/aquas_dock_align/package.zsh'
[15.928s] Level 1:colcon.colcon_core.environment:create_file_with_runtime_dependencies(/home/xavier/Developer/aquas-ROS-apriltags/install/aquas_dock_align/share/colcon-core/packages/aquas_dock_align)
[16.093s] Level 1:colcon.colcon_core.shell:create_environment_hook('aquas_camera_bringup', 'pythonpath_develop')
[16.095s] INFO:colcon.colcon_core.shell:Creating environment hook '/home/xavier/Developer/aquas-ROS-apriltags/build/aquas_camera_bringup/share/aquas_camera_bringup/hook/pythonpath_develop.ps1'
[16.096s] DEBUG:colcon.colcon_core.event_handler.log_command:Invoked command in '/home/xavier/Developer/aquas-ROS-apriltags/build/aquas_camera_bringup' returned '0': PYTHONPATH=/home/xavier/Developer/aquas-ROS-apriltags/build/aquas_camera_bringup/prefix_override:/usr/lib/python3/dist-packages/colcon_core/task/python/colcon_distutils_commands:/home/xavier/Developer/aquas-ROS-apriltags/install/aquas_camera_bringup/lib/python3.10/site-packages:${PYTHONPATH} /usr/bin/python3 -W ignore:setup.py install is deprecated -W ignore:easy_install command is deprecated setup.py develop --editable --build-directory /home/xavier/Developer/aquas-ROS-apriltags/build/aquas_camera_bringup/build --no-deps symlink_data
[16.099s] INFO:colcon.colcon_core.shell:Creating environment descriptor '/home/xavier/Developer/aquas-ROS-apriltags/build/aquas_camera_bringup/share/aquas_camera_bringup/hook/pythonpath_develop.dsv'
[16.101s] INFO:colcon.colcon_core.shell:Creating environment hook '/home/xavier/Developer/aquas-ROS-apriltags/build/aquas_camera_bringup/share/aquas_camera_bringup/hook/pythonpath_develop.sh'
[16.105s] Level 1:colcon.colcon_core.environment:checking '/home/xavier/Developer/aquas-ROS-apriltags/install/aquas_camera_bringup' for CMake module files
[16.107s] Level 1:colcon.colcon_core.environment:checking '/home/xavier/Developer/aquas-ROS-apriltags/install/aquas_camera_bringup' for CMake config files
[16.111s] Level 1:colcon.colcon_core.environment:checking '/home/xavier/Developer/aquas-ROS-apriltags/install/aquas_camera_bringup/lib'
[16.112s] Level 1:colcon.colcon_core.environment:checking '/home/xavier/Developer/aquas-ROS-apriltags/install/aquas_camera_bringup/bin'
[16.113s] Level 1:colcon.colcon_core.environment:checking '/home/xavier/Developer/aquas-ROS-apriltags/install/aquas_camera_bringup/lib/pkgconfig/aquas_camera_bringup.pc'
[16.114s] Level 1:colcon.colcon_core.environment:checking '/home/xavier/Developer/aquas-ROS-apriltags/install/aquas_camera_bringup/lib/python3.10/site-packages'
[16.114s] Level 1:colcon.colcon_core.shell:create_environment_hook('aquas_camera_bringup', 'pythonpath')
[16.115s] INFO:colcon.colcon_core.shell:Creating environment hook '/home/xavier/Developer/aquas-ROS-apriltags/install/aquas_camera_bringup/share/aquas_camera_bringup/hook/pythonpath.ps1'
[16.118s] INFO:colcon.colcon_core.shell:Creating environment descriptor '/home/xavier/Developer/aquas-ROS-apriltags/install/aquas_camera_bringup/share/aquas_camera_bringup/hook/pythonpath.dsv'
[16.120s] INFO:colcon.colcon_core.shell:Creating environment hook '/home/xavier/Developer/aquas-ROS-apriltags/install/aquas_camera_bringup/share/aquas_camera_bringup/hook/pythonpath.sh'
[16.125s] Level 1:colcon.colcon_core.environment:checking '/home/xavier/Developer/aquas-ROS-apriltags/install/aquas_camera_bringup/bin'
[16.125s] Level 1:colcon.colcon_core.environment:create_environment_scripts_only(aquas_camera_bringup)
[16.127s] INFO:colcon.colcon_core.shell:Creating package script '/home/xavier/Developer/aquas-ROS-apriltags/install/aquas_camera_bringup/share/aquas_camera_bringup/package.ps1'
[16.130s] INFO:colcon.colcon_core.shell:Creating package descriptor '/home/xavier/Developer/aquas-ROS-apriltags/install/aquas_camera_bringup/share/aquas_camera_bringup/package.dsv'
[16.133s] INFO:colcon.colcon_core.shell:Creating package script '/home/xavier/Developer/aquas-ROS-apriltags/install/aquas_camera_bringup/share/aquas_camera_bringup/package.sh'
[16.136s] INFO:colcon.colcon_core.shell:Creating package script '/home/xavier/Developer/aquas-ROS-apriltags/install/aquas_camera_bringup/share/aquas_camera_bringup/package.bash'
[16.139s] INFO:colcon.colcon_core.shell:Creating package script '/home/xavier/Developer/aquas-ROS-apriltags/install/aquas_camera_bringup/share/aquas_camera_bringup/package.zsh'
[16.141s] Level 1:colcon.colcon_core.environment:create_file_with_runtime_dependencies(/home/xavier/Developer/aquas-ROS-apriltags/install/aquas_camera_bringup/share/colcon-core/packages/aquas_camera_bringup)
[17.631s] Level 1:colcon.colcon_core.shell:create_environment_hook('camera_info_manager_py', 'pythonpath_develop')
[17.632s] INFO:colcon.colcon_core.shell:Creating environment hook '/home/xavier/Developer/aquas-ROS-apriltags/build/camera_info_manager_py/share/camera_info_manager_py/hook/pythonpath_develop.ps1'
[17.634s] DEBUG:colcon.colcon_core.event_handler.log_command:Invoked command in '/home/xavier/Developer/aquas-ROS-apriltags/build/camera_info_manager_py' returned '0': PYTHONPATH=/home/xavier/Developer/aquas-ROS-apriltags/build/camera_info_manager_py/prefix_override:/usr/lib/python3/dist-packages/colcon_core/task/python/colcon_distutils_commands:/home/xavier/Developer/aquas-ROS-apriltags/install/camera_info_manager_py/lib/python3.10/site-packages:${PYTHONPATH} /usr/bin/python3 -W ignore:setup.py install is deprecated -W ignore:easy_install command is deprecated setup.py develop --editable --build-directory /home/xavier/Developer/aquas-ROS-apriltags/build/camera_info_manager_py/build --no-deps symlink_data
[17.636s] INFO:colcon.colcon_core.shell:Creating environment descriptor '/home/xavier/Developer/aquas-ROS-apriltags/build/camera_info_manager_py/share/camera_info_manager_py/hook/pythonpath_develop.dsv'
[17.638s] INFO:colcon.colcon_core.shell:Creating environment hook '/home/xavier/Developer/aquas-ROS-apriltags/build/camera_info_manager_py/share/camera_info_manager_py/hook/pythonpath_develop.sh'
[17.642s] Level 1:colcon.colcon_core.environment:checking '/home/xavier/Developer/aquas-ROS-apriltags/install/camera_info_manager_py' for CMake module files
[17.645s] Level 1:colcon.colcon_core.environment:checking '/home/xavier/Developer/aquas-ROS-apriltags/install/camera_info_manager_py' for CMake config files
[17.649s] Level 1:colcon.colcon_core.environment:checking '/home/xavier/Developer/aquas-ROS-apriltags/install/camera_info_manager_py/lib'
[17.649s] Level 1:colcon.colcon_core.environment:checking '/home/xavier/Developer/aquas-ROS-apriltags/install/camera_info_manager_py/bin'
[17.649s] Level 1:colcon.colcon_core.environment:checking '/home/xavier/Developer/aquas-ROS-apriltags/install/camera_info_manager_py/lib/pkgconfig/camera_info_manager_py.pc'
[17.650s] Level 1:colcon.colcon_core.environment:checking '/home/xavier/Developer/aquas-ROS-apriltags/install/camera_info_manager_py/lib/python3.10/site-packages'
[17.651s] Level 1:colcon.colcon_core.shell:create_environment_hook('camera_info_manager_py', 'pythonpath')
[17.652s] INFO:colcon.colcon_core.shell:Creating environment hook '/home/xavier/Developer/aquas-ROS-apriltags/install/camera_info_manager_py/share/camera_info_manager_py/hook/pythonpath.ps1'
[17.655s] INFO:colcon.colcon_core.shell:Creating environment descriptor '/home/xavier/Developer/aquas-ROS-apriltags/install/camera_info_manager_py/share/camera_info_manager_py/hook/pythonpath.dsv'
[17.657s] INFO:colcon.colcon_core.shell:Creating environment hook '/home/xavier/Developer/aquas-ROS-apriltags/install/camera_info_manager_py/share/camera_info_manager_py/hook/pythonpath.sh'
[17.660s] Level 1:colcon.colcon_core.environment:checking '/home/xavier/Developer/aquas-ROS-apriltags/install/camera_info_manager_py/bin'
[17.661s] Level 1:colcon.colcon_core.environment:create_environment_scripts_only(camera_info_manager_py)
[17.662s] INFO:colcon.colcon_core.shell:Creating package script '/home/xavier/Developer/aquas-ROS-apriltags/install/camera_info_manager_py/share/camera_info_manager_py/package.ps1'
[17.665s] INFO:colcon.colcon_core.shell:Creating package descriptor '/home/xavier/Developer/aquas-ROS-apriltags/install/camera_info_manager_py/share/camera_info_manager_py/package.dsv'
[17.668s] INFO:colcon.colcon_core.shell:Creating package script '/home/xavier/Developer/aquas-ROS-apriltags/install/camera_info_manager_py/share/camera_info_manager_py/package.sh'
[17.670s] INFO:colcon.colcon_core.shell:Creating package script '/home/xavier/Developer/aquas-ROS-apriltags/install/camera_info_manager_py/share/camera_info_manager_py/package.bash'
[17.673s] INFO:colcon.colcon_core.shell:Creating package script '/home/xavier/Developer/aquas-ROS-apriltags/install/camera_info_manager_py/share/camera_info_manager_py/package.zsh'
[17.675s] Level 1:colcon.colcon_core.environment:create_file_with_runtime_dependencies(/home/xavier/Developer/aquas-ROS-apriltags/install/camera_info_manager_py/share/colcon-core/packages/camera_info_manager_py)
[17.676s] DEBUG:colcon.colcon_parallel_executor.executor.parallel:closing loop
[17.678s] DEBUG:colcon.colcon_parallel_executor.executor.parallel:loop closed
[17.678s] DEBUG:colcon.colcon_parallel_executor.executor.parallel:run_until_complete finished with '0'
[17.678s] DEBUG:colcon.colcon_core.event_reactor:joining thread
[17.707s] INFO:colcon.colcon_core.plugin_system:Skipping extension 'colcon_notification.desktop_notification.terminal_notifier': Not used on non-Darwin systems
[17.707s] INFO:colcon.colcon_core.plugin_system:Skipping extension 'colcon_notification.desktop_notification.win32': Not used on non-Windows systems
[17.708s] INFO:colcon.colcon_notification.desktop_notification:Sending desktop notification using 'notify2'
[17.763s] DEBUG:colcon.colcon_core.event_reactor:joined thread
[17.765s] INFO:colcon.colcon_core.shell:Creating prefix script '/home/xavier/Developer/aquas-ROS-apriltags/install/local_setup.ps1'
[17.770s] INFO:colcon.colcon_core.shell:Creating prefix util module '/home/xavier/Developer/aquas-ROS-apriltags/install/_local_setup_util_ps1.py'
[17.779s] INFO:colcon.colcon_core.shell:Creating prefix chain script '/home/xavier/Developer/aquas-ROS-apriltags/install/setup.ps1'
[17.789s] INFO:colcon.colcon_core.shell:Creating prefix script '/home/xavier/Developer/aquas-ROS-apriltags/install/local_setup.sh'
[17.793s] INFO:colcon.colcon_core.shell:Creating prefix util module '/home/xavier/Developer/aquas-ROS-apriltags/install/_local_setup_util_sh.py'
[17.797s] INFO:colcon.colcon_core.shell:Creating prefix chain script '/home/xavier/Developer/aquas-ROS-apriltags/install/setup.sh'
[17.809s] INFO:colcon.colcon_core.shell:Creating prefix script '/home/xavier/Developer/aquas-ROS-apriltags/install/local_setup.bash'
[17.812s] INFO:colcon.colcon_core.shell:Creating prefix chain script '/home/xavier/Developer/aquas-ROS-apriltags/install/setup.bash'
[17.821s] INFO:colcon.colcon_core.shell:Creating prefix script '/home/xavier/Developer/aquas-ROS-apriltags/install/local_setup.zsh'
[17.825s] INFO:colcon.colcon_core.shell:Creating prefix chain script '/home/xavier/Developer/aquas-ROS-apriltags/install/setup.zsh'
